enterprise_id,gst_score,upi_score,aa_score,epfo_score,overall_score,risk_tier,confidence,actual_default
MSME100000,56.0,69.9,,,61.8,B - Moderate,2/4,0
MSME100001,75.9,85.0,73.9,,77.8,A - Strong,3/4,0
MSME100002,69.8,72.3,,,70.8,B - Moderate,2/4,0
MSME100003,41.0,59.6,,,48.8,C - Weak,2/4,0
MSME100004,,54.6,58.8,,56.9,B - Moderate,2/4,0
MSME100005,85.7,78.7,88.2,92.2,85.3,A - Strong,4/4,1
MSME100006,76.9,78.0,,47.7,73.1,B - Moderate,3/4,0
MSME100007,,64.7,72.5,85.5,71.5,B - Moderate,3/4,0
MSME100008,41.3,42.5,44.7,,42.8,C - Weak,3/4,0
MSME100009,,66.3,51.3,,58.1,B - Moderate,2/4,0
MSME100010,58.3,44.9,,,52.7,C - Weak,2/4,0
MSME100011,84.1,,92.6,,88.0,A - Strong,2/4,0
MSME100012,67.8,70.6,,,69.0,B - Moderate,2/4,0
MSME100013,,68.6,75.0,73.6,72.3,B - Moderate,3/4,0
MSME100014,,62.6,69.2,,66.2,B - Moderate,2/4,0
MSME100015,45.3,53.1,,,48.5,C - Weak,2/4,0
MSME100016,,58.9,61.1,51.7,58.8,B - Moderate,3/4,0
MSME100017,,42.9,,,42.9,C - Weak,1/4,0
MSME100018,,86.2,,88.6,86.9,A - Strong,2/4,0
MSME100019,40.6,54.0,,,46.2,C - Weak,2/4,0
MSME100020,52.2,,,,52.2,C - Weak,1/4,0
MSME100021,46.8,38.9,,,43.5,C - Weak,2/4,0
MSME100022,89.5,92.8,85.2,93.1,89.4,A - Strong,4/4,0
MSME100023,72.5,,80.6,,76.2,A - Strong,2/4,0
MSME100024,,70.3,66.9,,68.4,B - Moderate,2/4,0
MSME100025,,23.8,,22.0,23.3,D - High Risk,2/4,1
MSME100026,,49.0,,,49.0,C - Weak,1/4,0
MSME100027,,31.7,,,31.7,D - High Risk,1/4,1
MSME100028,90.4,92.6,,,91.3,A - Strong,2/4,0
MSME100029,88.8,88.7,,88.9,88.8,A - Strong,3/4,0
MSME100030,88.8,84.0,82.2,79.3,84.7,A - Strong,4/4,0
MSME100031,75.5,73.7,72.4,,74.0,B - Moderate,3/4,0
MSME100032,,22.9,,,22.9,D - High Risk,1/4,1
MSME100033,,79.5,,,79.5,A - Strong,1/4,0
MSME100034,36.1,27.0,,,32.3,D - High Risk,2/4,0
MSME100035,63.8,74.8,,,68.4,B - Moderate,2/4,0
MSME100036,47.4,51.6,38.1,,45.5,C - Weak,3/4,0
MSME100037,31.9,,27.1,,29.7,D - High Risk,2/4,0
MSME100038,39.2,32.0,,36.6,36.3,C - Weak,3/4,0
MSME100039,,,52.5,,52.5,C - Weak,1/4,0
MSME100040,28.4,39.2,,,32.9,D - High Risk,2/4,0
MSME100041,80.0,,,,80.0,A - Strong,1/4,0
MSME100042,59.4,,47.7,57.0,54.4,C - Weak,3/4,0
MSME100043,60.2,66.3,69.5,,65.0,B - Moderate,3/4,0
MSME100044,62.7,,80.1,,70.7,B - Moderate,2/4,0
MSME100045,91.7,91.3,,,91.5,A - Strong,2/4,0
MSME100046,87.6,85.7,79.3,,84.3,A - Strong,3/4,0
MSME100047,,56.0,63.3,,60.0,B - Moderate,2/4,0
MSME100048,74.8,74.2,82.1,89.9,78.3,A - Strong,4/4,0
MSME100049,64.8,63.3,66.2,,64.9,B - Moderate,3/4,0
MSME100050,,57.2,43.2,,49.6,C - Weak,2/4,0
MSME100051,,61.1,,,61.1,B - Moderate,1/4,0
MSME100052,91.1,87.8,91.8,93.7,90.7,A - Strong,4/4,0
MSME100053,72.3,70.5,69.3,,70.8,B - Moderate,3/4,0
MSME100054,77.1,73.2,80.4,,77.1,A - Strong,3/4,0
MSME100055,42.8,,68.1,41.5,52.7,C - Weak,3/4,0
MSME100056,,81.2,70.6,,75.4,A - Strong,2/4,0
MSME100057,83.7,85.1,86.4,,85.0,A - Strong,3/4,0
MSME100058,,22.7,18.5,,20.4,D - High Risk,2/4,0
MSME100059,37.8,29.7,,45.6,36.0,C - Weak,3/4,1
MSME100060,68.2,77.5,72.9,69.1,72.0,B - Moderate,4/4,0
MSME100061,87.0,90.9,,,88.6,A - Strong,2/4,0
MSME100062,39.4,37.3,38.4,,38.5,C - Weak,3/4,0
MSME100063,77.8,71.0,71.3,76.4,74.0,B - Moderate,4/4,1
MSME100064,39.5,43.2,,,41.0,C - Weak,2/4,1
MSME100065,29.5,33.3,,22.3,29.8,D - High Risk,3/4,1
MSME100066,64.9,81.7,,,71.9,B - Moderate,2/4,0
MSME100067,25.4,43.2,,,32.8,D - High Risk,2/4,0
MSME100068,71.7,64.9,77.0,,71.6,B - Moderate,3/4,0
MSME100069,,56.8,65.5,,61.5,B - Moderate,2/4,0
MSME100070,44.7,46.2,53.4,,48.0,C - Weak,3/4,0
MSME100071,59.6,57.7,72.5,87.3,65.8,B - Moderate,4/4,0
MSME100072,42.6,,65.5,60.9,54.2,C - Weak,3/4,0
MSME100073,73.8,86.8,87.3,,81.9,A - Strong,3/4,0
MSME100074,,,46.8,37.3,44.4,C - Weak,2/4,0
MSME100075,48.0,55.6,43.0,,48.4,C - Weak,3/4,0
MSME100076,,44.3,40.6,39.5,41.9,C - Weak,3/4,0
MSME100077,23.5,,22.6,20.9,22.8,D - High Risk,3/4,1
MSME100078,,42.5,,29.7,38.8,C - Weak,2/4,0
MSME100079,84.1,86.6,,,85.1,A - Strong,2/4,0
MSME100080,64.7,59.6,48.0,,57.7,B - Moderate,3/4,0
MSME100081,47.7,56.6,,,51.4,C - Weak,2/4,0
MSME100082,76.4,77.8,,,77.0,A - Strong,2/4,0
MSME100083,,71.0,,,71.0,B - Moderate,1/4,0
MSME100084,,51.3,48.8,,49.9,C - Weak,2/4,0
MSME100085,,42.9,,,42.9,C - Weak,1/4,0
MSME100086,85.5,91.0,91.5,89.4,89.1,A - Strong,4/4,0
MSME100087,,25.3,,19.2,23.6,D - High Risk,2/4,0
MSME100088,,18.5,,,18.5,D - High Risk,1/4,1
MSME100089,,38.2,,,38.2,C - Weak,1/4,0
MSME100090,,68.7,,,68.7,B - Moderate,1/4,0
MSME100091,30.5,37.4,31.0,,32.6,D - High Risk,3/4,1
MSME100092,,,,,,Unscoreable,0/4,1
MSME100093,33.5,54.9,,,42.4,C - Weak,2/4,0
MSME100094,21.7,,17.1,19.8,19.6,D - High Risk,3/4,1
MSME100095,39.2,,,,39.2,C - Weak,1/4,0
MSME100096,61.0,81.4,,,69.5,B - Moderate,2/4,0
MSME100097,,62.6,36.8,45.9,48.1,C - Weak,3/4,0
MSME100098,,57.0,60.4,,58.9,B - Moderate,2/4,0
MSME100099,80.4,88.2,,88.1,84.3,A - Strong,3/4,0
MSME100100,83.2,90.6,82.3,79.2,84.4,A - Strong,4/4,0
MSME100101,82.0,,,,82.0,A - Strong,1/4,0
MSME100102,,31.8,42.6,57.4,40.7,C - Weak,3/4,0
MSME100103,74.4,64.3,,69.7,70.1,B - Moderate,3/4,0
MSME100104,,70.0,86.6,,79.1,A - Strong,2/4,0
MSME100105,53.3,,61.9,,57.3,B - Moderate,2/4,0
MSME100106,76.8,80.4,,,78.3,A - Strong,2/4,1
MSME100107,40.7,,36.9,,38.9,C - Weak,2/4,0
MSME100108,35.9,45.4,,,39.9,C - Weak,2/4,0
MSME100109,46.2,72.5,50.6,,55.0,B - Moderate,3/4,0
MSME100110,,26.0,,,26.0,D - High Risk,1/4,0
MSME100111,77.3,87.2,83.3,,82.1,A - Strong,3/4,1
MSME100112,,34.5,,,34.5,D - High Risk,1/4,1
MSME100113,,51.8,,,51.8,C - Weak,1/4,0
MSME100114,76.4,68.5,55.9,,67.4,B - Moderate,3/4,0
MSME100115,,27.2,35.1,,31.5,D - High Risk,2/4,0
MSME100116,38.6,,,,38.6,C - Weak,1/4,0
MSME100117,79.5,76.4,67.1,,74.5,B - Moderate,3/4,0
MSME100118,38.5,,,,38.5,C - Weak,1/4,0
MSME100119,67.6,,50.1,,59.5,B - Moderate,2/4,0
MSME100120,81.6,83.4,,72.0,80.9,A - Strong,3/4,0
MSME100121,,,36.9,48.9,39.9,C - Weak,2/4,0
MSME100122,,58.7,,,58.7,B - Moderate,1/4,0
MSME100123,82.7,86.2,90.5,,86.3,A - Strong,3/4,0
MSME100124,82.2,83.4,,91.1,83.9,A - Strong,3/4,0
MSME100125,,24.0,,,24.0,D - High Risk,1/4,0
MSME100126,79.5,79.4,,,79.5,A - Strong,2/4,0
MSME100127,,20.6,,,20.6,D - High Risk,1/4,1
MSME100128,74.2,82.9,,,77.8,A - Strong,2/4,0
MSME100129,43.3,46.0,,,44.4,C - Weak,2/4,1
MSME100130,,84.8,,,84.8,A - Strong,1/4,0
MSME100131,91.3,89.4,91.4,92.8,91.0,A - Strong,4/4,0
MSME100132,61.5,51.9,,59.9,57.8,B - Moderate,3/4,0
MSME100133,,22.4,21.6,,22.0,D - High Risk,2/4,0
MSME100134,,36.5,36.8,,36.7,C - Weak,2/4,0
MSME100135,,89.3,,,89.3,A - Strong,1/4,0
MSME100136,89.9,88.6,88.8,94.2,89.7,A - Strong,4/4,0
MSME100137,,45.1,,78.5,54.6,C - Weak,2/4,0
MSME100138,66.5,,77.0,74.9,71.8,B - Moderate,3/4,1
MSME100139,80.3,83.5,,,81.6,A - Strong,2/4,0
MSME100140,,65.6,,,65.6,B - Moderate,1/4,0
MSME100141,,32.3,,,32.3,D - High Risk,1/4,0
MSME100142,76.3,89.6,,68.3,79.9,A - Strong,3/4,0
MSME100143,32.6,25.7,,,29.7,D - High Risk,2/4,0
MSME100144,,20.6,26.3,,23.7,D - High Risk,2/4,0
MSME100145,,68.3,76.1,,72.6,B - Moderate,2/4,0
MSME100146,82.1,87.4,,,84.3,A - Strong,2/4,0
MSME100147,,27.4,,,27.4,D - High Risk,1/4,0
MSME100148,,37.0,55.1,,46.9,C - Weak,2/4,0
MSME100149,,67.5,65.0,90.2,69.8,B - Moderate,3/4,0
MSME100150,86.8,93.0,92.0,,90.3,A - Strong,3/4,0
MSME100151,69.7,,83.3,,76.0,A - Strong,2/4,0
MSME100152,53.5,62.2,69.0,,61.1,B - Moderate,3/4,0
MSME100153,85.4,80.9,88.3,,85.1,A - Strong,3/4,0
MSME100154,42.1,62.3,63.3,,54.8,C - Weak,3/4,0
MSME100155,64.1,,,62.6,63.8,B - Moderate,2/4,0
MSME100156,,56.3,54.5,,55.3,B - Moderate,2/4,0
MSME100157,29.2,34.9,,23.8,30.5,D - High Risk,3/4,0
MSME100158,61.8,71.1,59.8,,63.7,B - Moderate,3/4,0
MSME100159,62.5,70.4,75.7,,69.1,B - Moderate,3/4,0
MSME100160,,64.0,,,64.0,B - Moderate,1/4,0
MSME100161,84.1,79.7,76.3,,80.3,A - Strong,3/4,0
MSME100162,,53.1,,,53.1,C - Weak,1/4,0
MSME100163,,51.2,,69.6,56.5,B - Moderate,2/4,0
MSME100164,,56.3,,,56.3,B - Moderate,1/4,0
MSME100165,58.5,56.8,,60.7,58.2,B - Moderate,3/4,1
MSME100166,54.5,81.3,62.8,59.4,64.2,B - Moderate,4/4,0
MSME100167,83.5,82.3,90.5,,85.5,A - Strong,3/4,0
MSME100168,27.0,36.4,26.4,,29.4,D - High Risk,3/4,1
MSME100169,74.7,,,68.7,73.4,B - Moderate,2/4,0
MSME100170,,29.9,,,29.9,D - High Risk,1/4,1
MSME100171,,54.9,75.8,61.1,65.5,B - Moderate,3/4,0
MSME100172,87.4,83.0,,,85.6,A - Strong,2/4,0
MSME100173,87.8,92.8,87.9,93.7,89.7,A - Strong,4/4,0
MSME100174,,33.1,,,33.1,D - High Risk,1/4,0
MSME100175,,51.8,40.2,,45.5,C - Weak,2/4,0
MSME100176,40.8,47.6,,,43.6,C - Weak,2/4,1
MSME100177,66.9,64.2,56.8,62.9,62.8,B - Moderate,4/4,0
MSME100178,34.5,66.2,55.8,35.1,48.9,C - Weak,4/4,0
MSME100179,,44.9,,,44.9,C - Weak,1/4,0
MSME100180,69.3,86.3,81.0,,77.9,A - Strong,3/4,0
MSME100181,62.7,,75.6,57.5,67.2,B - Moderate,3/4,0
MSME100182,,40.5,45.2,,43.1,C - Weak,2/4,0
MSME100183,71.2,82.1,76.4,,76.0,A - Strong,3/4,0
MSME100184,47.3,,35.8,48.9,42.9,C - Weak,3/4,0
MSME100185,,55.8,,51.8,54.7,C - Weak,2/4,1
MSME100186,,66.0,64.8,,65.3,B - Moderate,2/4,0
MSME100187,,29.5,22.2,,25.5,D - High Risk,2/4,0
MSME100188,,,,,,Unscoreable,0/4,0
MSME100189,35.0,40.6,47.5,,40.7,C - Weak,3/4,0
MSME100190,50.3,,53.8,,51.9,C - Weak,2/4,1
MSME100191,61.7,55.4,,,59.1,B - Moderate,2/4,0
MSME100192,21.6,22.0,40.5,,28.0,D - High Risk,3/4,1
MSME100193,86.0,92.5,79.3,82.4,85.3,A - Strong,4/4,0
MSME100194,45.1,,,,45.1,C - Weak,1/4,0
MSME100195,87.1,80.6,,,84.4,A - Strong,2/4,0
MSME100196,41.1,59.3,,,48.7,C - Weak,2/4,0
MSME100197,67.5,78.5,73.2,57.6,71.0,B - Moderate,4/4,0
MSME100198,,51.1,70.4,,61.6,B - Moderate,2/4,0
MSME100199,,37.8,,,37.8,C - Weak,1/4,0
MSME100200,52.2,55.0,,,53.4,C - Weak,2/4,0
MSME100201,,,50.2,57.8,52.1,C - Weak,2/4,0
MSME100202,58.2,59.8,76.0,,64.6,B - Moderate,3/4,0
MSME100203,,,,,,Unscoreable,0/4,0
MSME100204,60.4,70.6,,,64.6,B - Moderate,2/4,0
MSME100205,82.2,72.1,,,78.0,A - Strong,2/4,0
MSME100206,47.7,65.9,,,55.3,B - Moderate,2/4,0
MSME100207,36.0,,,,36.0,C - Weak,1/4,0
MSME100208,61.8,73.9,,,66.8,B - Moderate,2/4,0
MSME100209,52.6,79.4,,,63.8,B - Moderate,2/4,0
MSME100210,22.8,,,,22.8,D - High Risk,1/4,1
MSME100211,87.7,87.0,,68.6,84.7,A - Strong,3/4,0
MSME100212,,53.5,,81.4,61.5,B - Moderate,2/4,0
MSME100213,,73.7,82.1,,78.3,A - Strong,2/4,0
MSME100214,51.4,65.6,,,57.3,B - Moderate,2/4,0
MSME100215,91.7,93.6,,92.9,92.6,A - Strong,3/4,0
MSME100216,44.7,39.4,,,42.5,C - Weak,2/4,0
MSME100217,46.6,52.2,33.2,,43.7,C - Weak,3/4,0
MSME100218,,49.1,,39.5,46.4,C - Weak,2/4,0
MSME100219,74.1,79.5,,,76.3,A - Strong,2/4,0
MSME100220,,37.3,,,37.3,C - Weak,1/4,1
MSME100221,57.4,70.1,67.4,,64.3,B - Moderate,3/4,0
MSME100222,,44.1,60.5,48.3,52.3,C - Weak,3/4,0
MSME100223,,,73.5,86.3,76.7,A - Strong,2/4,1
MSME100224,36.5,51.3,,,42.7,C - Weak,2/4,0
MSME100225,54.0,,,50.1,53.1,C - Weak,2/4,0
MSME100226,86.4,93.7,,88.4,89.3,A - Strong,3/4,0
MSME100227,72.7,87.2,,,78.7,A - Strong,2/4,0
MSME100228,67.0,,,71.9,68.1,B - Moderate,2/4,0
MSME100229,51.4,50.2,67.1,,56.3,B - Moderate,3/4,0
MSME100230,,66.2,90.7,,79.6,A - Strong,2/4,0
MSME100231,,,42.7,,42.7,C - Weak,1/4,0
MSME100232,88.2,,88.1,,88.2,A - Strong,2/4,0
MSME100233,70.8,66.8,46.6,,61.6,B - Moderate,3/4,0
MSME100234,,59.5,82.5,80.1,73.3,B - Moderate,3/4,0
MSME100235,84.3,81.7,76.4,,80.9,A - Strong,3/4,0
MSME100236,54.8,47.3,,,51.7,C - Weak,2/4,0
MSME100237,,75.9,,66.9,73.3,B - Moderate,2/4,0
MSME100238,,55.0,,,55.0,B - Moderate,1/4,1
MSME100239,,50.4,,,50.4,C - Weak,1/4,0
MSME100240,88.1,,90.7,91.1,89.5,A - Strong,3/4,0
MSME100241,,26.1,,37.5,29.4,D - High Risk,2/4,0
MSME100242,,24.4,,,24.4,D - High Risk,1/4,1
MSME100243,75.7,78.4,,,76.8,A - Strong,2/4,0
MSME100244,,27.9,33.3,,30.8,D - High Risk,2/4,0
MSME100245,63.5,,,,63.5,B - Moderate,1/4,0
MSME100246,,75.7,54.2,,64.0,B - Moderate,2/4,0
MSME100247,38.6,46.6,66.3,,50.1,C - Weak,3/4,0
MSME100248,,48.7,,,48.7,C - Weak,1/4,0
MSME100249,,60.6,,,60.6,B - Moderate,1/4,0
MSME100250,22.4,,,,22.4,D - High Risk,1/4,1
MSME100251,,74.6,47.8,,60.0,B - Moderate,2/4,0
MSME100252,29.2,,,,29.2,D - High Risk,1/4,0
MSME100253,45.4,49.9,,,47.3,C - Weak,2/4,0
MSME100254,87.0,82.9,78.0,,82.9,A - Strong,3/4,0
MSME100255,71.8,,,76.5,72.8,B - Moderate,2/4,0
MSME100256,69.8,66.9,,,68.6,B - Moderate,2/4,0
MSME100257,29.1,32.4,,29.4,30.3,D - High Risk,3/4,1
MSME100258,,54.7,,,54.7,C - Weak,1/4,1
MSME100259,,42.2,37.6,52.2,41.6,C - Weak,3/4,0
MSME100260,,24.1,,19.4,22.8,D - High Risk,2/4,0
MSME100261,87.1,,89.9,,88.4,A - Strong,2/4,0
MSME100262,,31.3,52.3,,42.8,C - Weak,2/4,0
MSME100263,,26.1,31.1,,28.8,D - High Risk,2/4,1
MSME100264,,30.2,40.5,,35.8,C - Weak,2/4,1
MSME100265,,33.9,,,33.9,D - High Risk,1/4,0
MSME100266,86.2,82.1,,92.8,85.7,A - Strong,3/4,0
MSME100267,78.5,91.4,,74.5,82.5,A - Strong,3/4,0
MSME100268,37.2,33.2,40.2,,37.1,C - Weak,3/4,0
MSME100269,,33.5,,,33.5,D - High Risk,1/4,0
MSME100270,40.4,46.7,,,43.0,C - Weak,2/4,1
MSME100271,,57.2,,,57.2,B - Moderate,1/4,0
MSME100272,,39.8,46.6,,43.5,C - Weak,2/4,0
MSME100273,33.7,31.4,32.1,,32.5,D - High Risk,3/4,0
MSME100274,43.0,,69.5,,55.2,B - Moderate,2/4,0
MSME100275,66.2,80.6,,,72.2,B - Moderate,2/4,0
MSME100276,79.3,80.2,,,79.7,A - Strong,2/4,0
MSME100277,,80.1,73.2,,76.3,A - Strong,2/4,0
MSME100278,,62.3,63.7,,63.1,B - Moderate,2/4,0
MSME100279,72.9,,88.5,,80.1,A - Strong,2/4,0
MSME100280,,43.1,54.3,,49.2,C - Weak,2/4,1
MSME100281,52.6,57.5,51.6,72.1,55.5,B - Moderate,4/4,0
MSME100282,88.1,89.2,88.1,,88.4,A - Strong,3/4,0
MSME100283,38.9,44.0,37.7,,39.9,C - Weak,3/4,0
MSME100284,21.2,25.7,,,23.1,D - High Risk,2/4,0
MSME100285,35.6,34.3,,,35.1,C - Weak,2/4,1
MSME100286,47.3,47.4,53.3,,49.3,C - Weak,3/4,0
MSME100287,,34.7,,19.9,30.5,D - High Risk,2/4,1
MSME100288,,44.8,45.6,64.1,48.1,C - Weak,3/4,0
MSME100289,,84.3,79.7,,81.8,A - Strong,2/4,0
MSME100290,69.6,82.4,81.1,94.1,78.7,A - Strong,4/4,0
MSME100291,,29.7,,,29.7,D - High Risk,1/4,0
MSME100292,76.2,86.8,,86.2,81.4,A - Strong,3/4,0
MSME100293,,67.8,,,67.8,B - Moderate,1/4,0
MSME100294,49.2,,,50.7,49.5,C - Weak,2/4,0
MSME100295,31.7,38.2,,36.9,34.8,D - High Risk,3/4,0
MSME100296,42.7,,74.5,73.2,59.5,B - Moderate,3/4,0
MSME100297,71.8,,,69.6,71.3,B - Moderate,2/4,0
MSME100298,85.3,89.8,77.3,64.8,82.0,A - Strong,4/4,0
MSME100299,,85.6,84.4,88.3,85.5,A - Strong,3/4,0
MSME100300,,,77.5,,77.5,A - Strong,1/4,1
MSME100301,88.3,92.8,,,90.2,A - Strong,2/4,0
MSME100302,42.5,64.8,,,51.8,C - Weak,2/4,0
MSME100303,50.8,39.2,41.2,,44.4,C - Weak,3/4,0
MSME100304,48.2,80.2,61.0,,61.4,B - Moderate,3/4,0
MSME100305,17.7,23.1,27.3,,22.4,D - High Risk,3/4,0
MSME100306,,84.5,67.3,,75.1,A - Strong,2/4,0
MSME100307,47.0,67.2,44.3,,51.7,C - Weak,3/4,0
MSME100308,,21.1,,16.9,19.9,D - High Risk,2/4,1
MSME100309,,60.9,59.2,,60.0,B - Moderate,2/4,0
MSME100310,,62.3,58.0,,60.0,B - Moderate,2/4,0
MSME100311,54.3,68.7,,,60.3,B - Moderate,2/4,0
MSME100312,,34.0,,,34.0,D - High Risk,1/4,0
MSME100313,,46.5,41.3,46.4,44.1,C - Weak,3/4,0
MSME100314,71.5,74.1,,,72.6,B - Moderate,2/4,0
MSME100315,71.0,,84.3,,77.1,A - Strong,2/4,0
MSME100316,,43.1,,,43.1,C - Weak,1/4,0
MSME100317,49.4,66.7,,50.2,55.7,B - Moderate,3/4,0
MSME100318,35.2,47.6,,,40.4,C - Weak,2/4,0
MSME100319,87.8,87.3,,91.8,88.2,A - Strong,3/4,0
MSME100320,,,59.3,48.2,56.5,B - Moderate,2/4,0
MSME100321,,40.6,32.6,,36.2,C - Weak,2/4,0
MSME100322,35.1,36.9,,,35.9,C - Weak,2/4,1
MSME100323,84.7,81.4,74.0,,80.2,A - Strong,3/4,0
MSME100324,26.0,,23.3,,24.8,D - High Risk,2/4,0
MSME100325,84.4,79.2,,91.5,83.6,A - Strong,3/4,0
MSME100326,28.1,28.2,33.7,,30.0,D - High Risk,3/4,1
MSME100327,52.7,42.7,,,48.5,C - Weak,2/4,0
MSME100328,60.3,,70.7,,65.1,B - Moderate,2/4,0
MSME100329,,38.4,48.1,,43.7,C - Weak,2/4,1
MSME100330,82.9,84.4,,92.0,84.7,A - Strong,3/4,0
MSME100331,,,,64.4,64.4,B - Moderate,1/4,0
MSME100332,,36.8,,35.7,36.5,C - Weak,2/4,1
MSME100333,47.9,64.5,45.9,,51.8,C - Weak,3/4,0
MSME100334,,77.4,,,77.4,A - Strong,1/4,0
MSME100335,,48.4,,,48.4,C - Weak,1/4,0
MSME100336,47.7,57.1,,59.5,52.7,C - Weak,3/4,0
MSME100337,85.4,81.2,,89.3,84.5,A - Strong,3/4,0
MSME100338,,38.9,,,38.9,C - Weak,1/4,0
MSME100339,79.5,80.7,82.3,67.5,79.4,A - Strong,4/4,0
MSME100340,,32.4,,,32.4,D - High Risk,1/4,1
MSME100341,,35.9,40.2,70.5,43.2,C - Weak,3/4,1
MSME100342,,46.3,33.7,31.3,38.2,C - Weak,3/4,0
MSME100343,,46.9,37.9,,42.0,C - Weak,2/4,0
MSME100344,65.7,,74.7,76.9,70.8,B - Moderate,3/4,0
MSME100345,47.3,59.3,,,52.3,C - Weak,2/4,0
MSME100346,67.7,54.7,57.1,66.7,61.2,B - Moderate,4/4,0
MSME100347,,32.7,,,32.7,D - High Risk,1/4,1
MSME100348,,60.7,59.4,,60.0,B - Moderate,2/4,1
MSME100349,23.1,36.7,,,28.8,D - High Risk,2/4,1
MSME100350,,57.0,,,57.0,B - Moderate,1/4,0
MSME100351,,57.6,,,57.6,B - Moderate,1/4,0
MSME100352,,61.4,,,61.4,B - Moderate,1/4,1
MSME100353,,,49.2,,49.2,C - Weak,1/4,1
MSME100354,80.4,83.7,82.0,,81.9,A - Strong,3/4,0
MSME100355,87.2,90.5,,,88.6,A - Strong,2/4,0
MSME100356,44.3,55.5,43.1,47.3,47.0,C - Weak,4/4,0
MSME100357,59.4,48.3,58.6,,56.1,B - Moderate,3/4,0
MSME100358,44.0,37.3,,,41.2,C - Weak,2/4,0
MSME100359,,61.4,70.1,,66.1,B - Moderate,2/4,0
MSME100360,35.0,59.4,,,45.2,C - Weak,2/4,0
MSME100361,73.8,88.3,64.8,,74.8,B - Moderate,3/4,1
MSME100362,20.5,,,,20.5,D - High Risk,1/4,0
MSME100363,72.0,75.1,70.8,,72.5,B - Moderate,3/4,0
MSME100364,,81.7,64.9,61.6,70.9,B - Moderate,3/4,0
MSME100365,35.5,51.3,,,42.1,C - Weak,2/4,0
MSME100366,,63.2,82.2,89.8,76.1,A - Strong,3/4,0
MSME100367,,,,51.0,51.0,C - Weak,1/4,0
MSME100368,,46.2,33.2,,39.1,C - Weak,2/4,0
MSME100369,,24.4,,,24.4,D - High Risk,1/4,1
MSME100370,33.9,,31.6,,32.8,D - High Risk,2/4,0
MSME100371,,22.4,,,22.4,D - High Risk,1/4,1
MSME100372,,52.3,71.0,,62.5,B - Moderate,2/4,0
MSME100373,48.4,61.6,,,53.9,C - Weak,2/4,0
MSME100374,,65.5,59.0,,62.0,B - Moderate,2/4,0
MSME100375,70.4,72.5,,,71.3,B - Moderate,2/4,0
MSME100376,58.3,,61.8,60.5,60.0,B - Moderate,3/4,0
MSME100377,,29.3,29.9,,29.6,D - High Risk,2/4,1
MSME100378,,53.5,49.7,,51.4,C - Weak,2/4,0
MSME100379,,63.1,,46.4,58.3,B - Moderate,2/4,0
MSME100380,,41.3,,,41.3,C - Weak,1/4,0
MSME100381,88.5,92.3,91.2,91.2,90.5,A - Strong,4/4,0
MSME100382,50.5,57.9,68.2,,58.5,B - Moderate,3/4,0
MSME100383,,81.4,,,81.4,A - Strong,1/4,0
MSME100384,,26.4,,,26.4,D - High Risk,1/4,0
MSME100385,86.9,89.1,,90.1,88.1,A - Strong,3/4,0
MSME100386,,84.9,,,84.9,A - Strong,1/4,0
MSME100387,89.2,89.6,82.5,91.4,87.5,A - Strong,4/4,0
MSME100388,24.8,21.7,24.6,,23.9,D - High Risk,3/4,0
MSME100389,79.3,78.3,80.6,,79.5,A - Strong,3/4,0
MSME100390,60.1,63.8,75.5,63.4,66.0,B - Moderate,4/4,0
MSME100391,68.9,72.7,86.0,,75.7,A - Strong,3/4,0
MSME100392,86.5,89.3,87.0,,87.4,A - Strong,3/4,0
MSME100393,,,41.5,35.1,39.9,C - Weak,2/4,0
MSME100394,49.6,72.5,,,59.1,B - Moderate,2/4,0
MSME100395,,76.1,86.1,,81.6,A - Strong,2/4,0
MSME100396,,85.4,77.6,,81.1,A - Strong,2/4,0
MSME100397,39.2,33.0,33.5,,35.6,C - Weak,3/4,0
MSME100398,,31.2,,,31.2,D - High Risk,1/4,1
MSME100399,,29.1,,25.6,28.1,D - High Risk,2/4,0
MSME100400,39.3,30.8,,,35.8,C - Weak,2/4,0
MSME100401,,86.2,84.0,,85.0,A - Strong,2/4,0
MSME100402,84.9,,91.2,82.1,87.0,A - Strong,3/4,0
MSME100403,,57.5,60.6,,59.2,B - Moderate,2/4,0
MSME100404,37.3,,,44.8,39.0,C - Weak,2/4,0
MSME100405,66.4,,,,66.4,B - Moderate,1/4,0
MSME100406,64.5,65.2,,,64.8,B - Moderate,2/4,0
MSME100407,30.3,,,17.9,27.5,D - High Risk,2/4,0
MSME100408,60.4,62.6,68.0,,63.5,B - Moderate,3/4,0
MSME100409,,,58.1,,58.1,B - Moderate,1/4,0
MSME100410,,59.7,87.2,,74.7,B - Moderate,2/4,0
MSME100411,,,64.6,58.5,63.1,B - Moderate,2/4,0
MSME100412,63.3,69.1,,,65.7,B - Moderate,2/4,0
MSME100413,51.9,,35.8,,44.5,C - Weak,2/4,0
MSME100414,86.8,91.2,84.6,,87.3,A - Strong,3/4,0
MSME100415,,80.5,53.3,,65.7,B - Moderate,2/4,0
MSME100416,58.5,48.6,48.5,,52.4,C - Weak,3/4,0
MSME100417,,28.9,,31.9,29.8,D - High Risk,2/4,0
MSME100418,,35.0,,,35.0,C - Weak,1/4,1
MSME100419,86.0,88.6,88.3,85.5,87.3,A - Strong,4/4,0
MSME100420,81.4,92.7,,92.6,87.0,A - Strong,3/4,0
MSME100421,,67.8,58.6,,62.8,B - Moderate,2/4,0
MSME100422,82.4,92.1,72.6,,81.8,A - Strong,3/4,0
MSME100423,,,,,,Unscoreable,0/4,0
MSME100424,89.4,93.2,,,91.0,A - Strong,2/4,0
MSME100425,38.1,45.5,56.4,,46.3,C - Weak,3/4,1
MSME100426,,52.4,78.8,,66.8,B - Moderate,2/4,0
MSME100427,63.9,,,,63.9,B - Moderate,1/4,0
MSME100428,78.5,83.6,63.8,,75.0,A - Strong,3/4,0
MSME100429,71.6,,71.6,,71.6,B - Moderate,2/4,0
MSME100430,75.5,87.6,,,80.5,A - Strong,2/4,0
MSME100431,,28.3,34.7,32.0,31.8,D - High Risk,3/4,0
MSME100432,88.6,92.1,87.2,,89.1,A - Strong,3/4,0
MSME100433,79.7,82.6,85.7,,82.5,A - Strong,3/4,0
MSME100434,,49.6,,,49.6,C - Weak,1/4,0
MSME100435,69.3,82.2,,,74.7,B - Moderate,2/4,0
MSME100436,68.2,67.2,,,67.8,B - Moderate,2/4,0
MSME100437,68.0,75.7,,,71.2,B - Moderate,2/4,0
MSME100438,,85.9,88.3,,87.2,A - Strong,2/4,0
MSME100439,61.0,,,,61.0,B - Moderate,1/4,0
MSME100440,,79.8,76.9,60.6,75.5,A - Strong,3/4,0
MSME100441,27.9,34.2,,,30.5,D - High Risk,2/4,1
MSME100442,40.9,,43.4,33.5,40.9,C - Weak,3/4,0
MSME100443,25.9,27.5,,,26.6,D - High Risk,2/4,0
MSME100444,,77.1,,,77.1,A - Strong,1/4,0
MSME100445,85.4,92.7,,85.3,88.0,A - Strong,3/4,0
MSME100446,68.8,,,,68.8,B - Moderate,1/4,0
MSME100447,80.8,,86.6,,83.5,A - Strong,2/4,0
MSME100448,,84.9,78.1,,81.2,A - Strong,2/4,0
MSME100449,,87.9,,,87.9,A - Strong,1/4,0
MSME100450,54.1,67.1,,,59.5,B - Moderate,2/4,0
MSME100451,80.1,,,89.8,82.3,A - Strong,2/4,0
MSME100452,78.5,72.1,74.7,84.3,76.3,A - Strong,4/4,0
MSME100453,23.7,27.8,,,25.4,D - High Risk,2/4,0
MSME100454,30.9,64.1,,,44.7,C - Weak,2/4,0
MSME100455,81.3,86.6,83.9,,83.6,A - Strong,3/4,0
MSME100456,87.7,93.4,92.0,91.3,90.8,A - Strong,4/4,0
MSME100457,63.8,80.1,75.2,,72.1,B - Moderate,3/4,0
MSME100458,30.8,,38.8,,34.5,D - High Risk,2/4,0
MSME100459,86.7,90.5,92.7,93.9,90.2,A - Strong,4/4,0
MSME100460,,59.7,69.0,,64.8,B - Moderate,2/4,0
MSME100461,,45.7,56.2,,51.4,C - Weak,2/4,1
MSME100462,81.4,87.1,,82.2,83.6,A - Strong,3/4,0
MSME100463,64.9,52.7,69.0,,62.9,B - Moderate,3/4,0
MSME100464,,32.7,,,32.7,D - High Risk,1/4,0
MSME100465,34.1,,35.7,,34.8,D - High Risk,2/4,0
MSME100466,81.6,86.1,,91.4,84.6,A - Strong,3/4,0
MSME100467,64.1,,,57.1,62.5,B - Moderate,2/4,0
MSME100468,,50.2,,,50.2,C - Weak,1/4,0
MSME100469,,32.7,,,32.7,D - High Risk,1/4,0
MSME100470,28.5,40.8,21.2,,29.5,D - High Risk,3/4,0
MSME100471,61.9,76.7,,66.9,67.9,B - Moderate,3/4,0
MSME100472,54.4,62.3,57.2,,57.5,B - Moderate,3/4,0
MSME100473,58.5,57.5,,,58.1,B - Moderate,2/4,0
MSME100474,,,62.3,,62.3,B - Moderate,1/4,0
MSME100475,74.9,,84.3,,79.2,A - Strong,2/4,0
MSME100476,54.7,67.7,52.2,,57.5,B - Moderate,3/4,0
MSME100477,,44.4,51.4,,48.2,C - Weak,2/4,0
MSME100478,,,,,,Unscoreable,0/4,0
MSME100479,,62.9,57.2,,59.8,B - Moderate,2/4,0
MSME100480,30.5,53.4,,,40.0,C - Weak,2/4,0
MSME100481,,77.0,,60.3,72.2,B - Moderate,2/4,0
MSME100482,17.3,25.7,,,20.8,D - High Risk,2/4,1
MSME100483,48.9,68.9,,62.1,57.9,B - Moderate,3/4,0
MSME100484,45.5,49.7,,,47.2,C - Weak,2/4,0
MSME100485,62.4,71.7,72.0,,68.2,B - Moderate,3/4,0
MSME100486,88.1,93.6,91.6,,90.8,A - Strong,3/4,0
MSME100487,,82.1,77.1,,79.4,A - Strong,2/4,0
MSME100488,,23.7,,,23.7,D - High Risk,1/4,1
MSME100489,,27.3,,,27.3,D - High Risk,1/4,0
MSME100490,,,,,,Unscoreable,0/4,0
MSME100491,54.5,74.5,,53.4,61.5,B - Moderate,3/4,0
MSME100492,79.2,88.0,,,82.9,A - Strong,2/4,1
MSME100493,38.0,68.1,,45.6,49.8,C - Weak,3/4,0
MSME100494,61.6,81.3,,,69.8,B - Moderate,2/4,0
MSME100495,,21.9,,,21.9,D - High Risk,1/4,1
MSME100496,,33.2,,,33.2,D - High Risk,1/4,0
MSME100497,,74.0,83.3,89.1,80.6,A - Strong,3/4,0
MSME100498,,39.1,,,39.1,C - Weak,1/4,1
MSME100499,,59.7,56.4,,57.9,B - Moderate,2/4,0
MSME100500,77.9,74.5,84.3,80.6,79.2,A - Strong,4/4,0
MSME100501,76.0,79.1,60.8,,71.8,B - Moderate,3/4,0
MSME100502,89.8,91.7,89.2,91.5,90.3,A - Strong,4/4,0
MSME100503,54.3,84.6,,,66.9,B - Moderate,2/4,0
MSME100504,,46.0,,,46.0,C - Weak,1/4,0
MSME100505,84.3,83.7,90.6,82.4,85.8,A - Strong,4/4,0
MSME100506,,38.1,53.8,,46.7,C - Weak,2/4,0
MSME100507,85.1,84.8,,,85.0,A - Strong,2/4,0
MSME100508,,51.2,,,51.2,C - Weak,1/4,1
MSME100509,48.5,,,,48.5,C - Weak,1/4,0
MSME100510,87.9,91.5,,,89.4,A - Strong,2/4,0
MSME100511,47.6,,22.3,,35.9,C - Weak,2/4,0
MSME100512,,57.0,,,57.0,B - Moderate,1/4,0
MSME100513,,20.7,19.4,,20.0,D - High Risk,2/4,1
MSME100514,,87.0,91.6,,89.5,A - Strong,2/4,0
MSME100515,45.5,55.6,55.4,56.9,52.1,C - Weak,4/4,0
MSME100516,44.8,47.8,,,46.0,C - Weak,2/4,0
MSME100517,,,,18.4,18.4,D - High Risk,1/4,1
MSME100518,,60.1,,,60.1,B - Moderate,1/4,0
MSME100519,86.3,86.0,,70.8,84.0,A - Strong,3/4,0
MSME100520,79.4,77.0,,65.4,76.5,A - Strong,3/4,0
MSME100521,,53.9,,,53.9,C - Weak,1/4,0
MSME100522,35.0,,,,35.0,C - Weak,1/4,1
MSME100523,65.8,67.2,,,66.4,B - Moderate,2/4,0
MSME100524,67.0,62.9,68.9,,66.5,B - Moderate,3/4,0
MSME100525,48.6,52.3,36.8,,45.7,C - Weak,3/4,0
MSME100526,,,36.8,48.8,39.8,C - Weak,2/4,0
MSME100527,75.1,,,72.8,74.6,B - Moderate,2/4,0
MSME100528,83.2,88.0,86.8,,85.7,A - Strong,3/4,0
MSME100529,60.7,62.6,,,61.5,B - Moderate,2/4,0
MSME100530,54.4,51.2,,,53.1,C - Weak,2/4,0
MSME100531,84.9,88.7,78.0,89.6,84.2,A - Strong,4/4,0
MSME100532,,,,,,Unscoreable,0/4,1
MSME100533,45.6,,,40.5,44.5,C - Weak,2/4,1
MSME100534,,82.1,71.4,,76.3,A - Strong,2/4,0
MSME100535,,,46.7,,46.7,C - Weak,1/4,0
MSME100536,,65.7,,,65.7,B - Moderate,1/4,0
MSME100537,,68.1,40.5,,53.0,C - Weak,2/4,0
MSME100538,,29.1,38.6,,34.3,D - High Risk,2/4,0
MSME100539,51.3,66.7,,,57.7,B - Moderate,2/4,0
MSME100540,68.5,,,67.6,68.3,B - Moderate,2/4,0
MSME100541,,82.2,64.0,,72.3,B - Moderate,2/4,0
MSME100542,31.4,45.3,,,37.2,C - Weak,2/4,0
MSME100543,84.5,85.4,84.6,,84.8,A - Strong,3/4,0
MSME100544,84.6,82.5,83.2,,83.6,A - Strong,3/4,0
MSME100545,,28.4,35.9,,32.5,D - High Risk,2/4,1
MSME100546,65.1,71.0,78.1,70.6,71.0,B - Moderate,4/4,0
MSME100547,,42.1,26.0,,33.3,D - High Risk,2/4,0
MSME100548,69.0,67.5,76.3,,71.0,B - Moderate,3/4,0
MSME100549,,25.2,,16.9,22.8,D - High Risk,2/4,1
MSME100550,47.6,58.4,,,52.1,C - Weak,2/4,0
MSME100551,67.8,90.8,78.8,,77.9,A - Strong,3/4,0
MSME100552,,,82.0,88.4,83.6,A - Strong,2/4,0
MSME100553,57.0,,87.7,84.7,73.0,B - Moderate,3/4,0
MSME100554,90.2,91.0,,,90.5,A - Strong,2/4,0
MSME100555,,32.6,,,32.6,D - High Risk,1/4,0
MSME100556,34.3,,29.3,,32.0,D - High Risk,2/4,0
MSME100557,,82.8,82.4,,82.6,A - Strong,2/4,0
MSME100558,,23.9,,,23.9,D - High Risk,1/4,0
MSME100559,20.3,29.3,,,24.1,D - High Risk,2/4,0
MSME100560,82.2,87.6,83.5,,84.1,A - Strong,3/4,0
MSME100561,20.1,25.4,,,22.3,D - High Risk,2/4,1
MSME100562,,49.0,49.6,,49.3,C - Weak,2/4,0
MSME100563,28.6,52.6,,,38.6,C - Weak,2/4,0
MSME100564,37.7,59.5,17.0,49.7,38.1,C - Weak,4/4,0
MSME100565,,30.4,,,30.4,D - High Risk,1/4,0
MSME100566,58.2,54.4,,,56.6,B - Moderate,2/4,0
MSME100567,,25.1,,,25.1,D - High Risk,1/4,0
MSME100568,55.6,63.4,47.3,50.6,54.6,C - Weak,4/4,0
MSME100569,79.2,81.4,70.1,,76.8,A - Strong,3/4,0
MSME100570,35.4,58.6,65.4,,51.8,C - Weak,3/4,0
MSME100571,,54.7,,,54.7,C - Weak,1/4,0
MSME100572,,32.0,,,32.0,D - High Risk,1/4,0
MSME100573,37.7,54.1,,,44.5,C - Weak,2/4,0
MSME100574,,27.0,14.7,,20.3,D - High Risk,2/4,1
MSME100575,,76.5,75.8,,76.1,A - Strong,2/4,0
MSME100576,73.0,79.5,,,75.7,A - Strong,2/4,0
MSME100577,82.6,86.4,63.3,,77.2,A - Strong,3/4,0
MSME100578,74.1,86.8,77.6,,78.8,A - Strong,3/4,0
MSME100579,,38.8,,,38.8,C - Weak,1/4,0
MSME100580,18.5,18.5,28.0,,21.7,D - High Risk,3/4,0
MSME100581,57.9,63.6,,,60.3,B - Moderate,2/4,0
MSME100582,86.9,93.9,,,89.8,A - Strong,2/4,0
MSME100583,,36.4,24.1,,29.7,D - High Risk,2/4,0
MSME100584,52.8,64.6,54.6,51.2,56.1,B - Moderate,4/4,0
MSME100585,82.1,,,48.9,74.7,B - Moderate,2/4,0
MSME100586,,80.9,78.5,,79.6,A - Strong,2/4,0
MSME100587,61.7,65.9,52.8,,59.9,B - Moderate,3/4,0
MSME100588,,66.6,,,66.6,B - Moderate,1/4,0
MSME100589,30.8,48.3,,,38.1,C - Weak,2/4,0
MSME100590,92.1,91.9,89.7,91.7,91.3,A - Strong,4/4,0
MSME100591,,33.1,,,33.1,D - High Risk,1/4,1
MSME100592,,58.2,,,58.2,B - Moderate,1/4,0
MSME100593,72.0,89.2,79.4,,79.2,A - Strong,3/4,0
MSME100594,,45.3,,,45.3,C - Weak,1/4,0
MSME100595,,75.0,,,75.0,A - Strong,1/4,0
MSME100596,83.2,83.7,78.7,,81.8,A - Strong,3/4,0
MSME100597,26.5,,34.8,,30.3,D - High Risk,2/4,0
MSME100598,83.6,,,,83.6,A - Strong,1/4,0
MSME100599,60.2,55.3,,,58.2,B - Moderate,2/4,0
MSME100600,59.5,68.7,,,63.3,B - Moderate,2/4,1
MSME100601,71.0,66.6,76.9,,71.7,B - Moderate,3/4,1
MSME100602,,27.2,,,27.2,D - High Risk,1/4,1
MSME100603,39.7,,44.7,53.3,43.5,C - Weak,3/4,0
MSME100604,80.2,,88.5,90.2,84.9,A - Strong,3/4,0
MSME100605,20.0,,14.4,,17.4,D - High Risk,2/4,1
MSME100606,64.0,,,,64.0,B - Moderate,1/4,0
MSME100607,56.3,54.7,,61.2,56.4,B - Moderate,3/4,0
MSME100608,63.4,73.8,64.6,70.3,67.0,B - Moderate,4/4,1
MSME100609,49.7,,61.9,,55.3,B - Moderate,2/4,0
MSME100610,74.6,68.3,,,72.0,B - Moderate,2/4,0
MSME100611,,29.8,,,29.8,D - High Risk,1/4,0
MSME100612,,40.0,,31.9,37.7,C - Weak,2/4,0
MSME100613,69.1,,54.3,,62.3,B - Moderate,2/4,0
MSME100614,,70.6,,,70.6,B - Moderate,1/4,0
MSME100615,,,29.0,,29.0,D - High Risk,1/4,1
MSME100616,61.5,,,,61.5,B - Moderate,1/4,0
MSME100617,79.4,,,72.4,77.8,A - Strong,2/4,0
MSME100618,,62.1,51.2,,56.2,B - Moderate,2/4,0
MSME100619,,35.9,15.8,,24.9,D - High Risk,2/4,0
MSME100620,,30.4,,,30.4,D - High Risk,1/4,0
MSME100621,89.8,85.9,,,88.2,A - Strong,2/4,0
MSME100622,74.8,,48.8,72.2,64.1,B - Moderate,3/4,0
MSME100623,40.0,54.4,,,46.0,C - Weak,2/4,0
MSME100624,65.3,75.4,,,69.5,B - Moderate,2/4,0
MSME100625,87.7,93.4,90.2,,90.1,A - Strong,3/4,0
MSME100626,,44.5,43.9,,44.2,C - Weak,2/4,0
MSME100627,78.6,73.9,58.8,,70.7,B - Moderate,3/4,0
MSME100628,72.2,75.9,75.8,,74.4,B - Moderate,3/4,0
MSME100629,85.5,83.5,,,84.7,A - Strong,2/4,0
MSME100630,,49.5,,,49.5,C - Weak,1/4,0
MSME100631,55.5,,71.7,,63.0,B - Moderate,2/4,0
MSME100632,,43.7,,,43.7,C - Weak,1/4,0
MSME100633,44.1,65.4,49.2,,51.7,C - Weak,3/4,0
MSME100634,70.8,72.6,,,71.5,B - Moderate,2/4,0
MSME100635,,67.1,,,67.1,B - Moderate,1/4,0
MSME100636,,,,50.7,50.7,C - Weak,1/4,0
MSME100637,68.2,81.9,,53.5,71.0,B - Moderate,3/4,0
MSME100638,88.1,86.1,84.2,77.5,85.4,A - Strong,4/4,0
MSME100639,77.9,,77.8,,77.9,A - Strong,2/4,0
MSME100640,54.2,82.6,,88.6,69.3,B - Moderate,3/4,0
MSME100641,68.2,71.2,82.9,,73.9,B - Moderate,3/4,0
MSME100642,56.7,40.8,47.9,55.1,49.9,C - Weak,4/4,0
MSME100643,87.5,83.5,,,85.8,A - Strong,2/4,0
MSME100644,,64.3,,,64.3,B - Moderate,1/4,0
MSME100645,89.1,90.8,86.0,,88.5,A - Strong,3/4,0
MSME100646,,82.3,,,82.3,A - Strong,1/4,0
MSME100647,,49.0,,,49.0,C - Weak,1/4,1
MSME100648,32.2,36.7,45.9,,38.0,C - Weak,3/4,1
MSME100649,42.6,,,,42.6,C - Weak,1/4,0
MSME100650,48.5,38.7,,,44.4,C - Weak,2/4,0
MSME100651,25.4,40.6,23.7,30.1,29.2,D - High Risk,4/4,1
MSME100652,82.5,,,,82.5,A - Strong,1/4,0
MSME100653,80.5,92.6,,,85.5,A - Strong,2/4,0
MSME100654,51.0,70.3,57.9,,58.7,B - Moderate,3/4,0
MSME100655,,85.3,,,85.3,A - Strong,1/4,0
MSME100656,50.5,56.7,50.5,48.6,51.9,C - Weak,4/4,0
MSME100657,51.1,58.4,,,54.1,C - Weak,2/4,0
MSME100658,69.9,63.9,,,67.4,B - Moderate,2/4,0
MSME100659,,,42.4,,42.4,C - Weak,1/4,0
MSME100660,,82.6,81.9,54.3,77.9,A - Strong,3/4,0
MSME100661,,23.2,,19.5,22.1,D - High Risk,2/4,1
MSME100662,,56.7,,,56.7,B - Moderate,1/4,0
MSME100663,,31.2,41.9,,37.0,C - Weak,2/4,0
MSME100664,90.3,93.2,87.9,,90.3,A - Strong,3/4,0
MSME100665,82.2,83.5,61.7,,75.7,A - Strong,3/4,0
MSME100666,,77.9,81.3,,79.8,A - Strong,2/4,0
MSME100667,77.1,,75.8,89.3,78.2,A - Strong,3/4,0
MSME100668,,39.7,40.6,,40.2,C - Weak,2/4,0
MSME100669,,58.6,,,58.6,B - Moderate,1/4,0
MSME100670,,52.1,57.1,,54.8,C - Weak,2/4,0
MSME100671,27.5,,23.0,,25.4,D - High Risk,2/4,1
MSME100672,,76.8,68.4,68.9,71.7,B - Moderate,3/4,0
MSME100673,,36.5,39.3,,38.0,C - Weak,2/4,0
MSME100674,79.1,83.4,68.4,,76.7,A - Strong,3/4,0
MSME100675,25.7,,,,25.7,D - High Risk,1/4,1
MSME100676,79.2,93.1,,65.5,82.2,A - Strong,3/4,0
MSME100677,32.5,29.8,,,31.4,D - High Risk,2/4,0
MSME100678,,59.6,,42.2,54.6,C - Weak,2/4,0
MSME100679,31.4,33.9,,,32.4,D - High Risk,2/4,1
MSME100680,37.7,52.2,,,43.7,C - Weak,2/4,0
MSME100681,49.2,38.5,,36.0,43.5,C - Weak,3/4,0
MSME100682,49.5,53.7,,,51.2,C - Weak,2/4,0
MSME100683,34.0,50.8,,,41.0,C - Weak,2/4,0
MSME100684,,,,,,Unscoreable,0/4,0
MSME100685,57.9,65.5,,,61.1,B - Moderate,2/4,0
MSME100686,,24.8,19.0,,21.6,D - High Risk,2/4,0
MSME100687,87.4,,90.4,90.9,89.1,A - Strong,3/4,0
MSME100688,48.6,70.1,48.7,,54.6,C - Weak,3/4,0
MSME100689,78.2,74.9,,92.2,79.0,A - Strong,3/4,0
MSME100690,56.0,64.0,,,59.3,B - Moderate,2/4,0
MSME100691,36.0,44.0,44.7,31.1,40.1,C - Weak,4/4,0
MSME100692,,43.1,,,43.1,C - Weak,1/4,0
MSME100693,60.6,69.7,,,64.4,B - Moderate,2/4,0
MSME100694,,61.2,67.8,,64.8,B - Moderate,2/4,0
MSME100695,,45.9,,,45.9,C - Weak,1/4,0
MSME100696,52.5,56.6,,,54.2,C - Weak,2/4,0
MSME100697,,54.7,,,54.7,C - Weak,1/4,0
MSME100698,,61.8,72.3,70.0,67.9,B - Moderate,3/4,0
MSME100699,,33.2,,,33.2,D - High Risk,1/4,0
MSME100700,52.9,46.8,,,50.4,C - Weak,2/4,0
MSME100701,64.8,78.6,,,70.5,B - Moderate,2/4,0
MSME100702,87.7,89.1,90.0,,88.9,A - Strong,3/4,0
MSME100703,76.1,73.6,,79.7,75.7,A - Strong,3/4,0
MSME100704,81.1,76.1,57.3,,71.8,B - Moderate,3/4,1
MSME100705,,19.5,26.8,,23.5,D - High Risk,2/4,1
MSME100706,,80.2,,,80.2,A - Strong,1/4,0
MSME100707,,80.0,70.8,,75.0,A - Strong,2/4,0
MSME100708,,,,,,Unscoreable,0/4,0
MSME100709,81.1,72.2,62.8,,72.5,B - Moderate,3/4,0
MSME100710,72.8,,72.7,79.8,73.7,B - Moderate,3/4,0
MSME100711,56.7,82.5,53.7,58.9,62.5,B - Moderate,4/4,0
MSME100712,77.2,,80.7,,78.8,A - Strong,2/4,0
MSME100713,58.4,77.9,,,66.5,B - Moderate,2/4,0
MSME100714,24.1,49.1,39.9,57.9,38.5,C - Weak,4/4,0
MSME100715,56.7,45.8,,,52.2,C - Weak,2/4,0
MSME100716,70.3,73.9,64.7,,69.4,B - Moderate,3/4,0
MSME100717,,27.8,24.6,,26.1,D - High Risk,2/4,0
MSME100718,80.2,70.9,,,76.3,A - Strong,2/4,0
MSME100719,80.3,,85.1,,82.5,A - Strong,2/4,0
MSME100720,,57.7,65.2,,61.8,B - Moderate,2/4,1
MSME100721,91.1,93.5,,,92.1,A - Strong,2/4,0
MSME100722,68.4,77.1,85.0,,76.4,A - Strong,3/4,0
MSME100723,78.2,87.2,71.5,67.6,77.4,A - Strong,4/4,0
MSME100724,40.4,37.2,,,39.1,C - Weak,2/4,0
MSME100725,,38.8,43.2,,41.2,C - Weak,2/4,0
MSME100726,,66.7,,,66.7,B - Moderate,1/4,0
MSME100727,18.9,,,,18.9,D - High Risk,1/4,0
MSME100728,,40.6,,,40.6,C - Weak,1/4,0
MSME100729,44.3,63.5,,,52.3,C - Weak,2/4,0
MSME100730,77.1,82.7,,,79.4,A - Strong,2/4,0
MSME100731,36.3,36.5,48.0,,40.3,C - Weak,3/4,0
MSME100732,,48.0,47.0,,47.5,C - Weak,2/4,0
MSME100733,22.0,34.8,19.6,,24.8,D - High Risk,3/4,0
MSME100734,34.6,,30.5,,32.7,D - High Risk,2/4,0
MSME100735,55.9,,36.9,,47.1,C - Weak,2/4,0
MSME100736,,43.5,,,43.5,C - Weak,1/4,0
MSME100737,80.3,79.7,56.5,,72.2,B - Moderate,3/4,0
MSME100738,,47.8,,,47.8,C - Weak,1/4,0
MSME100739,,74.4,70.7,,72.4,B - Moderate,2/4,0
MSME100740,,74.6,42.3,,57.0,B - Moderate,2/4,0
MSME100741,83.0,82.7,80.5,83.1,82.2,A - Strong,4/4,0
MSME100742,68.6,,82.7,81.2,75.9,A - Strong,3/4,0
MSME100743,,,,,,Unscoreable,0/4,0
MSME100744,49.6,77.5,,,61.2,B - Moderate,2/4,0
MSME100745,,,39.0,,39.0,C - Weak,1/4,0
MSME100746,,47.0,65.2,,56.9,B - Moderate,2/4,0
MSME100747,51.2,71.6,,,59.7,B - Moderate,2/4,1
MSME100748,69.5,,,,69.5,B - Moderate,1/4,0
MSME100749,,,,37.6,37.6,C - Weak,1/4,1
MSME100750,,61.0,,,61.0,B - Moderate,1/4,0
MSME100751,,72.3,,,72.3,B - Moderate,1/4,0
MSME100752,82.5,86.2,,,84.0,A - Strong,2/4,0
MSME100753,30.3,39.2,26.2,,31.4,D - High Risk,3/4,1
MSME100754,,23.5,,,23.5,D - High Risk,1/4,0
MSME100755,40.5,62.0,,,49.5,C - Weak,2/4,0
MSME100756,61.9,76.6,56.0,,64.0,B - Moderate,3/4,0
MSME100757,,59.3,,86.1,67.0,B - Moderate,2/4,0
MSME100758,51.5,63.9,57.2,,56.8,B - Moderate,3/4,0
MSME100759,75.7,88.6,,,81.1,A - Strong,2/4,0
MSME100760,77.4,,81.6,92.3,81.1,A - Strong,3/4,0
MSME100761,78.9,71.6,83.2,,78.3,A - Strong,3/4,0
MSME100762,63.9,72.5,,,67.5,B - Moderate,2/4,0
MSME100763,73.6,82.3,62.7,,72.4,B - Moderate,3/4,0
MSME100764,56.3,71.2,65.3,,63.4,B - Moderate,3/4,0
MSME100765,57.2,55.7,,,56.6,B - Moderate,2/4,0
MSME100766,36.7,54.3,37.2,,41.8,C - Weak,3/4,0
MSME100767,67.4,64.5,67.3,,66.6,B - Moderate,3/4,0
MSME100768,60.3,66.0,68.3,,64.5,B - Moderate,3/4,0
MSME100769,,,,,,Unscoreable,0/4,0
MSME100770,,83.4,66.0,,73.9,B - Moderate,2/4,0
MSME100771,46.2,74.3,,,57.9,B - Moderate,2/4,0
MSME100772,,65.9,65.7,70.3,66.5,B - Moderate,3/4,0
MSME100773,91.1,92.3,81.5,92.8,88.7,A - Strong,4/4,0
MSME100774,26.4,28.9,46.2,,33.7,D - High Risk,3/4,0
MSME100775,77.2,,,,77.2,A - Strong,1/4,0
MSME100776,,37.2,32.8,,34.8,D - High Risk,2/4,0
MSME100777,,49.9,,,49.9,C - Weak,1/4,0
MSME100778,82.5,80.8,75.0,76.0,79.2,A - Strong,4/4,0
MSME100779,,41.2,,,41.2,C - Weak,1/4,0
MSME100780,,24.7,,,24.7,D - High Risk,1/4,0
MSME100781,39.4,49.1,,52.2,44.7,C - Weak,3/4,1
MSME100782,,65.1,74.3,,70.1,B - Moderate,2/4,0
MSME100783,80.4,77.1,,,79.0,A - Strong,2/4,0
MSME100784,,,29.1,27.3,28.6,D - High Risk,2/4,1
MSME100785,,28.6,,,28.6,D - High Risk,1/4,1
MSME100786,27.2,26.4,36.9,,30.2,D - High Risk,3/4,1
MSME100787,21.5,,14.9,17.7,18.4,D - High Risk,3/4,1
MSME100788,78.0,80.6,72.8,,77.0,A - Strong,3/4,0
MSME100789,51.8,48.0,,,50.2,C - Weak,2/4,0
MSME100790,,34.6,,,34.6,D - High Risk,1/4,0
MSME100791,,78.6,,,78.6,A - Strong,1/4,0
MSME100792,,27.2,,19.5,25.0,D - High Risk,2/4,0
MSME100793,,46.6,,,46.6,C - Weak,1/4,0
MSME100794,,25.8,22.2,,23.8,D - High Risk,2/4,0
MSME100795,,26.1,38.5,,32.9,D - High Risk,2/4,0
MSME100796,,36.4,,39.4,37.3,C - Weak,2/4,0
MSME100797,77.3,71.7,71.8,,73.9,B - Moderate,3/4,0
MSME100798,42.0,,,55.4,45.0,C - Weak,2/4,0
MSME100799,,,47.3,44.1,46.5,C - Weak,2/4,1
MSME100800,,66.6,,66.8,66.7,B - Moderate,2/4,0
MSME100801,,34.3,60.8,,48.8,C - Weak,2/4,0
MSME100802,78.8,77.6,72.6,,76.4,A - Strong,3/4,0
MSME100803,25.8,46.1,,,34.3,D - High Risk,2/4,0
MSME100804,51.1,31.4,56.3,54.2,48.0,C - Weak,4/4,0
MSME100805,40.7,48.2,,,43.8,C - Weak,2/4,0
MSME100806,30.4,,16.0,,23.8,D - High Risk,2/4,0
MSME100807,20.0,30.5,,27.4,24.8,D - High Risk,3/4,1
MSME100808,77.4,81.1,67.2,,75.0,A - Strong,3/4,0
MSME100809,42.1,52.4,,24.5,43.3,C - Weak,3/4,1
MSME100810,55.1,37.0,66.9,,54.0,C - Weak,3/4,0
MSME100811,52.5,81.5,,,64.6,B - Moderate,2/4,0
MSME100812,38.8,53.5,,58.7,46.9,C - Weak,3/4,0
MSME100813,66.8,73.7,76.9,77.6,72.6,B - Moderate,4/4,0
MSME100814,,45.4,,,45.4,C - Weak,1/4,0
MSME100815,,,,77.1,77.1,A - Strong,1/4,0
MSME100816,,37.3,,,37.3,C - Weak,1/4,0
MSME100817,,,,,,Unscoreable,0/4,0
MSME100818,60.3,80.8,,66.0,68.4,B - Moderate,3/4,0
MSME100819,,60.2,,53.3,58.2,B - Moderate,2/4,0
MSME100820,21.1,,,,21.1,D - High Risk,1/4,1
MSME100821,63.1,73.2,,,67.3,B - Moderate,2/4,0
MSME100822,,41.5,,,41.5,C - Weak,1/4,1
MSME100823,75.1,78.4,,,76.5,A - Strong,2/4,0
MSME100824,82.6,81.8,77.9,80.0,80.7,A - Strong,4/4,0
MSME100825,,55.0,,,55.0,B - Moderate,1/4,0
MSME100826,86.0,87.2,,,86.5,A - Strong,2/4,0
MSME100827,37.3,39.7,,,38.3,C - Weak,2/4,0
MSME100828,20.0,29.3,22.4,,23.4,D - High Risk,3/4,1
MSME100829,48.9,63.9,,60.5,55.9,B - Moderate,3/4,0
MSME100830,86.1,79.6,,82.2,83.2,A - Strong,3/4,0
MSME100831,30.8,41.1,45.1,,38.4,C - Weak,3/4,0
MSME100832,,46.6,,,46.6,C - Weak,1/4,1
MSME100833,85.8,77.8,85.5,88.0,83.9,A - Strong,4/4,0
MSME100834,67.6,,77.8,,72.3,B - Moderate,2/4,0
MSME100835,34.5,35.4,,,34.9,D - High Risk,2/4,0
MSME100836,38.6,,,69.1,45.4,C - Weak,2/4,0
MSME100837,,,45.7,58.6,48.9,C - Weak,2/4,0
MSME100838,52.7,71.2,,,60.4,B - Moderate,2/4,0
MSME100839,39.6,,,39.8,39.6,C - Weak,2/4,0
MSME100840,,65.1,62.6,,63.7,B - Moderate,2/4,0
MSME100841,,31.0,,,31.0,D - High Risk,1/4,0
MSME100842,50.2,41.7,50.8,41.2,47.4,C - Weak,4/4,0
MSME100843,85.1,92.8,77.8,,84.8,A - Strong,3/4,0
MSME100844,,39.2,,,39.2,C - Weak,1/4,0
MSME100845,40.9,40.8,,,40.9,C - Weak,2/4,0
MSME100846,67.7,66.8,56.0,,63.6,B - Moderate,3/4,0
MSME100847,,48.4,,,48.4,C - Weak,1/4,0
MSME100848,,76.1,78.2,,77.2,A - Strong,2/4,0
MSME100849,88.0,85.4,90.3,90.7,88.3,A - Strong,4/4,0
MSME100850,71.7,,,,71.7,B - Moderate,1/4,0
MSME100851,,51.1,32.4,,40.9,C - Weak,2/4,0
MSME100852,,80.7,76.5,,78.4,A - Strong,2/4,0
MSME100853,,79.9,58.7,,68.3,B - Moderate,2/4,0
MSME100854,,,,,,Unscoreable,0/4,0
MSME100855,,38.0,27.8,29.6,32.0,D - High Risk,3/4,0
MSME100856,,78.4,76.0,,77.1,A - Strong,2/4,0
MSME100857,63.4,68.2,,,65.4,B - Moderate,2/4,0
MSME100858,,20.1,,,20.1,D - High Risk,1/4,1
MSME100859,,76.3,59.1,57.2,65.4,B - Moderate,3/4,0
MSME100860,,,57.6,,57.6,B - Moderate,1/4,0
MSME100861,,,,,,Unscoreable,0/4,0
MSME100862,73.8,,86.6,83.3,80.2,A - Strong,3/4,0
MSME100863,45.5,39.4,,,43.0,C - Weak,2/4,0
MSME100864,,55.7,,,55.7,B - Moderate,1/4,0
MSME100865,,42.7,27.8,26.0,33.3,D - High Risk,3/4,1
MSME100866,67.1,71.9,,,69.1,B - Moderate,2/4,0
MSME100867,60.4,70.1,,46.8,61.9,B - Moderate,3/4,0
MSME100868,65.8,58.6,65.5,,63.7,B - Moderate,3/4,0
MSME100869,18.1,22.0,,,19.7,D - High Risk,2/4,0
MSME100870,,,,25.4,25.4,D - High Risk,1/4,0
MSME100871,86.9,93.2,,,89.5,A - Strong,2/4,0
MSME100872,37.1,,34.1,44.7,36.9,C - Weak,3/4,1
MSME100873,,38.8,52.6,,46.3,C - Weak,2/4,0
MSME100874,91.1,93.3,89.4,93.7,91.4,A - Strong,4/4,0
MSME100875,,,,,,Unscoreable,0/4,0
MSME100876,,27.7,,,27.7,D - High Risk,1/4,1
MSME100877,70.8,79.6,,,74.5,B - Moderate,2/4,0
MSME100878,,27.0,,18.5,24.6,D - High Risk,2/4,0
MSME100879,36.4,46.4,,,40.6,C - Weak,2/4,0
MSME100880,72.8,69.9,,,71.6,B - Moderate,2/4,0
MSME100881,,25.1,,,25.1,D - High Risk,1/4,1
MSME100882,70.8,,,68.5,70.3,B - Moderate,2/4,0
MSME100883,,32.7,55.9,,45.4,C - Weak,2/4,0
MSME100884,,23.9,,,23.9,D - High Risk,1/4,1
MSME100885,,51.2,,,51.2,C - Weak,1/4,0
MSME100886,45.0,58.9,,,50.8,C - Weak,2/4,0
MSME100887,,79.8,,84.4,81.1,A - Strong,2/4,0
MSME100888,68.5,,,,68.5,B - Moderate,1/4,0
MSME100889,,,,,,Unscoreable,0/4,0
MSME100890,,28.2,,,28.2,D - High Risk,1/4,0
MSME100891,66.9,78.6,81.2,,74.9,B - Moderate,3/4,0
MSME100892,,38.9,,,38.9,C - Weak,1/4,0
MSME100893,,74.9,78.1,,76.6,A - Strong,2/4,0
MSME100894,,54.6,41.7,,47.6,C - Weak,2/4,0
MSME100895,,54.1,,,54.1,C - Weak,1/4,0
MSME100896,,62.1,60.7,,61.3,B - Moderate,2/4,0
MSME100897,21.2,34.0,,,26.5,D - High Risk,2/4,0
MSME100898,42.5,55.1,,,47.8,C - Weak,2/4,0
MSME100899,63.7,66.5,,,64.9,B - Moderate,2/4,0
MSME100900,70.6,61.9,,,67.0,B - Moderate,2/4,0
MSME100901,,47.3,51.8,,49.8,C - Weak,2/4,0
MSME100902,,47.4,47.4,,47.4,C - Weak,2/4,0
MSME100903,83.9,82.2,84.0,,83.5,A - Strong,3/4,0
MSME100904,,81.2,,81.3,81.2,A - Strong,2/4,0
MSME100905,,,80.2,,80.2,A - Strong,1/4,0
MSME100906,82.6,88.6,78.4,,82.9,A - Strong,3/4,0
MSME100907,46.8,49.6,,,48.0,C - Weak,2/4,0
MSME100908,,44.5,51.1,,48.1,C - Weak,2/4,0
MSME100909,,46.0,,,46.0,C - Weak,1/4,0
MSME100910,72.9,62.0,,,68.4,B - Moderate,2/4,0
MSME100911,45.6,58.4,,,50.9,C - Weak,2/4,0
MSME100912,70.2,,61.2,56.5,64.8,B - Moderate,3/4,0
MSME100913,64.5,,56.5,50.8,59.5,B - Moderate,3/4,0
MSME100914,,,76.5,57.2,71.7,B - Moderate,2/4,0
MSME100915,,,46.7,49.6,47.4,C - Weak,2/4,0
MSME100916,,,43.0,,43.0,C - Weak,1/4,0
MSME100917,,,34.6,,34.6,D - High Risk,1/4,1
MSME100918,48.7,54.5,,,51.1,C - Weak,2/4,0
MSME100919,17.2,21.0,,,18.8,D - High Risk,2/4,1
MSME100920,,69.4,,,69.4,B - Moderate,1/4,0
MSME100921,,44.4,43.3,,43.8,C - Weak,2/4,0
MSME100922,,58.8,,,58.8,B - Moderate,1/4,0
MSME100923,40.9,,,,40.9,C - Weak,1/4,0
MSME100924,,21.0,23.3,,22.3,D - High Risk,2/4,1
MSME100925,51.9,59.9,56.7,,55.7,B - Moderate,3/4,0
MSME100926,,22.6,,,22.6,D - High Risk,1/4,0
MSME100927,66.1,,68.5,,67.2,B - Moderate,2/4,0
MSME100928,40.7,33.1,,,37.5,C - Weak,2/4,1
MSME100929,53.0,38.1,,58.8,48.5,C - Weak,3/4,0
MSME100930,,86.4,82.2,,84.1,A - Strong,2/4,0
MSME100931,,50.9,,41.7,48.3,C - Weak,2/4,0
MSME100932,80.9,84.2,,,82.3,A - Strong,2/4,0
MSME100933,52.1,58.0,40.9,,50.0,C - Weak,3/4,0
MSME100934,74.6,,,,74.6,B - Moderate,1/4,0
MSME100935,55.5,63.9,46.1,53.2,54.5,C - Weak,4/4,0
MSME100936,82.6,85.1,73.8,,80.4,A - Strong,3/4,0
MSME100937,78.9,87.9,,,82.7,A - Strong,2/4,0
MSME100938,70.1,80.0,69.0,,72.5,B - Moderate,3/4,0
MSME100939,56.8,70.2,49.1,,58.0,B - Moderate,3/4,0
MSME100940,,76.0,,,76.0,A - Strong,1/4,0
MSME100941,67.1,,,,67.1,B - Moderate,1/4,0
MSME100942,56.8,64.9,77.6,,66.0,B - Moderate,3/4,0
MSME100943,,38.0,25.4,,31.1,D - High Risk,2/4,1
MSME100944,63.0,26.0,43.4,,46.2,C - Weak,3/4,0
MSME100945,35.8,51.3,43.4,,42.6,C - Weak,3/4,0
MSME100946,79.8,74.5,73.2,,76.1,A - Strong,3/4,0
MSME100947,34.7,,,,34.7,D - High Risk,1/4,1
MSME100948,84.7,,84.0,92.9,85.5,A - Strong,3/4,0
MSME100949,,90.5,,,90.5,A - Strong,1/4,0
MSME100950,58.4,72.5,,85.2,67.3,B - Moderate,3/4,0
MSME100951,86.2,82.5,,88.4,85.2,A - Strong,3/4,0
MSME100952,56.4,68.2,,,61.3,B - Moderate,2/4,0
MSME100953,,75.1,84.6,,80.3,A - Strong,2/4,0
MSME100954,67.1,75.5,68.6,,69.9,B - Moderate,3/4,0
MSME100955,71.6,,80.7,,75.8,A - Strong,2/4,0
MSME100956,82.7,,78.5,,80.8,A - Strong,2/4,0
MSME100957,,25.9,,,25.9,D - High Risk,1/4,1
MSME100958,,54.6,53.8,,54.2,C - Weak,2/4,0
MSME100959,70.1,55.4,68.9,,65.6,B - Moderate,3/4,0
MSME100960,20.5,24.2,,,22.0,D - High Risk,2/4,0
MSME100961,,,24.0,,24.0,D - High Risk,1/4,1
MSME100962,,62.6,,,62.6,B - Moderate,1/4,0
MSME100963,75.5,83.9,,,79.0,A - Strong,2/4,0
MSME100964,81.0,,78.0,90.2,81.0,A - Strong,3/4,0
MSME100965,31.0,44.0,,,36.4,C - Weak,2/4,0
MSME100966,,39.1,,65.2,46.6,C - Weak,2/4,0
MSME100967,,48.3,59.5,,54.4,C - Weak,2/4,0
MSME100968,26.4,34.2,,,29.6,D - High Risk,2/4,1
MSME100969,19.4,19.8,36.4,,25.2,D - High Risk,3/4,0
MSME100970,54.9,59.3,70.5,,61.3,B - Moderate,3/4,0
MSME100971,69.7,69.5,,69.6,69.6,B - Moderate,3/4,1
MSME100972,34.2,50.7,,39.5,40.9,C - Weak,3/4,1
MSME100973,,74.6,77.5,67.6,74.9,B - Moderate,3/4,0
MSME100974,39.1,40.2,,,39.6,C - Weak,2/4,0
MSME100975,65.9,82.8,65.5,54.4,68.9,B - Moderate,4/4,0
MSME100976,31.9,43.3,,,36.7,C - Weak,2/4,0
MSME100977,66.8,49.0,63.6,,60.8,B - Moderate,3/4,0
MSME100978,,70.5,60.9,,65.3,B - Moderate,2/4,0
MSME100979,,28.5,,26.7,28.0,D - High Risk,2/4,0
MSME100980,,,50.4,,50.4,C - Weak,1/4,0
MSME100981,,58.7,81.2,,71.0,B - Moderate,2/4,0
MSME100982,35.1,27.9,39.9,,34.7,D - High Risk,3/4,0
MSME100983,64.1,71.4,,,67.1,B - Moderate,2/4,1
MSME100984,51.7,53.1,28.4,,44.3,C - Weak,3/4,0
MSME100985,55.0,57.4,62.5,52.8,57.6,B - Moderate,4/4,0
MSME100986,,28.4,,,28.4,D - High Risk,1/4,0
MSME100987,31.8,34.9,,,33.1,D - High Risk,2/4,0
MSME100988,,37.6,,,37.6,C - Weak,1/4,1
MSME100989,42.7,49.6,,,45.6,C - Weak,2/4,0
MSME100990,83.6,,92.6,89.6,88.0,A - Strong,3/4,0
MSME100991,,,77.0,73.8,76.2,A - Strong,2/4,0
MSME100992,74.1,,78.3,,76.0,A - Strong,2/4,0
MSME100993,35.9,41.5,57.5,,44.7,C - Weak,3/4,0
MSME100994,86.2,90.4,,77.9,86.5,A - Strong,3/4,0
MSME100995,,33.2,37.0,,35.3,C - Weak,2/4,1
MSME100996,,79.0,,61.2,73.9,B - Moderate,2/4,0
MSME100997,67.9,75.3,62.6,,68.2,B - Moderate,3/4,0
MSME100998,76.0,,,72.3,75.2,A - Strong,2/4,0
MSME100999,,50.8,47.6,62.1,51.1,C - Weak,3/4,0
MSME101000,67.8,,,,67.8,B - Moderate,1/4,0
MSME101001,60.0,58.0,,45.4,57.2,B - Moderate,3/4,0
MSME101002,33.6,44.9,,,38.3,C - Weak,2/4,0
MSME101003,,88.5,68.9,,77.8,A - Strong,2/4,0
MSME101004,43.2,61.8,52.4,,51.4,C - Weak,3/4,0
MSME101005,90.4,93.6,90.6,,91.4,A - Strong,3/4,0
MSME101006,44.5,,,57.5,47.4,C - Weak,2/4,0
MSME101007,80.0,82.2,,,80.9,A - Strong,2/4,0
MSME101008,,28.6,,,28.6,D - High Risk,1/4,0
MSME101009,,50.6,67.6,,59.9,B - Moderate,2/4,0
MSME101010,80.6,93.0,80.9,,84.1,A - Strong,3/4,0
MSME101011,,27.3,26.0,,26.6,D - High Risk,2/4,0
MSME101012,,55.3,,,55.3,B - Moderate,1/4,0
MSME101013,79.6,,79.7,79.3,79.6,A - Strong,3/4,0
MSME101014,67.7,54.2,,,62.1,B - Moderate,2/4,0
MSME101015,,,,,,Unscoreable,0/4,0
MSME101016,35.3,47.1,58.5,,46.3,C - Weak,3/4,0
MSME101017,89.9,93.6,85.4,93.6,89.8,A - Strong,4/4,0
MSME101018,,25.6,,,25.6,D - High Risk,1/4,0
MSME101019,75.8,81.5,57.6,,71.3,B - Moderate,3/4,0
MSME101020,78.4,83.8,81.6,,81.0,A - Strong,3/4,0
MSME101021,52.0,65.9,53.9,,56.5,B - Moderate,3/4,0
MSME101022,92.2,88.3,,92.2,90.8,A - Strong,3/4,0
MSME101023,44.3,48.2,,,45.9,C - Weak,2/4,0
MSME101024,33.9,,,47.2,36.9,C - Weak,2/4,0
MSME101025,84.2,83.9,,,84.1,A - Strong,2/4,0
MSME101026,85.0,89.6,,90.6,87.4,A - Strong,3/4,0
MSME101027,,85.0,72.7,,78.3,A - Strong,2/4,0
MSME101028,57.6,,46.6,,52.5,C - Weak,2/4,0
MSME101029,84.1,,,,84.1,A - Strong,1/4,0
MSME101030,69.8,73.3,69.8,,70.8,B - Moderate,3/4,0
MSME101031,84.9,92.2,69.0,,81.6,A - Strong,3/4,0
MSME101032,71.8,70.4,74.7,,72.4,B - Moderate,3/4,0
MSME101033,64.5,87.0,41.5,70.0,63.8,B - Moderate,4/4,0
MSME101034,69.7,74.4,77.8,,73.7,B - Moderate,3/4,0
MSME101035,,,90.3,81.7,88.1,A - Strong,2/4,0
MSME101036,35.3,51.9,,,42.2,C - Weak,2/4,0
MSME101037,24.1,24.3,,20.4,23.6,D - High Risk,3/4,1
MSME101038,,35.5,41.1,,38.6,C - Weak,2/4,1
MSME101039,27.1,31.9,,,29.1,D - High Risk,2/4,0
MSME101040,49.9,60.3,,,54.2,C - Weak,2/4,0
MSME101041,78.6,86.4,71.1,,78.3,A - Strong,3/4,0
MSME101042,,,44.8,33.0,41.8,C - Weak,2/4,1
MSME101043,70.4,84.8,,77.3,76.5,A - Strong,3/4,0
MSME101044,,59.8,62.1,,61.1,B - Moderate,2/4,1
MSME101045,35.3,,,,35.3,C - Weak,1/4,0
MSME101046,,70.2,60.8,,65.1,B - Moderate,2/4,0
MSME101047,,35.4,,58.9,42.1,C - Weak,2/4,0
MSME101048,39.5,,55.1,,46.7,C - Weak,2/4,1
MSME101049,45.1,43.6,,,44.5,C - Weak,2/4,0
MSME101050,22.7,,,,22.7,D - High Risk,1/4,1
MSME101051,75.8,80.4,86.7,,80.7,A - Strong,3/4,0
MSME101052,35.6,,,,35.6,C - Weak,1/4,1
MSME101053,,83.2,,79.2,82.1,A - Strong,2/4,0
MSME101054,,30.4,,,30.4,D - High Risk,1/4,0
MSME101055,64.8,72.8,,75.0,69.1,B - Moderate,3/4,0
MSME101056,,71.3,,,71.3,B - Moderate,1/4,0
MSME101057,,62.4,,,62.4,B - Moderate,1/4,0
MSME101058,60.0,62.8,,51.1,59.7,B - Moderate,3/4,1
MSME101059,20.5,24.6,37.6,33.6,28.0,D - High Risk,4/4,0
MSME101060,70.1,,74.6,,72.2,B - Moderate,2/4,0
MSME101061,,85.2,,,85.2,A - Strong,1/4,0
MSME101062,,56.7,,,56.7,B - Moderate,1/4,0
MSME101063,88.8,91.0,,,89.7,A - Strong,2/4,0
MSME101064,,62.9,,,62.9,B - Moderate,1/4,0
MSME101065,88.7,,88.0,93.2,89.0,A - Strong,3/4,0
MSME101066,52.4,70.7,44.4,,54.8,C - Weak,3/4,0
MSME101067,87.2,,,,87.2,A - Strong,1/4,0
MSME101068,,55.6,31.8,60.1,45.3,C - Weak,3/4,1
MSME101069,,35.5,23.9,,29.2,D - High Risk,2/4,1
MSME101070,33.5,39.0,,49.0,37.7,C - Weak,3/4,0
MSME101071,48.3,65.3,,,55.4,B - Moderate,2/4,0
MSME101072,82.8,85.3,75.0,66.7,79.5,A - Strong,4/4,1
MSME101073,86.2,88.1,89.7,90.0,88.1,A - Strong,4/4,0
MSME101074,,,50.4,51.8,50.8,C - Weak,2/4,0
MSME101075,49.4,82.1,,,63.0,B - Moderate,2/4,0
MSME101076,42.4,60.4,,,49.9,C - Weak,2/4,0
MSME101077,,41.7,,,41.7,C - Weak,1/4,0
MSME101078,,62.2,73.2,76.2,69.4,B - Moderate,3/4,1
MSME101079,70.0,55.9,54.8,,61.0,B - Moderate,3/4,0
MSME101080,,85.2,,,85.2,A - Strong,1/4,0
MSME101081,,32.3,,48.4,36.9,C - Weak,2/4,0
MSME101082,45.4,,,,45.4,C - Weak,1/4,0
MSME101083,25.8,23.5,,28.0,25.3,D - High Risk,3/4,0
MSME101084,76.8,,78.4,,77.5,A - Strong,2/4,0
MSME101085,35.8,,,27.5,34.0,D - High Risk,2/4,0
MSME101086,64.1,61.3,,59.9,62.5,B - Moderate,3/4,0
MSME101087,78.3,,,78.6,78.4,A - Strong,2/4,0
MSME101088,,47.8,47.7,,47.7,C - Weak,2/4,1
MSME101089,85.0,87.8,84.1,,85.5,A - Strong,3/4,0
MSME101090,,,,,,Unscoreable,0/4,0
MSME101091,87.3,76.1,,66.7,80.4,A - Strong,3/4,0
MSME101092,68.7,81.5,65.8,,71.3,B - Moderate,3/4,0
MSME101093,40.0,44.3,,,41.8,C - Weak,2/4,0
MSME101094,,78.5,,,78.5,A - Strong,1/4,0
MSME101095,30.6,30.2,41.9,,34.3,D - High Risk,3/4,0
MSME101096,36.4,,,,36.4,C - Weak,1/4,0
MSME101097,89.3,89.1,85.2,,87.9,A - Strong,3/4,0
MSME101098,17.2,33.8,,20.7,23.6,D - High Risk,3/4,0
MSME101099,,55.8,53.7,48.4,53.7,C - Weak,3/4,0
MSME101100,63.2,72.9,62.8,62.8,65.5,B - Moderate,4/4,0
MSME101101,,82.2,69.5,,75.3,A - Strong,2/4,0
MSME101102,,,68.5,,68.5,B - Moderate,1/4,0
MSME101103,,,70.2,64.2,68.7,B - Moderate,2/4,0
MSME101104,,40.1,,,40.1,C - Weak,1/4,1
MSME101105,20.7,,,,20.7,D - High Risk,1/4,0
MSME101106,,49.6,44.2,,46.7,C - Weak,2/4,0
MSME101107,19.6,21.1,,,20.2,D - High Risk,2/4,1
MSME101108,86.2,,,92.7,87.6,A - Strong,2/4,0
MSME101109,,32.6,,,32.6,D - High Risk,1/4,1
MSME101110,,46.5,72.8,,60.8,B - Moderate,2/4,0
MSME101111,,83.3,64.6,,73.1,B - Moderate,2/4,0
MSME101112,,28.6,,,28.6,D - High Risk,1/4,0
MSME101113,87.3,88.5,80.0,,85.2,A - Strong,3/4,0
MSME101114,,75.0,,74.6,74.9,B - Moderate,2/4,0
MSME101115,,29.2,22.7,,25.7,D - High Risk,2/4,0
MSME101116,,24.5,,16.9,22.3,D - High Risk,2/4,0
MSME101117,,28.5,34.4,,31.7,D - High Risk,2/4,0
MSME101118,,43.2,,,43.2,C - Weak,1/4,0
MSME101119,90.3,91.6,89.8,,90.5,A - Strong,3/4,0
MSME101120,49.6,85.7,,,64.6,B - Moderate,2/4,0
MSME101121,,45.6,51.0,,48.5,C - Weak,2/4,0
MSME101122,89.7,92.6,83.6,,88.5,A - Strong,3/4,0
MSME101123,52.3,56.6,,,54.1,C - Weak,2/4,0
MSME101124,88.3,86.6,,92.1,88.2,A - Strong,3/4,0
MSME101125,54.0,40.1,,58.4,49.7,C - Weak,3/4,0
MSME101126,,32.9,,,32.9,D - High Risk,1/4,0
MSME101127,,39.2,58.8,64.2,52.1,C - Weak,3/4,0
MSME101128,67.2,62.3,71.6,,67.3,B - Moderate,3/4,0
MSME101129,,56.9,,66.7,59.7,B - Moderate,2/4,0
MSME101130,90.9,87.7,,89.1,89.5,A - Strong,3/4,0
MSME101131,50.1,52.2,,,51.0,C - Weak,2/4,0
MSME101132,89.5,91.0,91.4,,90.6,A - Strong,3/4,0
MSME101133,83.9,85.9,87.6,79.8,85.1,A - Strong,4/4,0
MSME101134,90.4,93.2,91.2,,91.4,A - Strong,3/4,0
MSME101135,,65.5,,,65.5,B - Moderate,1/4,0
MSME101136,,62.4,,,62.4,B - Moderate,1/4,0
MSME101137,41.4,66.1,,,51.7,C - Weak,2/4,0
MSME101138,,27.7,,21.5,25.9,D - High Risk,2/4,0
MSME101139,,,,,,Unscoreable,0/4,0
MSME101140,,50.0,50.2,,50.1,C - Weak,2/4,0
MSME101141,40.2,,,,40.2,C - Weak,1/4,0
MSME101142,54.8,47.6,36.2,,46.6,C - Weak,3/4,0
MSME101143,,46.3,65.9,64.9,58.2,B - Moderate,3/4,0
MSME101144,76.6,77.2,,,76.8,A - Strong,2/4,0
MSME101145,74.9,77.0,81.3,80.7,77.9,A - Strong,4/4,0
MSME101146,31.1,25.7,,30.6,29.1,D - High Risk,3/4,1
MSME101147,50.4,85.1,,,64.9,B - Moderate,2/4,0
MSME101148,,31.0,56.0,,44.6,C - Weak,2/4,0
MSME101149,39.3,50.9,43.8,,44.0,C - Weak,3/4,0
MSME101150,84.6,74.8,76.9,,79.3,A - Strong,3/4,0
MSME101151,77.9,86.4,82.2,,81.7,A - Strong,3/4,0
MSME101152,,,,,,Unscoreable,0/4,0
MSME101153,50.1,53.7,,,51.6,C - Weak,2/4,0
MSME101154,,83.6,,,83.6,A - Strong,1/4,0
MSME101155,29.6,34.5,42.5,,35.3,C - Weak,3/4,0
MSME101156,46.9,71.9,57.9,,57.5,B - Moderate,3/4,0
MSME101157,72.6,83.6,,,77.2,A - Strong,2/4,0
MSME101158,82.1,85.9,,,83.7,A - Strong,2/4,0
MSME101159,,57.4,,,57.4,B - Moderate,1/4,0
MSME101160,,43.3,,,43.3,C - Weak,1/4,0
MSME101161,62.6,61.5,51.2,,58.5,B - Moderate,3/4,0
MSME101162,66.6,,80.0,,72.8,B - Moderate,2/4,0
MSME101163,90.6,94.4,90.1,89.5,91.3,A - Strong,4/4,0
MSME101164,25.6,31.2,,,27.9,D - High Risk,2/4,0
MSME101165,72.8,,,91.8,77.0,A - Strong,2/4,0
MSME101166,84.5,79.4,59.3,78.2,75.0,A - Strong,4/4,0
MSME101167,34.4,43.9,,,38.4,C - Weak,2/4,0
MSME101168,81.3,89.0,90.1,,86.4,A - Strong,3/4,0
MSME101169,,41.3,,24.0,36.4,C - Weak,2/4,0
MSME101170,37.1,39.4,31.4,24.8,34.7,D - High Risk,4/4,1
MSME101171,71.4,80.2,59.7,,69.9,B - Moderate,3/4,0
MSME101172,35.4,43.7,,,38.9,C - Weak,2/4,0
MSME101173,77.7,85.7,66.0,,76.0,A - Strong,3/4,1
MSME101174,57.1,69.5,52.5,,59.0,B - Moderate,3/4,0
MSME101175,,62.8,,,62.8,B - Moderate,1/4,0
MSME101176,84.2,85.9,,,84.9,A - Strong,2/4,0
MSME101177,,43.7,,34.8,41.2,C - Weak,2/4,0
MSME101178,33.3,48.4,,,39.6,C - Weak,2/4,0
MSME101179,57.8,42.7,65.7,68.7,57.5,B - Moderate,4/4,0
MSME101180,,,76.6,,76.6,A - Strong,1/4,0
MSME101181,53.9,41.4,,,48.7,C - Weak,2/4,0
MSME101182,68.0,73.5,,,70.3,B - Moderate,2/4,0
MSME101183,20.2,,,,20.2,D - High Risk,1/4,0
MSME101184,60.6,66.7,,,63.1,B - Moderate,2/4,0
MSME101185,77.6,,78.7,83.6,78.8,A - Strong,3/4,0
MSME101186,77.1,78.7,65.8,,73.8,B - Moderate,3/4,0
MSME101187,60.6,,,58.5,60.1,B - Moderate,2/4,1
MSME101188,24.4,,,,24.4,D - High Risk,1/4,0
MSME101189,54.7,,,,54.7,C - Weak,1/4,0
MSME101190,,86.7,73.3,,79.4,A - Strong,2/4,0
MSME101191,65.0,53.6,62.7,81.6,63.1,B - Moderate,4/4,0
MSME101192,71.7,70.7,,,71.3,B - Moderate,2/4,0
MSME101193,88.6,91.7,,80.9,88.6,A - Strong,3/4,0
MSME101194,78.3,86.9,70.6,,78.1,A - Strong,3/4,0
MSME101195,45.8,34.4,,,41.0,C - Weak,2/4,0
MSME101196,,57.4,,,57.4,B - Moderate,1/4,0
MSME101197,37.7,33.5,30.9,24.4,33.3,D - High Risk,4/4,0
MSME101198,21.2,,18.2,,19.8,D - High Risk,2/4,0
MSME101199,43.4,55.3,,35.4,46.5,C - Weak,3/4,0
MSME101200,,,,,,Unscoreable,0/4,0
MSME101201,,45.1,,,45.1,C - Weak,1/4,1
MSME101202,56.9,,62.2,55.7,58.9,B - Moderate,3/4,0
MSME101203,,,,,,Unscoreable,0/4,1
MSME101204,62.5,48.0,48.8,,53.9,C - Weak,3/4,0
MSME101205,89.7,84.7,69.3,,81.5,A - Strong,3/4,0
MSME101206,,58.4,,,58.4,B - Moderate,1/4,1
MSME101207,,40.7,37.7,,39.1,C - Weak,2/4,0
MSME101208,70.3,72.9,77.0,80.2,74.0,B - Moderate,4/4,0
MSME101209,51.9,36.1,,,45.3,C - Weak,2/4,0
MSME101210,,58.7,,,58.7,B - Moderate,1/4,0
MSME101211,87.8,92.2,84.6,,88.0,A - Strong,3/4,0
MSME101212,,58.8,,,58.8,B - Moderate,1/4,0
MSME101213,,36.2,42.4,,39.6,C - Weak,2/4,0
MSME101214,,49.3,46.7,66.3,50.7,C - Weak,3/4,0
MSME101215,61.6,56.3,,,59.4,B - Moderate,2/4,0
MSME101216,19.4,19.9,,,19.6,D - High Risk,2/4,1
MSME101217,,55.4,,,55.4,B - Moderate,1/4,0
MSME101218,77.2,,86.4,,81.4,A - Strong,2/4,0
MSME101219,,55.9,49.8,,52.6,C - Weak,2/4,0
MSME101220,,50.5,48.2,,49.2,C - Weak,2/4,0
MSME101221,,44.0,,61.0,48.9,C - Weak,2/4,0
MSME101222,,78.7,,,78.7,A - Strong,1/4,0
MSME101223,64.5,66.7,,,65.4,B - Moderate,2/4,0
MSME101224,,,,,,Unscoreable,0/4,1
MSME101225,41.3,48.7,,34.9,43.0,C - Weak,3/4,0
MSME101226,,40.5,,,40.5,C - Weak,1/4,0
MSME101227,18.4,25.9,,,21.5,D - High Risk,2/4,0
MSME101228,61.8,57.9,,49.7,58.7,B - Moderate,3/4,0
MSME101229,,54.8,,,54.8,C - Weak,1/4,0
MSME101230,44.8,66.0,,37.4,51.3,C - Weak,3/4,0
MSME101231,70.6,66.6,,60.8,67.8,B - Moderate,3/4,0
MSME101232,66.8,74.0,,,69.8,B - Moderate,2/4,0
MSME101233,49.8,61.7,,,54.8,C - Weak,2/4,0
MSME101234,62.5,72.1,,,66.5,B - Moderate,2/4,0
MSME101235,79.4,86.8,,83.8,82.7,A - Strong,3/4,0
MSME101236,47.2,41.7,38.3,,42.7,C - Weak,3/4,0
MSME101237,65.3,,,,65.3,B - Moderate,1/4,0
MSME101238,,66.1,,73.9,68.3,B - Moderate,2/4,0
MSME101239,31.0,,,,31.0,D - High Risk,1/4,0
MSME101240,81.8,88.1,76.7,,81.8,A - Strong,3/4,0
MSME101241,90.7,90.9,,,90.8,A - Strong,2/4,0
MSME101242,,57.9,64.2,,61.3,B - Moderate,2/4,0
MSME101243,70.5,76.5,72.9,,73.0,B - Moderate,3/4,0
MSME101244,81.5,80.7,76.2,,79.5,A - Strong,3/4,0
MSME101245,51.5,,66.4,63.3,59.0,B - Moderate,3/4,0
MSME101246,,23.7,25.3,42.9,27.4,D - High Risk,3/4,0
MSME101247,,90.7,88.0,,89.2,A - Strong,2/4,0
MSME101248,36.6,,,36.6,36.6,C - Weak,2/4,1
MSME101249,75.6,,83.7,87.8,80.5,A - Strong,3/4,0
MSME101250,,71.3,,,71.3,B - Moderate,1/4,0
MSME101251,88.5,79.4,83.9,86.7,84.7,A - Strong,4/4,0
MSME101252,,32.5,27.3,,29.7,D - High Risk,2/4,0
MSME101253,,85.8,,,85.8,A - Strong,1/4,0
MSME101254,73.3,,68.8,,71.2,B - Moderate,2/4,0
MSME101255,63.1,87.1,71.6,67.8,72.1,B - Moderate,4/4,0
MSME101256,77.6,75.7,79.1,76.4,77.5,A - Strong,4/4,0
MSME101257,37.9,69.0,,48.1,50.5,C - Weak,3/4,0
MSME101258,,53.8,62.1,,58.3,B - Moderate,2/4,0
MSME101259,51.2,57.4,,27.7,50.1,C - Weak,3/4,1
MSME101260,64.9,82.1,,58.9,70.2,B - Moderate,3/4,0
MSME101261,25.8,,,,25.8,D - High Risk,1/4,0
MSME101262,78.7,71.3,,,75.6,A - Strong,2/4,0
MSME101263,,,,,,Unscoreable,0/4,0
MSME101264,37.7,33.9,35.7,,36.0,C - Weak,3/4,0
MSME101265,,42.2,,21.6,36.3,C - Weak,2/4,0
MSME101266,,36.6,,,36.6,C - Weak,1/4,0
MSME101267,76.4,71.3,74.6,,74.4,B - Moderate,3/4,0
MSME101268,,61.0,63.8,,62.5,B - Moderate,2/4,0
MSME101269,46.0,53.6,45.0,,47.8,C - Weak,3/4,0
MSME101270,88.0,86.8,,85.4,87.2,A - Strong,3/4,0
MSME101271,,34.7,,,34.7,D - High Risk,1/4,0
MSME101272,41.0,,,,41.0,C - Weak,1/4,0
MSME101273,70.4,65.4,,,68.3,B - Moderate,2/4,0
MSME101274,,,83.7,,83.7,A - Strong,1/4,0
MSME101275,58.0,54.1,,58.5,56.7,B - Moderate,3/4,0
MSME101276,32.0,31.6,,,31.8,D - High Risk,2/4,0
MSME101277,,80.4,,,80.4,A - Strong,1/4,0
MSME101278,36.1,44.9,,59.0,42.5,C - Weak,3/4,0
MSME101279,,64.8,,45.5,59.3,B - Moderate,2/4,0
MSME101280,27.8,27.5,31.2,,28.9,D - High Risk,3/4,0
MSME101281,,68.0,,,68.0,B - Moderate,1/4,0
MSME101282,,63.7,,63.3,63.6,B - Moderate,2/4,0
MSME101283,25.5,,,20.4,24.4,D - High Risk,2/4,1
MSME101284,,,57.0,,57.0,B - Moderate,1/4,0
MSME101285,,,,58.5,58.5,B - Moderate,1/4,0
MSME101286,,24.1,,21.8,23.4,D - High Risk,2/4,0
MSME101287,83.4,,85.2,,84.2,A - Strong,2/4,0
MSME101288,,25.6,,,25.6,D - High Risk,1/4,1
MSME101289,73.7,89.3,61.9,,74.1,B - Moderate,3/4,0
MSME101290,59.3,58.6,,,59.0,B - Moderate,2/4,0
MSME101291,,64.8,,,64.8,B - Moderate,1/4,0
MSME101292,,56.0,62.8,,59.7,B - Moderate,2/4,1
MSME101293,87.7,93.8,74.5,,85.0,A - Strong,3/4,0
MSME101294,,,,,,Unscoreable,0/4,1
MSME101295,60.4,60.3,69.9,,63.5,B - Moderate,3/4,0
MSME101296,84.2,87.9,,,85.7,A - Strong,2/4,0
MSME101297,,,70.9,,70.9,B - Moderate,1/4,0
MSME101298,84.6,93.7,,,88.4,A - Strong,2/4,0
MSME101299,,,,,,Unscoreable,0/4,1
MSME101300,57.5,61.0,,,59.0,B - Moderate,2/4,0
MSME101301,40.8,,,,40.8,C - Weak,1/4,0
MSME101302,,83.9,,64.1,78.2,A - Strong,2/4,0
MSME101303,,78.4,87.0,,83.1,A - Strong,2/4,0
MSME101304,75.2,66.9,75.3,86.4,74.3,B - Moderate,4/4,0
MSME101305,63.8,65.9,53.9,58.0,60.8,B - Moderate,4/4,0
MSME101306,58.6,61.8,,,59.9,B - Moderate,2/4,0
MSME101307,37.9,,,39.2,38.2,C - Weak,2/4,0
MSME101308,55.8,36.9,,51.7,48.5,C - Weak,3/4,1
MSME101309,,30.2,,55.5,37.4,C - Weak,2/4,0
MSME101310,80.6,81.1,74.3,,78.6,A - Strong,3/4,0
MSME101311,,54.7,,21.7,45.3,C - Weak,2/4,0
MSME101312,50.2,77.2,,,61.5,B - Moderate,2/4,0
MSME101313,,30.4,45.0,47.1,39.7,C - Weak,3/4,0
MSME101314,24.1,42.5,,,31.8,D - High Risk,2/4,0
MSME101315,50.4,,,44.0,49.0,C - Weak,2/4,0
MSME101316,33.8,47.1,,,39.3,C - Weak,2/4,0
MSME101317,86.5,91.7,78.2,,85.2,A - Strong,3/4,0
MSME101318,40.7,,32.0,,36.7,C - Weak,2/4,1
MSME101319,74.3,87.8,88.3,94.2,83.9,A - Strong,4/4,0
MSME101320,80.2,80.4,81.0,,80.5,A - Strong,3/4,0
MSME101321,69.2,80.9,,,74.1,B - Moderate,2/4,0
MSME101322,82.6,90.9,,,86.1,A - Strong,2/4,0
MSME101323,86.3,87.4,84.9,,86.1,A - Strong,3/4,0
MSME101324,,74.1,,,74.1,B - Moderate,1/4,0
MSME101325,71.6,,,,71.6,B - Moderate,1/4,0
MSME101326,,44.9,62.6,,54.6,C - Weak,2/4,0
MSME101327,,61.8,,67.4,63.4,B - Moderate,2/4,0
MSME101328,,48.1,,,48.1,C - Weak,1/4,0
MSME101329,39.8,,,39.9,39.8,C - Weak,2/4,0
MSME101330,78.4,,83.3,,80.7,A - Strong,2/4,0
MSME101331,78.6,84.7,70.9,,77.7,A - Strong,3/4,0
MSME101332,81.6,85.8,90.8,,85.8,A - Strong,3/4,0
MSME101333,77.2,76.3,83.4,81.4,79.3,A - Strong,4/4,0
MSME101334,75.2,,82.8,,78.7,A - Strong,2/4,0
MSME101335,62.0,57.9,49.7,,56.8,B - Moderate,3/4,0
MSME101336,,82.7,90.5,,87.0,A - Strong,2/4,0
MSME101337,32.9,42.1,30.6,,34.7,D - High Risk,3/4,0
MSME101338,38.5,50.8,23.5,,36.9,C - Weak,3/4,0
MSME101339,77.6,79.8,,,78.5,A - Strong,2/4,0
MSME101340,59.0,56.0,,57.1,57.7,B - Moderate,3/4,0
MSME101341,78.3,81.3,,,79.5,A - Strong,2/4,0
MSME101342,40.9,60.3,,,49.0,C - Weak,2/4,0
MSME101343,,62.2,54.7,,58.1,B - Moderate,2/4,0
MSME101344,56.2,69.1,,,61.6,B - Moderate,2/4,0
MSME101345,,71.5,77.5,,74.8,B - Moderate,2/4,0
MSME101346,34.4,39.8,,,36.6,C - Weak,2/4,0
MSME101347,,,16.9,,16.9,D - High Risk,1/4,1
MSME101348,,47.8,42.0,,44.6,C - Weak,2/4,0
MSME101349,,60.2,,,60.2,B - Moderate,1/4,0
MSME101350,55.5,,57.3,60.1,56.8,B - Moderate,3/4,0
MSME101351,54.5,67.2,42.9,,54.2,C - Weak,3/4,0
MSME101352,,46.1,38.2,46.5,42.5,C - Weak,3/4,0
MSME101353,61.7,65.9,43.1,,56.7,B - Moderate,3/4,1
MSME101354,,36.3,45.9,,41.5,C - Weak,2/4,0
MSME101355,64.3,60.9,74.1,,66.6,B - Moderate,3/4,0
MSME101356,,72.7,76.4,,74.7,B - Moderate,2/4,0
MSME101357,,59.8,35.6,,46.6,C - Weak,2/4,0
MSME101358,83.5,93.0,86.3,,87.1,A - Strong,3/4,0
MSME101359,84.5,,88.8,86.3,86.5,A - Strong,3/4,0
MSME101360,,,,44.3,44.3,C - Weak,1/4,0
MSME101361,,52.2,61.1,54.6,56.7,B - Moderate,3/4,0
MSME101362,82.4,83.1,72.5,,79.3,A - Strong,3/4,0
MSME101363,,55.6,,,55.6,B - Moderate,1/4,0
MSME101364,,44.5,57.3,,51.5,C - Weak,2/4,0
MSME101365,36.6,,44.4,43.6,40.7,C - Weak,3/4,0
MSME101366,51.0,64.2,,,56.5,B - Moderate,2/4,0
MSME101367,38.9,,,,38.9,C - Weak,1/4,0
MSME101368,82.1,78.8,,,80.7,A - Strong,2/4,0
MSME101369,63.7,66.0,49.9,,59.7,B - Moderate,3/4,0
MSME101370,18.9,32.9,21.2,,23.6,D - High Risk,3/4,1
MSME101371,89.4,89.6,,88.7,89.4,A - Strong,3/4,0
MSME101372,,29.0,18.3,,23.2,D - High Risk,2/4,1
MSME101373,85.8,88.4,,85.7,86.7,A - Strong,3/4,0
MSME101374,68.7,83.0,70.7,,73.3,B - Moderate,3/4,0
MSME101375,,61.7,68.2,,65.2,B - Moderate,2/4,0
MSME101376,52.1,73.7,,,61.1,B - Moderate,2/4,0
MSME101377,79.0,86.3,,,82.0,A - Strong,2/4,0
MSME101378,54.1,76.9,64.1,69.1,64.3,B - Moderate,4/4,0
MSME101379,60.9,,,,60.9,B - Moderate,1/4,0
MSME101380,20.2,33.9,,,25.9,D - High Risk,2/4,1
MSME101381,60.3,55.2,62.6,,59.7,B - Moderate,3/4,0
MSME101382,84.0,91.0,73.6,,82.5,A - Strong,3/4,0
MSME101383,33.9,42.9,,32.7,36.9,C - Weak,3/4,1
MSME101384,77.4,,88.0,93.5,83.8,A - Strong,3/4,0
MSME101385,82.1,79.9,65.9,,76.1,A - Strong,3/4,0
MSME101386,,82.9,,69.0,78.9,A - Strong,2/4,0
MSME101387,56.1,45.9,,,51.9,C - Weak,2/4,0
MSME101388,30.8,33.8,30.7,,31.6,D - High Risk,3/4,0
MSME101389,,53.3,,,53.3,C - Weak,1/4,1
MSME101390,31.6,48.9,,,38.8,C - Weak,2/4,0
MSME101391,61.0,,,55.8,59.8,B - Moderate,2/4,0
MSME101392,,48.3,74.7,,62.7,B - Moderate,2/4,0
MSME101393,,,63.0,,63.0,B - Moderate,1/4,0
MSME101394,86.5,,,92.6,87.9,A - Strong,2/4,0
MSME101395,,31.2,,,31.2,D - High Risk,1/4,0
MSME101396,53.7,72.2,62.9,,61.9,B - Moderate,3/4,0
MSME101397,86.9,91.1,80.8,,86.0,A - Strong,3/4,0
MSME101398,83.3,91.1,,,86.5,A - Strong,2/4,0
MSME101399,,33.1,,,33.1,D - High Risk,1/4,0
MSME101400,,82.4,,,82.4,A - Strong,1/4,0
MSME101401,,67.0,,,67.0,B - Moderate,1/4,0
MSME101402,,57.2,,82.6,64.5,B - Moderate,2/4,0
MSME101403,77.5,86.0,70.5,,77.5,A - Strong,3/4,0
MSME101404,43.8,35.7,,,40.4,C - Weak,2/4,0
MSME101405,68.7,64.6,68.5,,67.5,B - Moderate,3/4,0
MSME101406,66.2,,70.1,,68.0,B - Moderate,2/4,0
MSME101407,78.6,77.8,86.1,,80.9,A - Strong,3/4,0
MSME101408,,,,54.6,54.6,C - Weak,1/4,0
MSME101409,31.6,,,43.3,34.2,D - High Risk,2/4,0
MSME101410,68.7,86.7,,76.0,76.2,A - Strong,3/4,0
MSME101411,,,85.6,88.0,86.2,A - Strong,2/4,0
MSME101412,73.2,77.9,,51.7,71.8,B - Moderate,3/4,0
MSME101413,72.3,,,69.8,71.7,B - Moderate,2/4,0
MSME101414,73.6,63.6,,62.7,68.5,B - Moderate,3/4,0
MSME101415,75.8,85.7,70.0,,76.6,A - Strong,3/4,0
MSME101416,69.2,56.9,68.0,,65.4,B - Moderate,3/4,1
MSME101417,79.9,90.8,63.4,,77.4,A - Strong,3/4,0
MSME101418,63.8,73.3,53.0,,62.8,B - Moderate,3/4,0
MSME101419,,76.7,,,76.7,A - Strong,1/4,0
MSME101420,,71.1,,,71.1,B - Moderate,1/4,0
MSME101421,,28.7,,,28.7,D - High Risk,1/4,1
MSME101422,84.2,85.7,86.1,,85.2,A - Strong,3/4,0
MSME101423,,88.4,,,88.4,A - Strong,1/4,0
MSME101424,,21.2,,,21.2,D - High Risk,1/4,1
MSME101425,45.8,54.8,54.6,,51.2,C - Weak,3/4,0
MSME101426,74.8,85.3,73.0,89.4,78.3,A - Strong,4/4,0
MSME101427,43.6,42.5,32.4,,39.6,C - Weak,3/4,0
MSME101428,,,,,,Unscoreable,0/4,1
MSME101429,,81.7,,,81.7,A - Strong,1/4,0
MSME101430,86.2,,87.1,90.0,87.1,A - Strong,3/4,0
MSME101431,26.8,31.5,,17.2,27.1,D - High Risk,3/4,0
MSME101432,,,32.9,,32.9,D - High Risk,1/4,0
MSME101433,84.1,79.7,87.2,,83.9,A - Strong,3/4,0
MSME101434,,41.2,,,41.2,C - Weak,1/4,0
MSME101435,66.5,88.4,,55.0,72.7,B - Moderate,3/4,0
MSME101436,,63.0,51.2,,56.6,B - Moderate,2/4,0
MSME101437,,66.2,84.7,,76.3,A - Strong,2/4,0
MSME101438,41.8,,,48.7,43.3,C - Weak,2/4,0
MSME101439,,33.4,53.4,,44.3,C - Weak,2/4,0
MSME101440,,48.2,46.1,,47.1,C - Weak,2/4,0
MSME101441,55.1,69.3,59.2,,60.4,B - Moderate,3/4,0
MSME101442,15.6,19.5,,,17.2,D - High Risk,2/4,0
MSME101443,85.8,93.5,84.2,,87.4,A - Strong,3/4,0
MSME101444,86.0,78.2,88.2,,84.6,A - Strong,3/4,0
MSME101445,87.4,77.4,,72.2,81.7,A - Strong,3/4,0
MSME101446,,46.8,,,46.8,C - Weak,1/4,0
MSME101447,,80.3,,,80.3,A - Strong,1/4,0
MSME101448,,26.0,20.4,24.1,23.1,D - High Risk,3/4,0
MSME101449,,,,,,Unscoreable,0/4,1
MSME101450,88.7,92.3,,,90.2,A - Strong,2/4,0
MSME101451,88.4,87.3,80.6,,85.5,A - Strong,3/4,0
MSME101452,48.9,,,,48.9,C - Weak,1/4,0
MSME101453,40.0,,36.2,55.4,40.5,C - Weak,3/4,0
MSME101454,33.5,30.1,27.7,,30.6,D - High Risk,3/4,1
MSME101455,62.4,58.5,68.6,,63.4,B - Moderate,3/4,0
MSME101456,,61.2,55.7,,58.2,B - Moderate,2/4,0
MSME101457,,43.7,,,43.7,C - Weak,1/4,0
MSME101458,65.8,,83.9,,74.2,B - Moderate,2/4,0
MSME101459,46.9,45.3,,,46.2,C - Weak,2/4,0
MSME101460,68.9,,67.9,,68.4,B - Moderate,2/4,0
MSME101461,62.3,,,,62.3,B - Moderate,1/4,0
MSME101462,,49.4,81.9,,67.1,B - Moderate,2/4,0
MSME101463,,40.3,,,40.3,C - Weak,1/4,0
MSME101464,,59.1,47.6,38.9,50.7,C - Weak,3/4,0
MSME101465,,,,,,Unscoreable,0/4,0
MSME101466,78.2,91.9,,,83.9,A - Strong,2/4,0
MSME101467,,71.3,,,71.3,B - Moderate,1/4,0
MSME101468,53.8,,,,53.8,C - Weak,1/4,0
MSME101469,45.7,63.1,54.3,,53.4,C - Weak,3/4,0
MSME101470,83.8,86.0,73.8,84.3,81.4,A - Strong,4/4,0
MSME101471,72.4,78.2,,,74.8,B - Moderate,2/4,0
MSME101472,,64.7,76.8,,71.3,B - Moderate,2/4,0
MSME101473,,39.7,47.8,,44.1,C - Weak,2/4,0
MSME101474,65.6,49.6,64.3,,60.7,B - Moderate,3/4,0
MSME101475,76.9,83.8,,,79.8,A - Strong,2/4,0
MSME101476,40.9,40.7,54.8,,45.5,C - Weak,3/4,0
MSME101477,74.1,,,69.8,73.1,B - Moderate,2/4,0
MSME101478,,45.3,,,45.3,C - Weak,1/4,0
MSME101479,,19.4,,,19.4,D - High Risk,1/4,1
MSME101480,,39.0,,,39.0,C - Weak,1/4,0
MSME101481,82.2,82.3,,,82.2,A - Strong,2/4,0
MSME101482,20.9,33.6,,,26.2,D - High Risk,2/4,0
MSME101483,,56.3,,,56.3,B - Moderate,1/4,0
MSME101484,76.6,,,71.6,75.5,A - Strong,2/4,0
MSME101485,33.0,30.3,,,31.9,D - High Risk,2/4,0
MSME101486,48.4,61.7,,,53.9,C - Weak,2/4,0
MSME101487,90.3,94.4,83.4,92.6,89.5,A - Strong,4/4,0
MSME101488,64.0,68.8,,,66.0,B - Moderate,2/4,0
MSME101489,,48.6,,,48.6,C - Weak,1/4,1
MSME101490,,43.9,23.0,,32.5,D - High Risk,2/4,0
MSME101491,67.4,,,,67.4,B - Moderate,1/4,0
MSME101492,,65.3,,73.3,67.6,B - Moderate,2/4,0
MSME101493,,,,,,Unscoreable,0/4,0
MSME101494,21.6,33.0,,,26.4,D - High Risk,2/4,0
MSME101495,78.4,79.5,72.4,,76.7,A - Strong,3/4,1
MSME101496,90.1,90.5,,90.0,90.2,A - Strong,3/4,0
MSME101497,76.2,81.2,66.9,78.1,74.8,B - Moderate,4/4,0
MSME101498,,65.9,65.0,,65.4,B - Moderate,2/4,0
MSME101499,71.4,77.6,,74.2,74.0,B - Moderate,3/4,0
MSME101500,86.5,84.8,73.9,,81.8,A - Strong,3/4,0
MSME101501,56.4,77.8,53.3,49.4,60.1,B - Moderate,4/4,1
MSME101502,45.4,67.0,,,54.4,C - Weak,2/4,0
MSME101503,,,,,,Unscoreable,0/4,0
MSME101504,41.2,,49.4,44.2,44.9,C - Weak,3/4,0
MSME101505,,38.8,47.0,,43.3,C - Weak,2/4,0
MSME101506,79.3,85.3,,,81.8,A - Strong,2/4,0
MSME101507,,23.2,33.4,,28.8,D - High Risk,2/4,0
MSME101508,,45.9,34.8,,39.8,C - Weak,2/4,0
MSME101509,78.3,,88.1,,82.8,A - Strong,2/4,0
MSME101510,,27.6,20.5,22.2,23.5,D - High Risk,3/4,0
MSME101511,,56.5,27.8,,40.8,C - Weak,2/4,0
MSME101512,82.9,82.8,,,82.9,A - Strong,2/4,0
MSME101513,,,61.5,,61.5,B - Moderate,1/4,0
MSME101514,87.2,93.1,80.6,,86.6,A - Strong,3/4,0
MSME101515,77.3,82.8,70.5,,76.6,A - Strong,3/4,0
MSME101516,84.0,76.0,,,80.7,A - Strong,2/4,0
MSME101517,,,67.5,,67.5,B - Moderate,1/4,0
MSME101518,74.9,82.3,83.2,,79.7,A - Strong,3/4,0
MSME101519,26.0,27.5,,,26.6,D - High Risk,2/4,0
MSME101520,,82.0,,,82.0,A - Strong,1/4,0
MSME101521,,26.6,47.8,,38.2,C - Weak,2/4,0
MSME101522,81.2,,,,81.2,A - Strong,1/4,0
MSME101523,61.0,63.4,78.1,63.4,67.0,B - Moderate,4/4,0
MSME101524,,,86.2,,86.2,A - Strong,1/4,0
MSME101525,,44.8,,,44.8,C - Weak,1/4,0
MSME101526,,53.6,44.2,,48.5,C - Weak,2/4,0
MSME101527,,,40.1,48.2,42.1,C - Weak,2/4,0
MSME101528,70.5,81.4,66.4,,72.2,B - Moderate,3/4,0
MSME101529,77.0,87.2,67.0,86.5,77.5,A - Strong,4/4,0
MSME101530,78.2,89.6,61.5,90.1,77.2,A - Strong,4/4,0
MSME101531,88.9,83.2,,,86.5,A - Strong,2/4,0
MSME101532,70.2,61.4,,,66.5,B - Moderate,2/4,1
MSME101533,,34.9,,30.6,33.7,D - High Risk,2/4,0
MSME101534,42.7,71.9,,44.6,53.4,C - Weak,3/4,0
MSME101535,46.0,63.1,,39.1,51.1,C - Weak,3/4,0
MSME101536,77.6,,,87.5,79.8,A - Strong,2/4,0
MSME101537,68.3,71.5,69.0,,69.4,B - Moderate,3/4,0
MSME101538,,60.9,67.3,,64.4,B - Moderate,2/4,0
MSME101539,,24.8,,,24.8,D - High Risk,1/4,0
MSME101540,,47.7,,39.1,45.2,C - Weak,2/4,0
MSME101541,54.1,50.2,,,52.5,C - Weak,2/4,1
MSME101542,64.7,64.4,,,64.6,B - Moderate,2/4,0
MSME101543,,35.5,,,35.5,C - Weak,1/4,0
MSME101544,60.7,56.0,66.4,,61.3,B - Moderate,3/4,1
MSME101545,,66.8,55.6,,60.7,B - Moderate,2/4,0
MSME101546,39.4,46.8,,,42.5,C - Weak,2/4,0
MSME101547,,,64.3,,64.3,B - Moderate,1/4,0
MSME101548,,47.0,33.3,,39.5,C - Weak,2/4,0
MSME101549,66.8,83.4,,,73.7,B - Moderate,2/4,0
MSME101550,64.3,55.1,,61.0,60.5,B - Moderate,3/4,0
MSME101551,,23.2,,,23.2,D - High Risk,1/4,1
MSME101552,53.9,80.6,59.8,,63.3,B - Moderate,3/4,0
MSME101553,30.5,24.3,,,27.9,D - High Risk,2/4,0
MSME101554,,29.0,,,29.0,D - High Risk,1/4,0
MSME101555,54.8,64.2,61.4,,59.6,B - Moderate,3/4,0
MSME101556,69.5,,,55.5,66.4,B - Moderate,2/4,1
MSME101557,39.1,,29.0,,34.4,D - High Risk,2/4,0
MSME101558,,48.8,,,48.8,C - Weak,1/4,0
MSME101559,63.7,45.5,53.5,,55.2,B - Moderate,3/4,0
MSME101560,83.4,87.6,,85.6,85.2,A - Strong,3/4,0
MSME101561,,68.8,,,68.8,B - Moderate,1/4,0
MSME101562,39.0,,,,39.0,C - Weak,1/4,0
MSME101563,42.5,,64.6,,52.7,C - Weak,2/4,0
MSME101564,32.6,,29.1,21.4,29.7,D - High Risk,3/4,0
MSME101565,33.9,42.6,17.2,,30.8,D - High Risk,3/4,0
MSME101566,22.3,22.4,31.5,,25.4,D - High Risk,3/4,1
MSME101567,24.4,27.1,26.9,37.7,27.2,D - High Risk,4/4,0
MSME101568,,48.3,60.1,,54.7,C - Weak,2/4,0
MSME101569,,58.6,,,58.6,B - Moderate,1/4,0
MSME101570,,59.2,54.6,,56.7,B - Moderate,2/4,0
MSME101571,,31.7,,,31.7,D - High Risk,1/4,0
MSME101572,,52.9,66.9,,60.5,B - Moderate,2/4,0
MSME101573,28.8,,,,28.8,D - High Risk,1/4,0
MSME101574,87.2,90.7,80.1,,85.8,A - Strong,3/4,0
MSME101575,,37.7,,50.9,41.5,C - Weak,2/4,0
MSME101576,,82.5,,,82.5,A - Strong,1/4,0
MSME101577,55.9,70.5,,54.0,60.8,B - Moderate,3/4,0
MSME101578,61.2,60.8,60.3,74.9,62.2,B - Moderate,4/4,0
MSME101579,82.2,,82.4,92.0,83.6,A - Strong,3/4,0
MSME101580,76.7,80.6,76.0,,77.6,A - Strong,3/4,0
MSME101581,46.5,53.0,60.1,,52.8,C - Weak,3/4,0
MSME101582,82.7,85.5,73.3,,80.3,A - Strong,3/4,0
MSME101583,,24.6,,,24.6,D - High Risk,1/4,0
MSME101584,50.5,,55.8,,52.9,C - Weak,2/4,0
MSME101585,83.9,89.9,85.8,92.1,86.8,A - Strong,4/4,0
MSME101586,,52.3,,,52.3,C - Weak,1/4,0
MSME101587,,31.7,37.6,,34.9,D - High Risk,2/4,0
MSME101588,88.2,90.1,90.8,,89.6,A - Strong,3/4,0
MSME101589,59.2,70.3,65.6,,64.4,B - Moderate,3/4,0
MSME101590,,40.8,,,40.8,C - Weak,1/4,0
MSME101591,77.1,86.6,62.7,,74.9,B - Moderate,3/4,0
MSME101592,56.4,82.6,,85.1,69.9,B - Moderate,3/4,0
MSME101593,21.8,31.4,,,25.8,D - High Risk,2/4,1
MSME101594,,,,39.1,39.1,C - Weak,1/4,0
MSME101595,58.3,86.0,,,69.8,B - Moderate,2/4,1
MSME101596,,29.6,,,29.6,D - High Risk,1/4,0
MSME101597,24.9,34.4,,,28.9,D - High Risk,2/4,0
MSME101598,,52.7,,,52.7,C - Weak,1/4,0
MSME101599,,26.5,,,26.5,D - High Risk,1/4,1
MSME101600,29.2,28.4,,,28.9,D - High Risk,2/4,1
MSME101601,,56.6,66.7,,62.1,B - Moderate,2/4,0
MSME101602,67.8,86.0,,,75.4,A - Strong,2/4,0
MSME101603,,75.0,79.6,75.4,77.2,A - Strong,3/4,0
MSME101604,67.1,65.1,53.0,,61.8,B - Moderate,3/4,0
MSME101605,77.4,,,,77.4,A - Strong,1/4,0
MSME101606,87.6,82.9,90.5,,87.3,A - Strong,3/4,0
MSME101607,,,,34.1,34.1,D - High Risk,1/4,1
MSME101608,,67.9,61.3,,64.3,B - Moderate,2/4,0
MSME101609,,,,,,Unscoreable,0/4,0
MSME101610,75.8,84.7,56.9,,72.0,B - Moderate,3/4,0
MSME101611,,66.6,88.5,,78.5,A - Strong,2/4,0
MSME101612,45.7,43.2,25.9,,38.4,C - Weak,3/4,0
MSME101613,84.5,88.3,84.7,,85.6,A - Strong,3/4,0
MSME101614,92.7,92.9,90.8,,92.1,A - Strong,3/4,0
MSME101615,,23.9,27.7,,26.0,D - High Risk,2/4,0
MSME101616,44.3,62.5,,,51.9,C - Weak,2/4,0
MSME101617,84.3,81.6,,90.4,84.2,A - Strong,3/4,0
MSME101618,,,92.0,,92.0,A - Strong,1/4,0
MSME101619,,61.8,,,61.8,B - Moderate,1/4,0
MSME101620,33.6,28.5,,,31.5,D - High Risk,2/4,1
MSME101621,,61.1,57.8,,59.3,B - Moderate,2/4,0
MSME101622,39.0,,,,39.0,C - Weak,1/4,0
MSME101623,,33.2,,34.0,33.4,D - High Risk,2/4,1
MSME101624,,,57.5,63.1,58.9,B - Moderate,2/4,1
MSME101625,82.0,84.4,,74.1,81.7,A - Strong,3/4,0
MSME101626,39.5,47.6,41.6,,42.5,C - Weak,3/4,0
MSME101627,59.2,51.5,53.2,,55.1,B - Moderate,3/4,0
MSME101628,50.6,55.2,,,52.5,C - Weak,2/4,0
MSME101629,,66.3,87.4,,77.8,A - Strong,2/4,0
MSME101630,,55.9,37.8,,46.0,C - Weak,2/4,0
MSME101631,86.6,91.6,83.3,93.2,87.5,A - Strong,4/4,0
MSME101632,,55.7,62.0,71.6,61.1,B - Moderate,3/4,0
MSME101633,45.6,56.4,50.1,,50.1,C - Weak,3/4,0
MSME101634,81.3,74.9,71.4,77.1,76.3,A - Strong,4/4,0
MSME101635,,22.3,,,22.3,D - High Risk,1/4,0
MSME101636,,66.3,85.3,,76.7,A - Strong,2/4,0
MSME101637,,85.4,88.2,,86.9,A - Strong,2/4,0
MSME101638,,44.0,46.1,,45.1,C - Weak,2/4,0
MSME101639,55.9,,,51.3,54.9,C - Weak,2/4,1
MSME101640,88.0,,92.9,93.4,90.7,A - Strong,3/4,0
MSME101641,,,,58.6,58.6,B - Moderate,1/4,0
MSME101642,59.5,80.3,59.5,73.8,66.1,B - Moderate,4/4,0
MSME101643,24.0,,,36.4,26.8,D - High Risk,2/4,1
MSME101644,76.9,83.3,79.4,,79.5,A - Strong,3/4,0
MSME101645,,25.8,,44.4,31.1,D - High Risk,2/4,0
MSME101646,73.2,69.4,78.3,,73.8,B - Moderate,3/4,0
MSME101647,,30.8,,,30.8,D - High Risk,1/4,1
MSME101648,69.6,87.5,82.9,,79.0,A - Strong,3/4,0
MSME101649,84.6,80.2,,78.9,82.2,A - Strong,3/4,0
MSME101650,46.1,34.7,50.6,,44.4,C - Weak,3/4,0
MSME101651,66.4,69.6,54.9,,63.5,B - Moderate,3/4,0
MSME101652,59.0,67.4,,50.5,60.8,B - Moderate,3/4,0
MSME101653,,30.1,,,30.1,D - High Risk,1/4,0
MSME101654,37.3,,47.0,35.1,40.9,C - Weak,3/4,0
MSME101655,68.8,70.6,70.0,,69.7,B - Moderate,3/4,0
MSME101656,27.9,,,,27.9,D - High Risk,1/4,1
MSME101657,74.5,88.8,86.8,86.2,82.9,A - Strong,4/4,0
MSME101658,23.8,29.1,,,26.0,D - High Risk,2/4,0
MSME101659,,51.7,38.1,41.7,43.9,C - Weak,3/4,1
MSME101660,24.7,,22.8,,23.8,D - High Risk,2/4,1
MSME101661,80.4,88.1,,,83.6,A - Strong,2/4,0
MSME101662,,82.8,,,82.8,A - Strong,1/4,0
MSME101663,,48.0,37.2,,42.1,C - Weak,2/4,0
MSME101664,,,,,,Unscoreable,0/4,0
MSME101665,54.0,70.4,,,60.8,B - Moderate,2/4,0
MSME101666,20.0,,19.4,,19.7,D - High Risk,2/4,0
MSME101667,79.5,85.0,72.9,,78.8,A - Strong,3/4,0
MSME101668,59.4,54.9,70.0,,61.7,B - Moderate,3/4,0
MSME101669,36.6,45.9,,,40.5,C - Weak,2/4,0
MSME101670,70.6,72.0,,,71.2,B - Moderate,2/4,0
MSME101671,,62.5,51.8,,56.7,B - Moderate,2/4,0
MSME101672,46.4,,24.6,,36.3,C - Weak,2/4,0
MSME101673,70.8,51.6,64.7,,63.4,B - Moderate,3/4,0
MSME101674,89.4,91.2,90.9,93.8,90.7,A - Strong,4/4,0
MSME101675,52.9,,44.7,,49.1,C - Weak,2/4,0
MSME101676,67.5,,,,67.5,B - Moderate,1/4,0
MSME101677,64.1,68.2,45.0,,58.9,B - Moderate,3/4,0
MSME101678,80.8,,,,80.8,A - Strong,1/4,0
MSME101679,,42.8,,,42.8,C - Weak,1/4,0
MSME101680,56.9,53.8,,46.6,54.3,C - Weak,3/4,0
MSME101681,51.6,68.1,,,58.5,B - Moderate,2/4,0
MSME101682,88.5,89.5,92.1,,90.0,A - Strong,3/4,0
MSME101683,83.1,84.7,80.4,,82.6,A - Strong,3/4,0
MSME101684,36.3,,34.2,44.4,36.5,C - Weak,3/4,0
MSME101685,77.2,84.4,,,80.2,A - Strong,2/4,0
MSME101686,62.2,72.7,,,66.6,B - Moderate,2/4,0
MSME101687,42.1,55.7,,69.6,50.9,C - Weak,3/4,0
MSME101688,,54.4,,,54.4,C - Weak,1/4,1
MSME101689,79.7,74.2,,,77.4,A - Strong,2/4,0
MSME101690,51.1,70.5,49.7,43.1,54.7,C - Weak,4/4,0
MSME101691,90.7,86.8,89.4,,89.2,A - Strong,3/4,0
MSME101692,50.8,58.3,,41.4,52.1,C - Weak,3/4,0
MSME101693,87.4,,89.0,,88.1,A - Strong,2/4,0
MSME101694,70.6,,,79.0,72.5,B - Moderate,2/4,0
MSME101695,,37.2,,,37.2,C - Weak,1/4,0
MSME101696,,43.2,,,43.2,C - Weak,1/4,0
MSME101697,82.4,,79.4,,81.0,A - Strong,2/4,0
MSME101698,57.7,,,66.1,59.6,B - Moderate,2/4,0
MSME101699,84.8,,,,84.8,A - Strong,1/4,0
MSME101700,72.6,,,66.0,71.1,B - Moderate,2/4,0
MSME101701,86.9,,90.7,91.3,89.0,A - Strong,3/4,0
MSME101702,32.9,25.5,28.7,,29.4,D - High Risk,3/4,0
MSME101703,86.0,86.2,90.0,,87.4,A - Strong,3/4,0
MSME101704,,82.5,,,82.5,A - Strong,1/4,0
MSME101705,85.2,87.2,,,86.0,A - Strong,2/4,0
MSME101706,,,55.9,,55.9,B - Moderate,1/4,0
MSME101707,,32.6,36.9,,34.9,D - High Risk,2/4,0
MSME101708,59.5,,60.0,,59.7,B - Moderate,2/4,0
MSME101709,,33.6,,,33.6,D - High Risk,1/4,0
MSME101710,83.8,80.4,56.4,,73.7,B - Moderate,3/4,0
MSME101711,,,,,,Unscoreable,0/4,0
MSME101712,75.9,,70.8,,73.5,B - Moderate,2/4,0
MSME101713,76.5,,87.2,,81.4,A - Strong,2/4,0
MSME101714,59.4,48.3,46.2,,51.9,C - Weak,3/4,1
MSME101715,,28.8,19.8,,23.9,D - High Risk,2/4,0
MSME101716,38.7,40.4,,,39.4,C - Weak,2/4,1
MSME101717,24.1,,,,24.1,D - High Risk,1/4,0
MSME101718,44.6,73.3,29.4,31.8,45.9,C - Weak,4/4,0
MSME101719,,,,49.0,49.0,C - Weak,1/4,0
MSME101720,19.2,22.1,,,20.4,D - High Risk,2/4,0
MSME101721,24.9,28.9,30.1,,27.7,D - High Risk,3/4,1
MSME101722,,54.5,60.8,57.8,57.9,B - Moderate,3/4,1
MSME101723,53.0,68.6,,,59.5,B - Moderate,2/4,0
MSME101724,,57.2,,,57.2,B - Moderate,1/4,0
MSME101725,37.4,38.4,,35.4,37.5,C - Weak,3/4,0
MSME101726,65.3,83.3,69.1,,71.6,B - Moderate,3/4,0
MSME101727,,29.3,26.2,,27.6,D - High Risk,2/4,1
MSME101728,49.7,59.1,,,53.6,C - Weak,2/4,0
MSME101729,,42.8,,,42.8,C - Weak,1/4,0
MSME101730,91.4,86.5,89.7,91.9,89.7,A - Strong,4/4,0
MSME101731,,89.5,78.6,,83.6,A - Strong,2/4,0
MSME101732,39.8,42.5,,30.2,39.4,C - Weak,3/4,1
MSME101733,39.9,41.0,,,40.4,C - Weak,2/4,0
MSME101734,74.9,82.3,,,78.0,A - Strong,2/4,0
MSME101735,46.1,57.0,42.5,75.3,50.7,C - Weak,4/4,0
MSME101736,,,66.4,,66.4,B - Moderate,1/4,0
MSME101737,40.7,43.7,,,42.0,C - Weak,2/4,0
MSME101738,54.6,57.0,,,55.6,B - Moderate,2/4,0
MSME101739,,79.9,66.5,59.8,70.6,B - Moderate,3/4,0
MSME101740,65.6,66.3,69.0,,66.9,B - Moderate,3/4,1
MSME101741,15.3,20.9,,,17.6,D - High Risk,2/4,1
MSME101742,67.4,84.1,72.0,,73.6,B - Moderate,3/4,0
MSME101743,69.5,52.6,67.3,69.8,64.6,B - Moderate,4/4,1
MSME101744,36.2,50.7,,61.0,44.9,C - Weak,3/4,0
MSME101745,91.2,88.0,73.0,90.3,84.8,A - Strong,4/4,0
MSME101746,86.3,,84.8,93.2,86.6,A - Strong,3/4,0
MSME101747,,87.7,,,87.7,A - Strong,1/4,0
MSME101748,21.2,,,40.4,25.5,D - High Risk,2/4,0
MSME101749,40.1,,,,40.1,C - Weak,1/4,0
MSME101750,,33.7,,,33.7,D - High Risk,1/4,1
MSME101751,,35.6,35.4,,35.5,C - Weak,2/4,0
MSME101752,86.8,88.5,,86.6,87.4,A - Strong,3/4,0
MSME101753,84.6,93.4,,,88.3,A - Strong,2/4,0
MSME101754,,29.8,,,29.8,D - High Risk,1/4,0
MSME101755,76.0,79.0,78.4,,77.6,A - Strong,3/4,0
MSME101756,71.4,50.7,,,62.8,B - Moderate,2/4,0
MSME101757,,68.0,34.6,,49.8,C - Weak,2/4,0
MSME101758,38.1,,,,38.1,C - Weak,1/4,0
MSME101759,74.2,,80.5,,77.1,A - Strong,2/4,0
MSME101760,59.7,53.9,,58.8,57.5,B - Moderate,3/4,0
MSME101761,54.9,54.7,,62.3,55.9,B - Moderate,3/4,0
MSME101762,68.1,80.4,,43.1,68.9,B - Moderate,3/4,0
MSME101763,,23.7,20.4,,21.9,D - High Risk,2/4,1
MSME101764,,56.3,38.0,,46.3,C - Weak,2/4,0
MSME101765,90.6,90.4,,,90.5,A - Strong,2/4,0
MSME101766,37.9,43.8,38.0,,39.6,C - Weak,3/4,0
MSME101767,64.1,64.2,,51.7,62.4,B - Moderate,3/4,1
MSME101768,,65.5,57.7,,61.2,B - Moderate,2/4,0
MSME101769,86.0,,86.6,,86.3,A - Strong,2/4,0
MSME101770,,64.3,,,64.3,B - Moderate,1/4,0
MSME101771,84.6,,85.6,91.9,86.0,A - Strong,3/4,0
MSME101772,30.2,,38.9,,34.2,D - High Risk,2/4,1
MSME101773,57.9,59.9,,,58.7,B - Moderate,2/4,0
MSME101774,,85.7,91.7,,89.0,A - Strong,2/4,0
MSME101775,68.2,70.6,67.5,,68.6,B - Moderate,3/4,0
MSME101776,,66.5,78.3,,72.9,B - Moderate,2/4,0
MSME101777,29.3,33.2,,32.3,31.1,D - High Risk,3/4,0
MSME101778,41.5,36.7,26.0,,35.0,C - Weak,3/4,0
MSME101779,83.0,89.4,,,85.7,A - Strong,2/4,0
MSME101780,,78.3,83.9,,81.4,A - Strong,2/4,0
MSME101781,49.9,,,,49.9,C - Weak,1/4,1
MSME101782,,30.0,,,30.0,D - High Risk,1/4,0
MSME101783,88.1,88.9,,,88.4,A - Strong,2/4,0
MSME101784,,,,,,Unscoreable,0/4,0
MSME101785,84.3,85.5,86.1,,85.2,A - Strong,3/4,0
MSME101786,,48.4,47.1,,47.7,C - Weak,2/4,0
MSME101787,,62.8,,,62.8,B - Moderate,1/4,0
MSME101788,63.0,82.8,62.2,,68.2,B - Moderate,3/4,0
MSME101789,58.5,61.2,,,59.6,B - Moderate,2/4,1
MSME101790,82.9,90.3,85.5,93.2,86.6,A - Strong,4/4,0
MSME101791,66.1,55.1,,,61.5,B - Moderate,2/4,0
MSME101792,37.3,66.9,25.6,,41.6,C - Weak,3/4,0
MSME101793,,,,29.0,29.0,D - High Risk,1/4,0
MSME101794,56.6,71.0,64.3,,63.2,B - Moderate,3/4,0
MSME101795,,78.2,,,78.2,A - Strong,1/4,0
MSME101796,23.4,29.0,,,25.7,D - High Risk,2/4,0
MSME101797,44.5,43.1,35.8,,41.2,C - Weak,3/4,0
MSME101798,85.6,85.8,,,85.7,A - Strong,2/4,0
MSME101799,67.2,70.0,69.8,63.2,68.3,B - Moderate,4/4,0
MSME101800,,84.1,,,84.1,A - Strong,1/4,0
MSME101801,50.9,67.0,,55.8,57.4,B - Moderate,3/4,1
MSME101802,53.1,32.6,,,44.6,C - Weak,2/4,0
MSME101803,83.4,84.1,90.6,91.2,86.5,A - Strong,4/4,0
MSME101804,86.7,,88.1,92.5,88.0,A - Strong,3/4,0
MSME101805,,,74.3,73.8,74.2,B - Moderate,2/4,0
MSME101806,36.5,34.2,,,35.5,C - Weak,2/4,0
MSME101807,,45.2,,,45.2,C - Weak,1/4,1
MSME101808,,61.3,,,61.3,B - Moderate,1/4,0
MSME101809,,66.0,,,66.0,B - Moderate,1/4,0
MSME101810,,86.0,70.9,,77.8,A - Strong,2/4,0
MSME101811,82.1,66.8,,,75.7,A - Strong,2/4,0
MSME101812,,62.6,,,62.6,B - Moderate,1/4,1
MSME101813,29.8,39.9,,,34.0,D - High Risk,2/4,0
MSME101814,73.0,,88.9,93.9,82.1,A - Strong,3/4,0
MSME101815,,72.0,74.0,,73.1,B - Moderate,2/4,0
MSME101816,81.9,85.3,60.0,,75.5,A - Strong,3/4,0
MSME101817,62.8,62.6,85.0,,70.1,B - Moderate,3/4,0
MSME101818,,88.5,,,88.5,A - Strong,1/4,0
MSME101819,,21.9,,,21.9,D - High Risk,1/4,0
MSME101820,,79.4,,85.0,81.0,A - Strong,2/4,0
MSME101821,23.7,24.4,,,24.0,D - High Risk,2/4,1
MSME101822,,64.5,,,64.5,B - Moderate,1/4,0
MSME101823,45.3,39.4,,,42.8,C - Weak,2/4,0
MSME101824,49.0,55.0,65.1,,56.0,B - Moderate,3/4,1
MSME101825,,27.1,42.8,,35.7,C - Weak,2/4,0
MSME101826,73.6,83.1,65.3,,73.5,B - Moderate,3/4,0
MSME101827,,53.7,65.7,,60.2,B - Moderate,2/4,0
MSME101828,66.0,,,64.1,65.6,B - Moderate,2/4,0
MSME101829,76.7,84.5,69.8,,76.6,A - Strong,3/4,0
MSME101830,17.2,25.8,24.8,,22.1,D - High Risk,3/4,0
MSME101831,67.1,76.6,82.4,63.3,73.7,B - Moderate,4/4,0
MSME101832,52.4,68.0,,,58.9,B - Moderate,2/4,0
MSME101833,38.8,48.3,48.0,49.5,45.0,C - Weak,4/4,0
MSME101834,,77.9,,,77.9,A - Strong,1/4,0
MSME101835,52.1,,,,52.1,C - Weak,1/4,0
MSME101836,86.7,93.2,88.8,91.8,89.5,A - Strong,4/4,0
MSME101837,51.7,,,,51.7,C - Weak,1/4,0
MSME101838,83.8,93.1,,,87.7,A - Strong,2/4,0
MSME101839,49.6,,52.3,34.0,48.6,C - Weak,3/4,1
MSME101840,,,24.8,,24.8,D - High Risk,1/4,0
MSME101841,28.2,,,,28.2,D - High Risk,1/4,0
MSME101842,85.3,89.8,71.4,,81.9,A - Strong,3/4,0
MSME101843,,55.7,,,55.7,B - Moderate,1/4,0
MSME101844,,59.7,63.7,,61.9,B - Moderate,2/4,0
MSME101845,,51.3,45.6,49.8,48.4,C - Weak,3/4,0
MSME101846,,39.8,24.5,20.4,29.8,D - High Risk,3/4,0
MSME101847,84.6,,,,84.6,A - Strong,1/4,0
MSME101848,47.0,,,,47.0,C - Weak,1/4,0
MSME101849,63.2,87.4,,,73.3,B - Moderate,2/4,0
MSME101850,30.2,37.9,41.0,,35.9,C - Weak,3/4,0
MSME101851,84.1,,,,84.1,A - Strong,1/4,0
MSME101852,,81.7,,,81.7,A - Strong,1/4,0
MSME101853,47.8,43.4,17.6,,36.5,C - Weak,3/4,1
MSME101854,51.7,77.3,,59.5,62.0,B - Moderate,3/4,0
MSME101855,83.6,,80.9,,82.4,A - Strong,2/4,0
MSME101856,85.9,89.1,79.5,,84.7,A - Strong,3/4,0
MSME101857,64.1,73.3,,,67.9,B - Moderate,2/4,0
MSME101858,65.3,64.6,72.6,58.4,66.6,B - Moderate,4/4,0
MSME101859,,45.6,41.8,,43.5,C - Weak,2/4,0
MSME101860,47.2,60.9,68.3,,58.0,B - Moderate,3/4,0
MSME101861,59.4,82.0,56.1,,64.6,B - Moderate,3/4,0
MSME101862,45.1,53.0,,68.7,51.3,C - Weak,3/4,0
MSME101863,,20.4,22.5,,21.5,D - High Risk,2/4,0
MSME101864,49.0,48.1,54.6,,50.6,C - Weak,3/4,0
MSME101865,60.4,,65.2,77.9,64.7,B - Moderate,3/4,0
MSME101866,,80.3,91.5,89.0,86.8,A - Strong,3/4,0
MSME101867,,,,,,Unscoreable,0/4,0
MSME101868,,45.9,,,45.9,C - Weak,1/4,1
MSME101869,59.9,64.1,31.1,,51.5,C - Weak,3/4,0
MSME101870,20.2,40.2,,,28.5,D - High Risk,2/4,1
MSME101871,89.0,92.8,90.9,,90.7,A - Strong,3/4,0
MSME101872,,,,23.1,23.1,D - High Risk,1/4,1
MSME101873,,31.5,,27.0,30.2,D - High Risk,2/4,0
MSME101874,73.3,82.7,,84.5,78.3,A - Strong,3/4,0
MSME101875,,,,,,Unscoreable,0/4,0
MSME101876,,65.4,,,65.4,B - Moderate,1/4,0
MSME101877,,63.1,,,63.1,B - Moderate,1/4,0
MSME101878,82.7,79.4,,,81.3,A - Strong,2/4,0
MSME101879,,61.5,,,61.5,B - Moderate,1/4,0
MSME101880,55.1,64.4,62.3,,60.1,B - Moderate,3/4,0
MSME101881,37.0,49.5,40.3,,41.6,C - Weak,3/4,0
MSME101882,22.9,27.5,,,24.8,D - High Risk,2/4,0
MSME101883,70.9,65.0,52.7,55.7,62.4,B - Moderate,4/4,1
MSME101884,76.8,90.8,,,82.6,A - Strong,2/4,0
MSME101885,,,,71.0,71.0,B - Moderate,1/4,0
MSME101886,45.8,51.1,,,48.0,C - Weak,2/4,0
MSME101887,,24.8,47.6,,37.2,C - Weak,2/4,0
MSME101888,,,,,,Unscoreable,0/4,0
MSME101889,,,,,,Unscoreable,0/4,0
MSME101890,,32.0,,,32.0,D - High Risk,1/4,0
MSME101891,,65.4,,,65.4,B - Moderate,1/4,0
MSME101892,49.2,50.4,33.5,,44.3,C - Weak,3/4,0
MSME101893,59.5,61.8,53.7,,58.2,B - Moderate,3/4,0
MSME101894,68.8,63.8,,,66.7,B - Moderate,2/4,0
MSME101895,48.1,40.4,52.2,,47.3,C - Weak,3/4,0
MSME101896,87.6,89.7,80.3,,85.8,A - Strong,3/4,0
MSME101897,,57.4,,,57.4,B - Moderate,1/4,1
MSME101898,22.2,35.6,,,27.8,D - High Risk,2/4,1
MSME101899,52.5,58.5,,,55.0,B - Moderate,2/4,0
MSME101900,60.5,,72.0,,65.8,B - Moderate,2/4,0
MSME101901,56.0,,,,56.0,B - Moderate,1/4,1
MSME101902,36.2,51.0,43.2,29.8,41.4,C - Weak,4/4,0
MSME101903,68.8,,,,68.8,B - Moderate,1/4,0
MSME101904,,26.1,29.8,,28.1,D - High Risk,2/4,0
MSME101905,,43.6,,,43.6,C - Weak,1/4,1
MSME101906,38.2,54.2,,,44.9,C - Weak,2/4,0
MSME101907,89.3,91.4,,,90.2,A - Strong,2/4,0
MSME101908,,,,,,Unscoreable,0/4,0
MSME101909,,28.1,,44.0,32.6,D - High Risk,2/4,0
MSME101910,,50.7,,,50.7,C - Weak,1/4,0
MSME101911,,25.0,,,25.0,D - High Risk,1/4,0
MSME101912,43.4,,,,43.4,C - Weak,1/4,0
MSME101913,,65.2,56.2,,60.3,B - Moderate,2/4,0
MSME101914,,44.5,,,44.5,C - Weak,1/4,0
MSME101915,66.7,75.8,56.4,,65.8,B - Moderate,3/4,1
MSME101916,34.3,,25.3,51.4,33.0,D - High Risk,3/4,0
MSME101917,25.6,31.0,16.1,18.3,23.4,D - High Risk,4/4,1
MSME101918,,61.3,,,61.3,B - Moderate,1/4,0
MSME101919,90.0,88.7,90.7,91.7,90.1,A - Strong,4/4,0
MSME101920,,67.2,78.8,,73.5,B - Moderate,2/4,0
MSME101921,33.5,27.9,,,31.2,D - High Risk,2/4,0
MSME101922,19.2,17.3,25.3,,20.7,D - High Risk,3/4,0
MSME101923,40.5,,,,40.5,C - Weak,1/4,0
MSME101924,72.7,88.0,52.0,,70.1,B - Moderate,3/4,0
MSME101925,,,,,,Unscoreable,0/4,0
MSME101926,,64.0,,,64.0,B - Moderate,1/4,0
MSME101927,41.3,,49.6,,45.1,C - Weak,2/4,0
MSME101928,,66.0,69.3,,67.8,B - Moderate,2/4,0
MSME101929,49.7,60.0,58.2,,55.4,B - Moderate,3/4,0
MSME101930,,,,,,Unscoreable,0/4,0
MSME101931,65.6,72.8,,,68.6,B - Moderate,2/4,0
MSME101932,,25.5,32.8,24.2,28.7,D - High Risk,3/4,0
MSME101933,71.9,81.7,,82.7,76.9,A - Strong,3/4,0
MSME101934,,56.4,49.6,65.0,54.6,C - Weak,3/4,0
MSME101935,31.6,35.7,40.7,19.1,34.1,D - High Risk,4/4,0
MSME101936,,83.0,88.2,,85.8,A - Strong,2/4,0
MSME101937,80.9,91.9,79.3,,83.4,A - Strong,3/4,0
MSME101938,66.5,70.1,,,68.0,B - Moderate,2/4,0
MSME101939,59.5,79.0,,,67.6,B - Moderate,2/4,0
MSME101940,,,28.7,,28.7,D - High Risk,1/4,0
MSME101941,41.8,,62.1,,51.2,C - Weak,2/4,0
MSME101942,22.2,20.8,,,21.6,D - High Risk,2/4,0
MSME101943,65.3,64.8,,,65.1,B - Moderate,2/4,0
MSME101944,,,55.2,76.5,60.5,B - Moderate,2/4,0
MSME101945,,,,51.1,51.1,C - Weak,1/4,0
MSME101946,89.2,87.9,,,88.7,A - Strong,2/4,0
MSME101947,,62.3,,64.3,62.9,B - Moderate,2/4,0
MSME101948,34.5,29.8,39.5,,34.9,D - High Risk,3/4,0
MSME101949,39.9,71.3,,51.2,52.7,C - Weak,3/4,0
MSME101950,91.0,91.2,86.2,84.5,89.0,A - Strong,4/4,0
MSME101951,,21.7,,,21.7,D - High Risk,1/4,1
MSME101952,44.1,58.3,,,50.0,C - Weak,2/4,0
MSME101953,54.8,,,,54.8,C - Weak,1/4,0
MSME101954,64.5,,75.0,78.5,70.6,B - Moderate,3/4,0
MSME101955,87.2,,90.8,92.5,89.3,A - Strong,3/4,0
MSME101956,,52.4,47.2,,49.6,C - Weak,2/4,1
MSME101957,,22.3,18.1,,20.0,D - High Risk,2/4,0
MSME101958,24.1,,22.9,,23.5,D - High Risk,2/4,1
MSME101959,90.4,93.2,82.4,,88.5,A - Strong,3/4,0
MSME101960,,29.2,38.3,,34.2,D - High Risk,2/4,1
MSME101961,,42.2,36.8,,39.3,C - Weak,2/4,0
MSME101962,,66.3,66.7,,66.5,B - Moderate,2/4,0
MSME101963,49.4,51.2,58.9,,53.1,C - Weak,3/4,1
MSME101964,,45.1,,,45.1,C - Weak,1/4,1
MSME101965,,19.7,,,19.7,D - High Risk,1/4,1
MSME101966,,,,,,Unscoreable,0/4,0
MSME101967,41.2,,,,41.2,C - Weak,1/4,0
MSME101968,38.7,48.0,,,42.6,C - Weak,2/4,1
MSME101969,,61.3,72.6,61.9,66.6,B - Moderate,3/4,0
MSME101970,18.4,,,,18.4,D - High Risk,1/4,0
MSME101971,,,86.7,89.3,87.4,A - Strong,2/4,0
MSME101972,86.4,,85.3,90.6,86.5,A - Strong,3/4,0
MSME101973,,60.8,,,60.8,B - Moderate,1/4,0
MSME101974,,52.1,38.9,,44.9,C - Weak,2/4,0
MSME101975,82.3,89.3,,,85.2,A - Strong,2/4,0
MSME101976,,70.4,,,70.4,B - Moderate,1/4,0
MSME101977,52.8,51.0,59.2,67.5,55.7,B - Moderate,4/4,0
MSME101978,40.5,,52.3,52.9,46.9,C - Weak,3/4,0
MSME101979,34.0,42.4,,,37.5,C - Weak,2/4,0
MSME101980,43.0,,,,43.0,C - Weak,1/4,1
MSME101981,,30.9,37.2,38.4,35.0,C - Weak,3/4,0
MSME101982,24.0,51.2,17.0,39.8,30.3,D - High Risk,4/4,0
MSME101983,,53.3,,,53.3,C - Weak,1/4,0
MSME101984,81.0,81.7,,,81.3,A - Strong,2/4,0
MSME101985,,,,,,Unscoreable,0/4,0
MSME101986,23.0,25.0,,,23.8,D - High Risk,2/4,1
MSME101987,68.4,,,77.5,70.4,B - Moderate,2/4,0
MSME101988,52.3,,,,52.3,C - Weak,1/4,0
MSME101989,37.2,50.9,,,42.9,C - Weak,2/4,0
MSME101990,18.0,22.0,,,19.7,D - High Risk,2/4,1
MSME101991,85.6,92.9,79.5,80.8,85.1,A - Strong,4/4,0
MSME101992,58.0,64.3,,,60.6,B - Moderate,2/4,0
MSME101993,,61.1,,73.2,64.6,B - Moderate,2/4,0
MSME101994,63.6,51.8,60.9,,59.4,B - Moderate,3/4,0
MSME101995,35.7,54.2,46.0,32.5,43.1,C - Weak,4/4,0
MSME101996,,40.9,60.5,,51.6,C - Weak,2/4,0
MSME101997,79.5,89.0,,53.2,79.1,A - Strong,3/4,0
MSME101998,66.1,,,89.6,71.3,B - Moderate,2/4,0
MSME101999,44.0,60.4,43.9,,48.5,C - Weak,3/4,0
MSME102000,40.6,,56.9,,48.1,C - Weak,2/4,0
MSME102001,,26.4,,,26.4,D - High Risk,1/4,0
MSME102002,72.8,53.1,70.0,87.3,68.5,B - Moderate,4/4,0
MSME102003,68.9,62.6,65.3,,66.0,B - Moderate,3/4,0
MSME102004,,57.3,,,57.3,B - Moderate,1/4,1
MSME102005,35.6,,31.6,,33.8,D - High Risk,2/4,0
MSME102006,,84.2,85.0,,84.6,A - Strong,2/4,0
MSME102007,,33.3,,,33.3,D - High Risk,1/4,0
MSME102008,,48.3,58.9,72.6,56.9,B - Moderate,3/4,0
MSME102009,84.2,87.6,,61.5,82.2,A - Strong,3/4,0
MSME102010,,69.3,51.5,,59.6,B - Moderate,2/4,0
MSME102011,37.4,39.4,,,38.2,C - Weak,2/4,0
MSME102012,,,27.4,,27.4,D - High Risk,1/4,0
MSME102013,55.4,64.2,73.9,,64.0,B - Moderate,3/4,0
MSME102014,,35.5,,,35.5,C - Weak,1/4,0
MSME102015,,82.7,,,82.7,A - Strong,1/4,0
MSME102016,,81.2,,,81.2,A - Strong,1/4,0
MSME102017,50.1,60.3,,51.8,54.0,C - Weak,3/4,0
MSME102018,41.2,41.1,32.7,,38.3,C - Weak,3/4,0
MSME102019,32.2,45.6,,,37.8,C - Weak,2/4,0
MSME102020,50.1,54.1,,,51.8,C - Weak,2/4,0
MSME102021,,36.8,26.9,37.4,32.3,D - High Risk,3/4,0
MSME102022,,20.1,,,20.1,D - High Risk,1/4,0
MSME102023,,22.2,41.5,,32.7,D - High Risk,2/4,0
MSME102024,41.4,54.4,,,46.8,C - Weak,2/4,0
MSME102025,,26.3,,,26.3,D - High Risk,1/4,0
MSME102026,58.7,,52.2,,55.7,B - Moderate,2/4,0
MSME102027,66.5,62.7,,78.0,66.8,B - Moderate,3/4,0
MSME102028,90.2,84.7,,,87.9,A - Strong,2/4,0
MSME102029,,61.9,,,61.9,B - Moderate,1/4,0
MSME102030,21.0,,15.1,,18.3,D - High Risk,2/4,1
MSME102031,42.7,39.2,,,41.2,C - Weak,2/4,0
MSME102032,,,,60.9,60.9,B - Moderate,1/4,0
MSME102033,,56.6,,,56.6,B - Moderate,1/4,0
MSME102034,79.7,86.5,77.5,,80.9,A - Strong,3/4,0
MSME102035,,,,,,Unscoreable,0/4,0
MSME102036,70.5,,,66.8,69.7,B - Moderate,2/4,0
MSME102037,44.7,73.8,,,56.8,B - Moderate,2/4,0
MSME102038,,68.5,,,68.5,B - Moderate,1/4,0
MSME102039,57.6,46.1,41.5,,49.0,C - Weak,3/4,0
MSME102040,26.3,32.3,38.1,,31.9,D - High Risk,3/4,1
MSME102041,,24.8,,,24.8,D - High Risk,1/4,1
MSME102042,48.1,,58.6,,52.9,C - Weak,2/4,0
MSME102043,,66.0,,,66.0,B - Moderate,1/4,0
MSME102044,41.5,,,59.7,45.5,C - Weak,2/4,0
MSME102045,81.0,93.1,,,86.0,A - Strong,2/4,0
MSME102046,,74.9,82.7,,79.2,A - Strong,2/4,0
MSME102047,49.8,,,,49.8,C - Weak,1/4,0
MSME102048,,,44.6,,44.6,C - Weak,1/4,0
MSME102049,80.3,91.0,,,84.8,A - Strong,2/4,0
MSME102050,90.3,92.7,,90.0,91.1,A - Strong,3/4,0
MSME102051,36.5,44.8,32.5,,37.5,C - Weak,3/4,0
MSME102052,,38.6,,,38.6,C - Weak,1/4,0
MSME102053,63.9,85.6,74.6,,73.5,B - Moderate,3/4,0
MSME102054,32.8,,38.5,,35.4,C - Weak,2/4,1
MSME102055,19.8,34.3,,,25.8,D - High Risk,2/4,0
MSME102056,72.4,76.6,69.5,71.3,72.5,B - Moderate,4/4,0
MSME102057,,81.1,76.5,,78.6,A - Strong,2/4,0
MSME102058,26.4,21.9,,,24.5,D - High Risk,2/4,0
MSME102059,,46.3,48.2,,47.3,C - Weak,2/4,1
MSME102060,92.6,90.8,92.2,93.5,92.1,A - Strong,4/4,0
MSME102061,66.6,60.8,,,64.2,B - Moderate,2/4,0
MSME102062,,53.1,53.8,,53.5,C - Weak,2/4,0
MSME102063,50.8,49.6,41.7,,47.4,C - Weak,3/4,1
MSME102064,,,,,,Unscoreable,0/4,0
MSME102065,44.5,,,25.0,40.2,C - Weak,2/4,1
MSME102066,54.2,56.5,60.7,,57.0,B - Moderate,3/4,0
MSME102067,,39.0,,38.7,38.9,C - Weak,2/4,1
MSME102068,,58.2,,,58.2,B - Moderate,1/4,0
MSME102069,,20.8,15.4,,17.9,D - High Risk,2/4,0
MSME102070,68.5,84.3,74.7,,75.0,A - Strong,3/4,0
MSME102071,65.7,69.5,75.4,72.6,70.2,B - Moderate,4/4,0
MSME102072,,80.7,,,80.7,A - Strong,1/4,0
MSME102073,71.8,,78.2,65.4,73.5,B - Moderate,3/4,0
MSME102074,,74.0,,,74.0,B - Moderate,1/4,0
MSME102075,62.7,71.5,60.0,67.6,64.6,B - Moderate,4/4,0
MSME102076,,,,68.4,68.4,B - Moderate,1/4,0
MSME102077,33.6,45.1,42.7,,39.8,C - Weak,3/4,0
MSME102078,58.5,74.7,56.1,,62.2,B - Moderate,3/4,0
MSME102079,84.5,81.9,79.9,,82.2,A - Strong,3/4,0
MSME102080,66.7,79.8,,,72.2,B - Moderate,2/4,0
MSME102081,35.2,31.4,,,33.6,D - High Risk,2/4,1
MSME102082,67.9,85.6,,,75.3,A - Strong,2/4,0
MSME102083,,43.7,,,43.7,C - Weak,1/4,1
MSME102084,35.8,58.9,,,45.4,C - Weak,2/4,0
MSME102085,,54.5,,,54.5,C - Weak,1/4,0
MSME102086,61.0,52.8,53.4,,56.2,B - Moderate,3/4,0
MSME102087,,36.4,32.4,,34.2,D - High Risk,2/4,0
MSME102088,41.2,49.4,,,44.6,C - Weak,2/4,1
MSME102089,,55.9,,,55.9,B - Moderate,1/4,0
MSME102090,,86.6,,,86.6,A - Strong,1/4,0
MSME102091,81.4,,86.6,78.6,83.1,A - Strong,3/4,0
MSME102092,,35.2,,,35.2,C - Weak,1/4,0
MSME102093,44.6,53.2,53.1,,49.8,C - Weak,3/4,0
MSME102094,45.3,56.8,38.7,40.0,45.7,C - Weak,4/4,0
MSME102095,40.4,39.9,,,40.2,C - Weak,2/4,1
MSME102096,,28.8,57.5,,44.5,C - Weak,2/4,0
MSME102097,,46.3,,,46.3,C - Weak,1/4,0
MSME102098,43.7,44.8,47.4,,45.2,C - Weak,3/4,0
MSME102099,,78.4,54.4,,65.3,B - Moderate,2/4,0
MSME102100,66.0,,,,66.0,B - Moderate,1/4,0
MSME102101,71.3,89.6,68.9,,75.6,A - Strong,3/4,0
MSME102102,,44.2,,,44.2,C - Weak,1/4,0
MSME102103,49.7,46.9,16.9,33.7,37.6,C - Weak,4/4,1
MSME102104,,62.6,69.6,70.4,67.0,B - Moderate,3/4,0
MSME102105,74.2,88.1,70.0,,76.7,A - Strong,3/4,0
MSME102106,,,,,,Unscoreable,0/4,0
MSME102107,72.9,90.1,73.6,,77.9,A - Strong,3/4,0
MSME102108,48.3,61.0,,,53.6,C - Weak,2/4,0
MSME102109,63.2,71.6,45.3,,59.6,B - Moderate,3/4,0
MSME102110,,24.7,,,24.7,D - High Risk,1/4,1
MSME102111,,59.5,,49.3,56.6,B - Moderate,2/4,0
MSME102112,,21.1,30.1,,26.0,D - High Risk,2/4,1
MSME102113,,,34.3,,34.3,D - High Risk,1/4,0
MSME102114,36.3,32.8,46.2,,38.6,C - Weak,3/4,0
MSME102115,33.4,,,,33.4,D - High Risk,1/4,0
MSME102116,,44.3,,,44.3,C - Weak,1/4,1
MSME102117,71.1,86.1,76.1,,76.9,A - Strong,3/4,0
MSME102118,57.6,51.8,50.9,,53.8,C - Weak,3/4,0
MSME102119,,28.9,37.2,,33.4,D - High Risk,2/4,1
MSME102120,,61.8,,,61.8,B - Moderate,1/4,0
MSME102121,65.8,58.6,87.2,84.9,72.3,B - Moderate,4/4,0
MSME102122,86.6,68.4,,,79.0,A - Strong,2/4,0
MSME102123,,39.2,48.5,,44.3,C - Weak,2/4,0
MSME102124,63.9,64.4,67.1,,65.1,B - Moderate,3/4,0
MSME102125,,51.3,,,51.3,C - Weak,1/4,1
MSME102126,87.5,93.6,,,90.0,A - Strong,2/4,0
MSME102127,49.0,40.4,55.1,,48.6,C - Weak,3/4,0
MSME102128,,21.8,27.1,,24.7,D - High Risk,2/4,1
MSME102129,32.3,,,,32.3,D - High Risk,1/4,0
MSME102130,79.9,80.8,,,80.3,A - Strong,2/4,0
MSME102131,73.0,82.0,,53.3,73.4,B - Moderate,3/4,0
MSME102132,84.0,88.9,82.4,82.3,84.6,A - Strong,4/4,0
MSME102133,75.2,84.3,,67.9,77.4,A - Strong,3/4,0
MSME102134,66.7,,56.8,72.0,63.4,B - Moderate,3/4,0
MSME102135,82.6,79.2,45.2,,69.2,B - Moderate,3/4,0
MSME102136,,20.2,,,20.2,D - High Risk,1/4,1
MSME102137,48.2,66.9,42.2,,51.4,C - Weak,3/4,0
MSME102138,67.7,,61.3,,64.7,B - Moderate,2/4,0
MSME102139,66.1,,53.2,,60.1,B - Moderate,2/4,0
MSME102140,75.2,69.8,,,73.0,B - Moderate,2/4,0
MSME102141,,67.8,68.5,66.0,67.8,B - Moderate,3/4,0
MSME102142,41.4,,50.8,,45.7,C - Weak,2/4,0
MSME102143,,,28.1,,28.1,D - High Risk,1/4,1
MSME102144,,67.7,,,67.7,B - Moderate,1/4,0
MSME102145,50.0,,69.9,63.9,59.8,B - Moderate,3/4,0
MSME102146,,53.7,,,53.7,C - Weak,1/4,0
MSME102147,,42.8,,52.4,45.5,C - Weak,2/4,0
MSME102148,73.9,71.6,81.0,,75.6,A - Strong,3/4,0
MSME102149,,55.0,,,55.0,B - Moderate,1/4,0
MSME102150,81.5,85.6,80.9,,82.4,A - Strong,3/4,0
MSME102151,79.5,68.3,87.1,,78.9,A - Strong,3/4,0
MSME102152,21.6,29.3,,,24.8,D - High Risk,2/4,0
MSME102153,33.6,,,,33.6,D - High Risk,1/4,0
MSME102154,,82.2,75.5,,78.5,A - Strong,2/4,0
MSME102155,,,55.2,58.7,56.1,B - Moderate,2/4,0
MSME102156,,78.2,,,78.2,A - Strong,1/4,0
MSME102157,36.0,44.5,,,39.5,C - Weak,2/4,0
MSME102158,63.4,75.8,81.6,,72.9,B - Moderate,3/4,0
MSME102159,62.4,64.4,,,63.2,B - Moderate,2/4,0
MSME102160,,38.3,58.2,,49.2,C - Weak,2/4,0
MSME102161,77.8,73.6,65.2,,72.4,B - Moderate,3/4,0
MSME102162,63.1,65.7,,,64.2,B - Moderate,2/4,1
MSME102163,,25.2,,43.4,30.4,D - High Risk,2/4,0
MSME102164,89.1,93.7,84.8,,88.9,A - Strong,3/4,0
MSME102165,,75.4,80.0,,77.9,A - Strong,2/4,0
MSME102166,,25.0,20.1,,22.3,D - High Risk,2/4,0
MSME102167,61.5,57.6,,59.6,59.8,B - Moderate,3/4,0
MSME102168,,79.9,63.6,,71.0,B - Moderate,2/4,1
MSME102169,,66.8,,,66.8,B - Moderate,1/4,0
MSME102170,,29.8,,,29.8,D - High Risk,1/4,0
MSME102171,67.5,,55.8,,62.1,B - Moderate,2/4,0
MSME102172,,45.4,,,45.4,C - Weak,1/4,1
MSME102173,,79.2,31.1,,53.0,C - Weak,2/4,0
MSME102174,,48.5,56.0,,52.6,C - Weak,2/4,0
MSME102175,,55.6,,,55.6,B - Moderate,1/4,0
MSME102176,45.4,60.5,,,51.7,C - Weak,2/4,1
MSME102177,70.2,,71.6,,70.8,B - Moderate,2/4,0
MSME102178,60.3,56.8,69.0,,62.2,B - Moderate,3/4,0
MSME102179,,,69.2,67.5,68.8,B - Moderate,2/4,0
MSME102180,,70.1,,,70.1,B - Moderate,1/4,0
MSME102181,,,75.0,64.3,72.3,B - Moderate,2/4,0
MSME102182,47.1,,50.2,62.0,50.3,C - Weak,3/4,0
MSME102183,,75.5,,,75.5,A - Strong,1/4,0
MSME102184,81.5,75.6,,,79.0,A - Strong,2/4,0
MSME102185,,28.5,,,28.5,D - High Risk,1/4,1
MSME102186,26.2,33.0,,25.9,28.6,D - High Risk,3/4,1
MSME102187,23.1,23.6,33.9,35.3,27.7,D - High Risk,4/4,0
MSME102188,,37.1,22.0,26.2,28.5,D - High Risk,3/4,0
MSME102189,72.5,81.3,83.3,83.2,79.0,A - Strong,4/4,0
MSME102190,32.8,,54.2,,42.7,C - Weak,2/4,0
MSME102191,58.8,57.3,51.8,,56.0,B - Moderate,3/4,0
MSME102192,55.3,87.5,,,68.7,B - Moderate,2/4,0
MSME102193,,35.2,,,35.2,C - Weak,1/4,0
MSME102194,71.9,73.4,,,72.5,B - Moderate,2/4,0
MSME102195,17.9,23.7,,36.4,22.6,D - High Risk,3/4,0
MSME102196,72.6,77.9,,,74.8,B - Moderate,2/4,0
MSME102197,,49.1,,,49.1,C - Weak,1/4,0
MSME102198,37.3,46.2,,,41.0,C - Weak,2/4,0
MSME102199,91.6,93.1,,89.9,91.9,A - Strong,3/4,0
MSME102200,49.5,50.2,63.7,59.3,54.9,C - Weak,4/4,0
MSME102201,,72.9,73.2,68.4,72.3,B - Moderate,3/4,0
MSME102202,87.0,92.2,81.7,,86.7,A - Strong,3/4,0
MSME102203,66.8,68.0,,,67.3,B - Moderate,2/4,0
MSME102204,,25.3,,,25.3,D - High Risk,1/4,0
MSME102205,28.7,21.2,,,25.6,D - High Risk,2/4,0
MSME102206,90.7,79.9,,,86.2,A - Strong,2/4,0
MSME102207,29.7,39.4,,,33.7,D - High Risk,2/4,0
MSME102208,59.8,55.5,33.2,,49.7,C - Weak,3/4,0
MSME102209,,23.0,,,23.0,D - High Risk,1/4,0
MSME102210,82.1,82.1,,85.4,82.6,A - Strong,3/4,0
MSME102211,,42.8,17.2,,28.8,D - High Risk,2/4,1
MSME102212,64.5,,,,64.5,B - Moderate,1/4,0
MSME102213,,53.7,57.4,,55.7,B - Moderate,2/4,0
MSME102214,67.2,66.1,,,66.7,B - Moderate,2/4,0
MSME102215,,83.4,67.6,,74.8,B - Moderate,2/4,0
MSME102216,83.4,79.5,91.0,,84.9,A - Strong,3/4,0
MSME102217,,,55.1,66.5,58.0,B - Moderate,2/4,0
MSME102218,,37.8,,,37.8,C - Weak,1/4,0
MSME102219,26.5,27.2,,,26.8,D - High Risk,2/4,1
MSME102220,20.1,27.0,22.2,,22.7,D - High Risk,3/4,0
MSME102221,,74.0,72.1,,73.0,B - Moderate,2/4,0
MSME102222,,69.5,59.9,,64.3,B - Moderate,2/4,0
MSME102223,,75.5,,,75.5,A - Strong,1/4,0
MSME102224,50.9,,,,50.9,C - Weak,1/4,0
MSME102225,88.0,80.6,,,84.9,A - Strong,2/4,0
MSME102226,86.6,91.3,88.9,73.2,87.1,A - Strong,4/4,0
MSME102227,,65.9,61.0,,63.2,B - Moderate,2/4,0
MSME102228,72.6,69.7,,59.7,69.7,B - Moderate,3/4,0
MSME102229,67.7,79.0,,,72.4,B - Moderate,2/4,0
MSME102230,54.8,64.5,,,58.8,B - Moderate,2/4,0
MSME102231,38.6,,40.7,,39.6,C - Weak,2/4,0
MSME102232,,35.0,26.4,42.1,32.1,D - High Risk,3/4,1
MSME102233,32.6,,41.4,,36.7,C - Weak,2/4,0
MSME102234,80.7,92.2,85.0,76.3,84.4,A - Strong,4/4,0
MSME102235,78.4,78.2,72.6,,76.4,A - Strong,3/4,0
MSME102236,71.9,84.1,,55.4,73.9,B - Moderate,3/4,0
MSME102237,,71.5,71.6,,71.6,B - Moderate,2/4,0
MSME102238,,21.6,24.9,,23.4,D - High Risk,2/4,1
MSME102239,,65.5,,,65.5,B - Moderate,1/4,0
MSME102240,,25.8,,,25.8,D - High Risk,1/4,0
MSME102241,35.8,41.7,,,38.3,C - Weak,2/4,0
MSME102242,,50.5,,,50.5,C - Weak,1/4,0
MSME102243,,57.1,61.6,,59.6,B - Moderate,2/4,1
MSME102244,,55.3,,,55.3,B - Moderate,1/4,0
MSME102245,,23.6,,,23.6,D - High Risk,1/4,1
MSME102246,,64.0,61.2,,62.5,B - Moderate,2/4,1
MSME102247,62.7,,,60.7,62.3,B - Moderate,2/4,0
MSME102248,,34.6,41.5,,38.4,C - Weak,2/4,0
MSME102249,,26.2,,,26.2,D - High Risk,1/4,1
MSME102250,42.6,41.7,,,42.2,C - Weak,2/4,0
MSME102251,37.6,32.6,36.2,39.7,36.1,C - Weak,4/4,0
MSME102252,26.6,33.4,29.3,,29.4,D - High Risk,3/4,0
MSME102253,64.7,50.6,,,58.8,B - Moderate,2/4,0
MSME102254,70.6,74.5,69.7,78.7,72.1,B - Moderate,4/4,0
MSME102255,38.9,65.2,,,49.9,C - Weak,2/4,0
MSME102256,73.3,,,,73.3,B - Moderate,1/4,0
MSME102257,,68.5,,,68.5,B - Moderate,1/4,0
MSME102258,,78.6,74.4,,76.3,A - Strong,2/4,0
MSME102259,47.2,36.1,,,42.6,C - Weak,2/4,0
MSME102260,47.2,55.6,43.6,,48.3,C - Weak,3/4,0
MSME102261,40.2,65.5,,39.7,49.2,C - Weak,3/4,0
MSME102262,59.6,68.0,,,63.1,B - Moderate,2/4,0
MSME102263,,66.7,,63.9,65.9,B - Moderate,2/4,0
MSME102264,46.4,,46.8,59.2,48.3,C - Weak,3/4,0
MSME102265,74.6,84.9,70.0,,75.9,A - Strong,3/4,1
MSME102266,63.7,58.7,58.4,,60.5,B - Moderate,3/4,0
MSME102267,,37.8,41.7,,39.9,C - Weak,2/4,0
MSME102268,,55.3,,48.6,53.4,C - Weak,2/4,0
MSME102269,,38.4,,34.4,37.3,C - Weak,2/4,0
MSME102270,82.5,83.4,88.3,80.9,84.3,A - Strong,4/4,0
MSME102271,,26.0,16.7,,20.9,D - High Risk,2/4,1
MSME102272,29.2,,28.5,,28.9,D - High Risk,2/4,0
MSME102273,67.0,,,,67.0,B - Moderate,1/4,0
MSME102274,88.3,90.3,87.9,90.1,88.9,A - Strong,4/4,0
MSME102275,27.0,29.3,,,28.0,D - High Risk,2/4,0
MSME102276,28.9,33.7,,,30.9,D - High Risk,2/4,0
MSME102277,38.9,61.0,,,48.1,C - Weak,2/4,0
MSME102278,38.1,50.3,,41.5,42.9,C - Weak,3/4,0
MSME102279,82.3,83.4,46.5,,70.7,B - Moderate,3/4,0
MSME102280,,64.5,,,64.5,B - Moderate,1/4,0
MSME102281,,52.5,,,52.5,C - Weak,1/4,0
MSME102282,,19.8,,,19.8,D - High Risk,1/4,0
MSME102283,21.9,34.2,36.2,20.0,29.1,D - High Risk,4/4,0
MSME102284,,33.7,20.2,,26.3,D - High Risk,2/4,1
MSME102285,27.4,37.6,38.6,,34.0,D - High Risk,3/4,0
MSME102286,78.3,84.5,,78.9,80.6,A - Strong,3/4,0
MSME102287,62.7,67.0,65.2,76.5,65.9,B - Moderate,4/4,0
MSME102288,58.2,76.2,,46.1,62.9,B - Moderate,3/4,0
MSME102289,,24.7,,,24.7,D - High Risk,1/4,0
MSME102290,84.5,,88.5,89.8,86.8,A - Strong,3/4,0
MSME102291,,87.5,,91.5,88.6,A - Strong,2/4,0
MSME102292,,23.3,,,23.3,D - High Risk,1/4,0
MSME102293,91.2,91.3,,,91.2,A - Strong,2/4,0
MSME102294,32.4,34.8,,,33.4,D - High Risk,2/4,0
MSME102295,,20.1,24.8,,22.7,D - High Risk,2/4,0
MSME102296,80.9,,,,80.9,A - Strong,1/4,0
MSME102297,24.8,24.8,,,24.8,D - High Risk,2/4,0
MSME102298,,32.8,19.4,,25.5,D - High Risk,2/4,0
MSME102299,42.9,63.9,68.4,,57.2,B - Moderate,3/4,0
MSME102300,,,,59.1,59.1,B - Moderate,1/4,1
MSME102301,82.5,88.2,,92.4,86.0,A - Strong,3/4,0
MSME102302,,82.3,87.7,,85.2,A - Strong,2/4,0
MSME102303,71.8,70.9,63.5,66.7,68.6,B - Moderate,4/4,0
MSME102304,55.2,58.0,56.8,,56.5,B - Moderate,3/4,1
MSME102305,63.8,53.3,,,59.4,B - Moderate,2/4,0
MSME102306,,33.7,42.1,,38.3,C - Weak,2/4,0
MSME102307,77.7,76.4,74.4,,76.2,A - Strong,3/4,0
MSME102308,54.8,56.9,,,55.7,B - Moderate,2/4,0
MSME102309,,51.9,,,51.9,C - Weak,1/4,0
MSME102310,80.4,,77.5,77.3,78.8,A - Strong,3/4,0
MSME102311,39.9,59.0,,,47.9,C - Weak,2/4,1
MSME102312,17.7,21.4,15.0,,17.8,D - High Risk,3/4,0
MSME102313,,26.7,,,26.7,D - High Risk,1/4,0
MSME102314,,25.2,,,25.2,D - High Risk,1/4,1
MSME102315,,23.1,19.7,,21.2,D - High Risk,2/4,1
MSME102316,,73.5,81.6,,77.9,A - Strong,2/4,0
MSME102317,26.9,48.9,,33.0,35.6,C - Weak,3/4,0
MSME102318,79.0,69.8,89.2,,79.8,A - Strong,3/4,0
MSME102319,84.1,89.1,,,86.2,A - Strong,2/4,0
MSME102320,32.5,30.4,,,31.6,D - High Risk,2/4,0
MSME102321,37.0,42.8,,,39.4,C - Weak,2/4,1
MSME102322,48.9,53.7,,,50.9,C - Weak,2/4,0
MSME102323,43.3,41.0,40.6,,41.8,C - Weak,3/4,0
MSME102324,,47.8,,,47.8,C - Weak,1/4,0
MSME102325,,,61.9,52.7,59.6,B - Moderate,2/4,0
MSME102326,88.2,85.0,,,86.9,A - Strong,2/4,0
MSME102327,58.4,57.9,66.4,,60.9,B - Moderate,3/4,0
MSME102328,,,,,,Unscoreable,0/4,0
MSME102329,,74.6,,,74.6,B - Moderate,1/4,0
MSME102330,34.9,40.0,56.4,,43.5,C - Weak,3/4,0
MSME102331,,60.1,65.9,68.1,64.0,B - Moderate,3/4,0
MSME102332,72.2,84.7,,,77.4,A - Strong,2/4,0
MSME102333,41.2,50.2,,35.6,43.6,C - Weak,3/4,1
MSME102334,20.9,30.6,31.0,,27.0,D - High Risk,3/4,0
MSME102335,83.1,87.3,74.9,,81.5,A - Strong,3/4,0
MSME102336,62.1,75.8,70.0,,68.5,B - Moderate,3/4,0
MSME102337,81.9,83.7,84.1,87.1,83.5,A - Strong,4/4,0
MSME102338,,34.2,,,34.2,D - High Risk,1/4,1
MSME102339,50.3,40.9,,,46.4,C - Weak,2/4,0
MSME102340,,40.6,69.5,,56.4,B - Moderate,2/4,0
MSME102341,,61.9,48.1,,54.4,C - Weak,2/4,0
MSME102342,71.0,70.1,54.6,56.2,64.4,B - Moderate,4/4,0
MSME102343,,67.4,,,67.4,B - Moderate,1/4,0
MSME102344,,79.7,,,79.7,A - Strong,1/4,0
MSME102345,,,,,,Unscoreable,0/4,0
MSME102346,,,,,,Unscoreable,0/4,0
MSME102347,79.2,79.6,69.0,67.4,75.1,A - Strong,4/4,0
MSME102348,83.3,79.5,80.7,,81.4,A - Strong,3/4,0
MSME102349,,69.2,,58.4,66.1,B - Moderate,2/4,0
MSME102350,61.8,74.5,,,67.1,B - Moderate,2/4,0
MSME102351,29.9,,30.2,42.8,31.7,D - High Risk,3/4,1
MSME102352,42.1,42.8,,,42.4,C - Weak,2/4,0
MSME102353,,30.1,18.0,,23.5,D - High Risk,2/4,0
MSME102354,,32.4,,,32.4,D - High Risk,1/4,1
MSME102355,64.1,73.3,,71.5,68.4,B - Moderate,3/4,0
MSME102356,54.9,49.2,27.5,46.3,44.4,C - Weak,4/4,1
MSME102357,57.3,41.8,51.7,,51.1,C - Weak,3/4,0
MSME102358,,,89.4,90.0,89.5,A - Strong,2/4,0
MSME102359,47.9,59.3,45.2,,50.2,C - Weak,3/4,0
MSME102360,69.9,79.2,,,73.8,B - Moderate,2/4,0
MSME102361,77.7,84.4,,,80.5,A - Strong,2/4,0
MSME102362,,66.1,64.3,,65.1,B - Moderate,2/4,0
MSME102363,90.1,92.6,,,91.1,A - Strong,2/4,0
MSME102364,61.3,,73.4,,66.9,B - Moderate,2/4,0
MSME102365,47.1,,,,47.1,C - Weak,1/4,0
MSME102366,50.2,50.2,,,50.2,C - Weak,2/4,0
MSME102367,34.2,32.0,49.5,,38.7,C - Weak,3/4,0
MSME102368,,54.3,52.3,,53.2,C - Weak,2/4,0
MSME102369,79.5,81.6,81.0,,80.6,A - Strong,3/4,0
MSME102370,57.9,79.1,,,66.7,B - Moderate,2/4,0
MSME102371,,24.7,,,24.7,D - High Risk,1/4,0
MSME102372,18.2,23.4,22.3,,21.0,D - High Risk,3/4,0
MSME102373,,43.0,53.0,,48.5,C - Weak,2/4,0
MSME102374,,66.8,,,66.8,B - Moderate,1/4,0
MSME102375,30.7,,,43.9,33.6,D - High Risk,2/4,0
MSME102376,,,88.7,84.9,87.7,A - Strong,2/4,0
MSME102377,58.2,60.3,,,59.1,B - Moderate,2/4,0
MSME102378,,45.2,51.2,,48.5,C - Weak,2/4,1
MSME102379,84.6,88.2,,,86.1,A - Strong,2/4,0
MSME102380,,,,53.8,53.8,C - Weak,1/4,1
MSME102381,,57.6,,,57.6,B - Moderate,1/4,0
MSME102382,,22.7,,,22.7,D - High Risk,1/4,0
MSME102383,,69.1,,,69.1,B - Moderate,1/4,0
MSME102384,25.8,35.8,36.0,19.5,30.7,D - High Risk,4/4,0
MSME102385,82.8,85.3,,91.4,84.9,A - Strong,3/4,0
MSME102386,,71.3,73.8,,72.7,B - Moderate,2/4,0
MSME102387,,48.2,,,48.2,C - Weak,1/4,0
MSME102388,45.6,48.6,,,46.8,C - Weak,2/4,0
MSME102389,,25.1,,,25.1,D - High Risk,1/4,0
MSME102390,,64.1,72.2,,68.5,B - Moderate,2/4,0
MSME102391,74.4,,90.0,,81.6,A - Strong,2/4,0
MSME102392,,66.6,,79.7,70.3,B - Moderate,2/4,0
MSME102393,,36.5,28.7,,32.2,D - High Risk,2/4,1
MSME102394,,75.1,,,75.1,A - Strong,1/4,0
MSME102395,,,74.3,87.0,77.5,A - Strong,2/4,0
MSME102396,,45.2,,,45.2,C - Weak,1/4,0
MSME102397,21.1,20.8,28.3,,23.4,D - High Risk,3/4,1
MSME102398,,70.0,,,70.0,B - Moderate,1/4,0
MSME102399,,50.2,,,50.2,C - Weak,1/4,0
MSME102400,39.0,42.8,,,40.6,C - Weak,2/4,0
MSME102401,75.1,,75.3,,75.2,A - Strong,2/4,0
MSME102402,,72.6,,,72.6,B - Moderate,1/4,1
MSME102403,,41.6,,22.7,36.2,C - Weak,2/4,0
MSME102404,,,,,,Unscoreable,0/4,0
MSME102405,43.7,43.6,,,43.7,C - Weak,2/4,0
MSME102406,,32.3,46.0,,39.8,C - Weak,2/4,1
MSME102407,25.9,24.0,,,25.1,D - High Risk,2/4,1
MSME102408,43.6,,,53.7,45.8,C - Weak,2/4,0
MSME102409,45.9,54.2,60.6,45.6,52.4,C - Weak,4/4,0
MSME102410,48.7,,,,48.7,C - Weak,1/4,0
MSME102411,74.4,,81.1,81.1,78.0,A - Strong,3/4,0
MSME102412,60.2,73.3,73.7,,68.3,B - Moderate,3/4,0
MSME102413,31.0,48.2,,,38.2,C - Weak,2/4,0
MSME102414,26.5,50.6,,,36.5,C - Weak,2/4,0
MSME102415,82.4,92.6,74.4,,82.6,A - Strong,3/4,0
MSME102416,,20.5,,,20.5,D - High Risk,1/4,1
MSME102417,,57.4,,,57.4,B - Moderate,1/4,1
MSME102418,61.9,,,,61.9,B - Moderate,1/4,0
MSME102419,,,28.3,47.8,33.2,D - High Risk,2/4,1
MSME102420,48.6,53.5,49.6,36.3,48.9,C - Weak,4/4,0
MSME102421,31.8,42.9,,,36.4,C - Weak,2/4,0
MSME102422,,63.6,64.0,,63.8,B - Moderate,2/4,0
MSME102423,,80.1,64.5,,71.6,B - Moderate,2/4,0
MSME102424,,41.9,40.8,38.9,40.9,C - Weak,3/4,0
MSME102425,50.1,,,45.4,49.1,C - Weak,2/4,0
MSME102426,,79.9,,,79.9,A - Strong,1/4,0
MSME102427,,55.3,82.7,86.5,72.7,B - Moderate,3/4,0
MSME102428,74.8,78.3,61.8,75.2,71.8,B - Moderate,4/4,0
MSME102429,,,,30.0,30.0,D - High Risk,1/4,0
MSME102430,,90.0,84.8,86.6,87.1,A - Strong,3/4,0
MSME102431,,56.1,59.7,,58.1,B - Moderate,2/4,0
MSME102432,,39.4,,,39.4,C - Weak,1/4,0
MSME102433,36.1,30.0,34.7,,33.9,D - High Risk,3/4,1
MSME102434,80.9,93.3,76.4,86.9,83.2,A - Strong,4/4,0
MSME102435,65.8,68.2,47.6,54.4,59.8,B - Moderate,4/4,0
MSME102436,30.0,,,41.7,32.6,D - High Risk,2/4,0
MSME102437,,51.1,74.0,53.1,62.0,B - Moderate,3/4,0
MSME102438,29.2,37.9,28.2,,31.3,D - High Risk,3/4,0
MSME102439,72.8,,72.4,76.0,73.1,B - Moderate,3/4,0
MSME102440,,,,,,Unscoreable,0/4,0
MSME102441,27.4,26.0,,,26.8,D - High Risk,2/4,1
MSME102442,,75.4,74.6,,75.0,A - Strong,2/4,0
MSME102443,39.2,48.8,,,43.2,C - Weak,2/4,0
MSME102444,48.7,,42.0,49.5,46.1,C - Weak,3/4,0
MSME102445,,69.9,72.3,,71.2,B - Moderate,2/4,0
MSME102446,,32.2,50.2,,42.0,C - Weak,2/4,0
MSME102447,46.3,52.7,,,49.0,C - Weak,2/4,0
MSME102448,87.1,90.1,,,88.3,A - Strong,2/4,0
MSME102449,,18.6,,16.6,18.0,D - High Risk,2/4,1
MSME102450,25.5,25.6,22.7,,24.6,D - High Risk,3/4,1
MSME102451,33.6,,37.0,,35.2,C - Weak,2/4,1
MSME102452,85.7,92.9,85.5,,87.6,A - Strong,3/4,0
MSME102453,70.9,73.3,65.2,,69.7,B - Moderate,3/4,0
MSME102454,59.7,85.0,,52.6,67.7,B - Moderate,3/4,0
MSME102455,21.1,,,18.8,20.6,D - High Risk,2/4,0
MSME102456,80.3,91.9,80.8,,83.7,A - Strong,3/4,0
MSME102457,56.7,70.0,52.1,,58.9,B - Moderate,3/4,0
MSME102458,45.9,55.4,,63.6,51.8,C - Weak,3/4,0
MSME102459,,65.7,,,65.7,B - Moderate,1/4,0
MSME102460,,45.7,,38.1,43.5,C - Weak,2/4,1
MSME102461,,77.4,77.7,,77.6,A - Strong,2/4,0
MSME102462,71.5,81.1,,57.8,73.0,B - Moderate,3/4,0
MSME102463,41.1,30.4,35.7,,36.3,C - Weak,3/4,0
MSME102464,20.2,23.3,,,21.5,D - High Risk,2/4,0
MSME102465,62.5,45.2,,42.0,53.4,C - Weak,3/4,0
MSME102466,62.7,85.1,,,72.0,B - Moderate,2/4,0
MSME102467,,30.3,35.2,,33.0,D - High Risk,2/4,0
MSME102468,,83.0,,,83.0,A - Strong,1/4,0
MSME102469,,28.0,,,28.0,D - High Risk,1/4,0
MSME102470,44.4,54.2,56.6,,51.2,C - Weak,3/4,0
MSME102471,69.3,80.3,,,73.9,B - Moderate,2/4,0
MSME102472,48.0,52.3,,59.1,51.1,C - Weak,3/4,0
MSME102473,65.6,61.4,,,63.8,B - Moderate,2/4,0
MSME102474,,68.1,72.2,,70.3,B - Moderate,2/4,0
MSME102475,,37.8,37.1,,37.4,C - Weak,2/4,0
MSME102476,,49.2,80.5,,66.3,B - Moderate,2/4,0
MSME102477,,58.3,,46.5,54.9,C - Weak,2/4,0
MSME102478,,41.4,,,41.4,C - Weak,1/4,1
MSME102479,78.1,85.6,79.1,79.4,80.4,A - Strong,4/4,0
MSME102480,,40.1,,,40.1,C - Weak,1/4,0
MSME102481,20.2,24.9,,,22.2,D - High Risk,2/4,0
MSME102482,,36.6,47.2,,42.4,C - Weak,2/4,0
MSME102483,25.5,37.0,26.7,,29.1,D - High Risk,3/4,0
MSME102484,,61.0,,,61.0,B - Moderate,1/4,0
MSME102485,69.9,84.1,86.0,,79.2,A - Strong,3/4,0
MSME102486,85.3,,91.4,92.8,88.7,A - Strong,3/4,0
MSME102487,,,,66.3,66.3,B - Moderate,1/4,0
MSME102488,,35.0,,,35.0,C - Weak,1/4,1
MSME102489,23.1,35.5,,23.5,27.6,D - High Risk,3/4,1
MSME102490,75.7,,87.6,,81.2,A - Strong,2/4,0
MSME102491,21.0,37.6,28.5,,28.1,D - High Risk,3/4,1
MSME102492,,80.8,70.6,76.6,75.4,A - Strong,3/4,0
MSME102493,31.0,43.5,,33.8,35.9,C - Weak,3/4,0
MSME102494,74.5,74.2,,,74.4,B - Moderate,2/4,0
MSME102495,,31.5,,,31.5,D - High Risk,1/4,1
MSME102496,34.8,36.1,29.1,,33.3,D - High Risk,3/4,0
MSME102497,16.9,20.4,,,18.4,D - High Risk,2/4,0
MSME102498,35.5,43.2,,,38.7,C - Weak,2/4,0
MSME102499,78.9,90.3,,,83.7,A - Strong,2/4,0
MSME102500,,,,,,Unscoreable,0/4,1
MSME102501,,,60.4,63.1,61.1,B - Moderate,2/4,0
MSME102502,68.0,82.4,,88.4,76.1,A - Strong,3/4,0
MSME102503,,,78.6,82.5,79.6,A - Strong,2/4,0
MSME102504,27.5,38.7,21.5,36.6,29.4,D - High Risk,4/4,0
MSME102505,,,62.6,,62.6,B - Moderate,1/4,0
MSME102506,73.4,78.6,81.8,,77.6,A - Strong,3/4,0
MSME102507,,51.1,60.5,65.9,57.7,B - Moderate,3/4,0
MSME102508,66.1,57.2,,63.8,62.6,B - Moderate,3/4,0
MSME102509,44.3,55.7,39.6,,45.9,C - Weak,3/4,0
MSME102510,,64.7,,,64.7,B - Moderate,1/4,0
MSME102511,66.4,86.0,,,74.6,B - Moderate,2/4,0
MSME102512,,,,,,Unscoreable,0/4,1
MSME102513,,62.5,,,62.5,B - Moderate,1/4,0
MSME102514,,84.0,87.4,,85.9,A - Strong,2/4,0
MSME102515,,39.5,40.0,49.2,41.2,C - Weak,3/4,0
MSME102516,,47.0,49.3,,48.3,C - Weak,2/4,0
MSME102517,71.2,64.6,75.7,,70.9,B - Moderate,3/4,0
MSME102518,31.5,29.4,,,30.6,D - High Risk,2/4,0
MSME102519,27.2,31.1,,19.8,27.5,D - High Risk,3/4,1
MSME102520,,22.6,,,22.6,D - High Risk,1/4,1
MSME102521,36.0,43.0,60.6,,46.1,C - Weak,3/4,0
MSME102522,,37.3,,,37.3,C - Weak,1/4,0
MSME102523,,70.7,,,70.7,B - Moderate,1/4,0
MSME102524,34.4,,,,34.4,D - High Risk,1/4,1
MSME102525,87.8,74.0,77.6,,80.6,A - Strong,3/4,0
MSME102526,91.0,88.5,,,90.0,A - Strong,2/4,0
MSME102527,79.7,86.6,,84.1,82.8,A - Strong,3/4,0
MSME102528,,78.3,89.7,87.3,84.9,A - Strong,3/4,0
MSME102529,,75.5,,69.2,73.7,B - Moderate,2/4,0
MSME102530,71.5,77.4,,74.0,74.0,B - Moderate,3/4,0
MSME102531,72.9,,84.0,85.7,79.0,A - Strong,3/4,0
MSME102532,80.5,,73.6,,77.3,A - Strong,2/4,0
MSME102533,,58.4,,,58.4,B - Moderate,1/4,0
MSME102534,61.2,,,,61.2,B - Moderate,1/4,0
MSME102535,71.1,73.2,,,72.0,B - Moderate,2/4,0
MSME102536,80.2,71.5,,,76.6,A - Strong,2/4,1
MSME102537,,33.6,44.0,,39.3,C - Weak,2/4,0
MSME102538,,59.8,,,59.8,B - Moderate,1/4,0
MSME102539,,67.9,,,67.9,B - Moderate,1/4,0
MSME102540,,29.8,,,29.8,D - High Risk,1/4,1
MSME102541,,21.2,27.1,,24.4,D - High Risk,2/4,1
MSME102542,88.8,93.0,91.4,,90.8,A - Strong,3/4,0
MSME102543,32.9,26.6,,,30.3,D - High Risk,2/4,1
MSME102544,,41.9,,,41.9,C - Weak,1/4,0
MSME102545,25.6,36.4,,,30.1,D - High Risk,2/4,1
MSME102546,,33.6,,46.1,37.2,C - Weak,2/4,0
MSME102547,,25.6,,,25.6,D - High Risk,1/4,0
MSME102548,16.4,23.4,,18.2,19.2,D - High Risk,3/4,1
MSME102549,,49.7,21.9,,34.5,D - High Risk,2/4,0
MSME102550,,64.1,47.0,,54.8,C - Weak,2/4,0
MSME102551,59.0,71.9,63.7,,64.2,B - Moderate,3/4,0
MSME102552,78.0,92.4,,,84.0,A - Strong,2/4,0
MSME102553,87.7,,91.8,91.7,89.9,A - Strong,3/4,0
MSME102554,31.4,48.0,48.2,,41.6,C - Weak,3/4,1
MSME102555,51.9,,,45.6,50.5,C - Weak,2/4,0
MSME102556,65.6,,72.6,,68.8,B - Moderate,2/4,0
MSME102557,,,77.2,67.7,74.8,B - Moderate,2/4,0
MSME102558,84.6,78.5,,,82.1,A - Strong,2/4,0
MSME102559,39.5,35.5,27.0,,34.2,D - High Risk,3/4,0
MSME102560,38.4,28.3,27.1,,31.8,D - High Risk,3/4,0
MSME102561,29.3,30.1,,,29.6,D - High Risk,2/4,1
MSME102562,70.0,,,91.0,74.7,B - Moderate,2/4,1
MSME102563,68.0,72.7,72.9,,70.9,B - Moderate,3/4,0
MSME102564,43.2,,42.1,,42.7,C - Weak,2/4,0
MSME102565,,,,,,Unscoreable,0/4,0
MSME102566,,20.9,19.1,,19.9,D - High Risk,2/4,0
MSME102567,25.5,39.8,,,31.5,D - High Risk,2/4,1
MSME102568,,,,43.1,43.1,C - Weak,1/4,0
MSME102569,71.8,,79.1,,75.2,A - Strong,2/4,0
MSME102570,38.1,28.9,58.9,,42.5,C - Weak,3/4,0
MSME102571,53.9,71.7,,,61.3,B - Moderate,2/4,0
MSME102572,77.4,,78.6,,78.0,A - Strong,2/4,0
MSME102573,60.8,73.9,,,66.3,B - Moderate,2/4,0
MSME102574,,,,,,Unscoreable,0/4,0
MSME102575,,27.5,,,27.5,D - High Risk,1/4,1
MSME102576,68.1,57.9,73.1,73.0,67.5,B - Moderate,4/4,0
MSME102577,72.6,,,65.5,71.0,B - Moderate,2/4,0
MSME102578,22.0,21.2,,,21.7,D - High Risk,2/4,0
MSME102579,,49.0,60.9,,55.5,B - Moderate,2/4,0
MSME102580,21.0,23.4,,,22.0,D - High Risk,2/4,1
MSME102581,90.0,92.4,,92.5,91.2,A - Strong,3/4,0
MSME102582,,81.6,58.0,,68.7,B - Moderate,2/4,0
MSME102583,52.4,63.5,,,57.0,B - Moderate,2/4,0
MSME102584,,,57.8,,57.8,B - Moderate,1/4,0
MSME102585,41.0,53.0,,,46.0,C - Weak,2/4,0
MSME102586,44.1,34.9,25.3,,35.3,C - Weak,3/4,0
MSME102587,67.9,,,,67.9,B - Moderate,1/4,0
MSME102588,,25.1,42.7,,34.7,D - High Risk,2/4,1
MSME102589,78.3,77.8,,,78.1,A - Strong,2/4,0
MSME102590,,,63.7,55.0,61.5,B - Moderate,2/4,0
MSME102591,86.8,91.4,,67.0,85.6,A - Strong,3/4,0
MSME102592,,,,59.2,59.2,B - Moderate,1/4,0
MSME102593,,37.6,,,37.6,C - Weak,1/4,0
MSME102594,78.7,84.2,77.0,,79.7,A - Strong,3/4,0
MSME102595,,31.1,,43.3,34.6,D - High Risk,2/4,0
MSME102596,,43.5,,,43.5,C - Weak,1/4,0
MSME102597,22.3,44.2,,,31.4,D - High Risk,2/4,0
MSME102598,,75.0,57.5,72.8,66.6,B - Moderate,3/4,0
MSME102599,88.0,90.3,90.8,,89.6,A - Strong,3/4,0
MSME102600,,26.8,,,26.8,D - High Risk,1/4,0
MSME102601,41.0,57.7,40.1,,45.3,C - Weak,3/4,0
MSME102602,79.0,81.2,82.5,,80.8,A - Strong,3/4,0
MSME102603,49.8,,51.1,,50.4,C - Weak,2/4,0
MSME102604,,25.2,31.8,,28.8,D - High Risk,2/4,0
MSME102605,44.5,48.0,31.0,,41.0,C - Weak,3/4,0
MSME102606,,37.5,,,37.5,C - Weak,1/4,0
MSME102607,58.8,,,,58.8,B - Moderate,1/4,0
MSME102608,75.3,,,,75.3,A - Strong,1/4,0
MSME102609,66.8,69.4,,,67.9,B - Moderate,2/4,0
MSME102610,41.4,65.5,,66.0,53.5,C - Weak,3/4,1
MSME102611,78.8,83.7,63.4,,75.0,A - Strong,3/4,0
MSME102612,88.6,91.1,,,89.6,A - Strong,2/4,0
MSME102613,74.9,81.5,,73.3,77.0,A - Strong,3/4,0
MSME102614,45.6,49.0,,,47.0,C - Weak,2/4,0
MSME102615,,25.9,,,25.9,D - High Risk,1/4,1
MSME102616,,33.2,,,33.2,D - High Risk,1/4,0
MSME102617,74.1,71.3,,35.8,67.6,B - Moderate,3/4,0
MSME102618,,,36.1,,36.1,C - Weak,1/4,0
MSME102619,,72.1,,,72.1,B - Moderate,1/4,0
MSME102620,56.4,54.5,,,55.6,B - Moderate,2/4,0
MSME102621,69.7,,74.4,,71.9,B - Moderate,2/4,0
MSME102622,,33.8,,,33.8,D - High Risk,1/4,0
MSME102623,70.3,73.7,82.7,87.4,76.6,A - Strong,4/4,0
MSME102624,,39.3,,,39.3,C - Weak,1/4,0
MSME102625,54.4,71.3,,,61.4,B - Moderate,2/4,0
MSME102626,,37.6,,,37.6,C - Weak,1/4,1
MSME102627,,34.6,,34.3,34.5,D - High Risk,2/4,1
MSME102628,38.4,47.6,46.7,,43.7,C - Weak,3/4,0
MSME102629,,77.8,64.2,,70.4,B - Moderate,2/4,0
MSME102630,,58.6,,,58.6,B - Moderate,1/4,0
MSME102631,33.5,,,,33.5,D - High Risk,1/4,0
MSME102632,68.2,,64.9,59.4,65.7,B - Moderate,3/4,0
MSME102633,30.8,31.6,55.5,,39.3,C - Weak,3/4,0
MSME102634,59.9,55.4,43.4,,53.2,C - Weak,3/4,0
MSME102635,54.6,49.9,,,52.6,C - Weak,2/4,0
MSME102636,,,,,,Unscoreable,0/4,0
MSME102637,,87.6,,,87.6,A - Strong,1/4,0
MSME102638,78.8,86.0,84.6,89.4,83.4,A - Strong,4/4,0
MSME102639,,29.1,,,29.1,D - High Risk,1/4,0
MSME102640,43.2,,,44.8,43.6,C - Weak,2/4,0
MSME102641,,,28.9,,28.9,D - High Risk,1/4,0
MSME102642,,21.6,,,21.6,D - High Risk,1/4,0
MSME102643,,,,,,Unscoreable,0/4,0
MSME102644,,30.7,44.3,,38.1,C - Weak,2/4,0
MSME102645,57.8,66.6,58.1,,60.3,B - Moderate,3/4,0
MSME102646,72.2,,63.7,,68.3,B - Moderate,2/4,0
MSME102647,80.9,86.8,,82.5,83.2,A - Strong,3/4,0
MSME102648,82.3,83.2,,,82.7,A - Strong,2/4,0
MSME102649,35.6,55.5,,,43.9,C - Weak,2/4,0
MSME102650,84.3,92.1,83.9,88.6,86.6,A - Strong,4/4,0
MSME102651,79.3,79.1,74.2,74.6,77.2,A - Strong,4/4,0
MSME102652,,78.1,,,78.1,A - Strong,1/4,0
MSME102653,,,,,,Unscoreable,0/4,0
MSME102654,,26.0,,,26.0,D - High Risk,1/4,0
MSME102655,,,66.4,,66.4,B - Moderate,1/4,0
MSME102656,63.1,57.5,,,60.8,B - Moderate,2/4,0
MSME102657,,21.1,,,21.1,D - High Risk,1/4,1
MSME102658,,24.6,,48.0,31.3,D - High Risk,2/4,0
MSME102659,87.2,94.1,,,90.1,A - Strong,2/4,0
MSME102660,68.2,,63.5,,66.0,B - Moderate,2/4,0
MSME102661,,61.0,70.1,72.0,66.9,B - Moderate,3/4,0
MSME102662,31.0,43.7,43.0,,38.5,C - Weak,3/4,0
MSME102663,80.1,93.9,79.7,,83.8,A - Strong,3/4,0
MSME102664,63.9,68.8,72.0,61.2,67.3,B - Moderate,4/4,0
MSME102665,71.2,67.8,,64.9,69.1,B - Moderate,3/4,0
MSME102666,,88.6,,,88.6,A - Strong,1/4,0
MSME102667,75.5,,,,75.5,A - Strong,1/4,1
MSME102668,26.4,,,,26.4,D - High Risk,1/4,0
MSME102669,51.9,71.1,,51.4,58.7,B - Moderate,3/4,0
MSME102670,82.0,91.9,67.9,,80.1,A - Strong,3/4,0
MSME102671,62.3,63.9,61.2,,62.4,B - Moderate,3/4,0
MSME102672,,87.9,76.8,,81.8,A - Strong,2/4,0
MSME102673,64.1,75.1,,64.3,68.1,B - Moderate,3/4,0
MSME102674,54.3,60.1,,,56.7,B - Moderate,2/4,0
MSME102675,,,,,,Unscoreable,0/4,0
MSME102676,62.3,,49.8,,56.5,B - Moderate,2/4,0
MSME102677,54.7,50.3,25.6,48.9,44.3,C - Weak,4/4,0
MSME102678,81.1,86.8,80.2,67.1,80.9,A - Strong,4/4,0
MSME102679,,69.1,,82.1,72.8,B - Moderate,2/4,0
MSME102680,,57.5,71.8,,65.3,B - Moderate,2/4,0
MSME102681,53.1,,,55.5,53.6,C - Weak,2/4,0
MSME102682,,56.4,47.5,,51.5,C - Weak,2/4,0
MSME102683,79.3,84.0,76.1,,79.5,A - Strong,3/4,0
MSME102684,44.7,54.3,36.4,,44.6,C - Weak,3/4,0
MSME102685,70.0,,,49.2,65.4,B - Moderate,2/4,1
MSME102686,88.1,89.7,,,88.8,A - Strong,2/4,0
MSME102687,86.5,,80.1,,83.5,A - Strong,2/4,0
MSME102688,39.5,60.2,32.9,,43.1,C - Weak,3/4,1
MSME102689,,,,,,Unscoreable,0/4,0
MSME102690,87.5,86.3,,78.3,85.8,A - Strong,3/4,0
MSME102691,61.6,35.5,62.7,,54.7,C - Weak,3/4,0
MSME102692,46.9,48.3,36.9,38.5,43.4,C - Weak,4/4,1
MSME102693,45.8,36.2,,47.3,42.6,C - Weak,3/4,1
MSME102694,69.1,,,,69.1,B - Moderate,1/4,0
MSME102695,,63.5,,,63.5,B - Moderate,1/4,1
MSME102696,83.0,,,,83.0,A - Strong,1/4,0
MSME102697,60.9,72.0,,,65.5,B - Moderate,2/4,1
MSME102698,49.5,49.2,48.7,,49.2,C - Weak,3/4,0
MSME102699,91.1,90.7,,,90.9,A - Strong,2/4,0
MSME102700,48.2,53.9,,,50.6,C - Weak,2/4,0
MSME102701,44.1,40.2,39.8,,41.6,C - Weak,3/4,1
MSME102702,,90.3,,92.7,91.0,A - Strong,2/4,0
MSME102703,29.1,35.6,26.9,,30.2,D - High Risk,3/4,0
MSME102704,38.5,,33.3,20.9,34.1,D - High Risk,3/4,0
MSME102705,54.9,,83.2,,68.0,B - Moderate,2/4,0
MSME102706,,,65.9,88.3,71.5,B - Moderate,2/4,0
MSME102707,56.7,,55.8,62.7,57.1,B - Moderate,3/4,0
MSME102708,28.1,25.6,,,27.1,D - High Risk,2/4,0
MSME102709,32.6,42.7,17.0,,30.2,D - High Risk,3/4,0
MSME102710,71.5,,,71.6,71.5,B - Moderate,2/4,0
MSME102711,75.8,71.0,68.8,,72.1,B - Moderate,3/4,0
MSME102712,,61.1,36.0,,47.4,C - Weak,2/4,0
MSME102713,18.0,59.4,15.2,,28.6,D - High Risk,3/4,0
MSME102714,,,44.3,77.6,52.6,C - Weak,2/4,0
MSME102715,41.8,53.1,39.1,,44.0,C - Weak,3/4,0
MSME102716,85.8,85.3,,,85.6,A - Strong,2/4,0
MSME102717,82.6,83.9,67.4,,77.9,A - Strong,3/4,0
MSME102718,55.9,45.2,,,51.4,C - Weak,2/4,0
MSME102719,,63.9,71.0,,67.8,B - Moderate,2/4,0
MSME102720,61.4,,70.4,,65.6,B - Moderate,2/4,0
MSME102721,50.2,53.8,55.8,,53.1,C - Weak,3/4,0
MSME102722,47.1,58.7,58.3,,54.1,C - Weak,3/4,0
MSME102723,,24.4,,,24.4,D - High Risk,1/4,0
MSME102724,19.8,30.4,,,24.2,D - High Risk,2/4,1
MSME102725,27.4,,17.7,35.1,24.5,D - High Risk,3/4,0
MSME102726,53.6,36.4,,70.1,49.8,C - Weak,3/4,0
MSME102727,,87.5,,,87.5,A - Strong,1/4,1
MSME102728,,85.8,,,85.8,A - Strong,1/4,0
MSME102729,64.7,,,,64.7,B - Moderate,1/4,0
MSME102730,,,24.5,,24.5,D - High Risk,1/4,0
MSME102731,,25.9,,15.0,22.8,D - High Risk,2/4,1
MSME102732,24.3,28.7,27.2,,26.5,D - High Risk,3/4,0
MSME102733,,44.9,,,44.9,C - Weak,1/4,0
MSME102734,,32.7,,,32.7,D - High Risk,1/4,0
MSME102735,54.8,51.0,,,53.2,C - Weak,2/4,0
MSME102736,84.9,84.1,89.2,,86.1,A - Strong,3/4,0
MSME102737,77.9,83.0,,,80.0,A - Strong,2/4,0
MSME102738,,71.2,,75.7,72.5,B - Moderate,2/4,0
MSME102739,50.5,48.9,52.6,,50.8,C - Weak,3/4,0
MSME102740,70.4,63.9,,,67.7,B - Moderate,2/4,1
MSME102741,,38.3,34.1,48.9,38.0,C - Weak,3/4,0
MSME102742,,76.6,61.3,,68.3,B - Moderate,2/4,0
MSME102743,53.0,55.8,69.3,78.0,61.1,B - Moderate,4/4,0
MSME102744,86.9,88.7,81.6,,85.6,A - Strong,3/4,0
MSME102745,90.7,89.8,,,90.3,A - Strong,2/4,0
MSME102746,,42.4,,60.2,47.5,C - Weak,2/4,0
MSME102747,39.7,48.7,,,43.5,C - Weak,2/4,0
MSME102748,,57.9,78.8,71.2,69.6,B - Moderate,3/4,0
MSME102749,,,,,,Unscoreable,0/4,0
MSME102750,,28.9,19.7,,23.9,D - High Risk,2/4,1
MSME102751,63.1,83.8,,,71.7,B - Moderate,2/4,0
MSME102752,26.3,,,41.0,29.6,D - High Risk,2/4,0
MSME102753,79.7,82.0,,,80.7,A - Strong,2/4,0
MSME102754,70.6,,71.3,68.7,70.6,B - Moderate,3/4,0
MSME102755,37.7,,,45.3,39.4,C - Weak,2/4,0
MSME102756,79.5,75.8,,,78.0,A - Strong,2/4,0
MSME102757,39.4,,39.6,27.1,37.8,C - Weak,3/4,0
MSME102758,,50.1,59.4,,55.2,B - Moderate,2/4,0
MSME102759,,57.2,51.1,,53.9,C - Weak,2/4,0
MSME102760,39.1,,,,39.1,C - Weak,1/4,0
MSME102761,71.4,78.3,69.9,75.9,73.1,B - Moderate,4/4,0
MSME102762,65.8,83.9,55.8,,67.5,B - Moderate,3/4,0
MSME102763,,,,,,Unscoreable,0/4,0
MSME102764,,82.3,,,82.3,A - Strong,1/4,0
MSME102765,61.5,,69.5,75.2,66.5,B - Moderate,3/4,0
MSME102766,,39.5,,23.4,34.9,D - High Risk,2/4,0
MSME102767,91.6,87.4,80.1,,86.6,A - Strong,3/4,0
MSME102768,37.3,,,,37.3,C - Weak,1/4,0
MSME102769,79.5,,,71.5,77.7,A - Strong,2/4,0
MSME102770,80.3,,87.1,,83.4,A - Strong,2/4,0
MSME102771,69.8,,,52.7,66.0,B - Moderate,2/4,0
MSME102772,73.2,91.6,58.3,,73.3,B - Moderate,3/4,0
MSME102773,,43.2,,,43.2,C - Weak,1/4,0
MSME102774,23.4,,,33.6,25.7,D - High Risk,2/4,0
MSME102775,,,,,,Unscoreable,0/4,1
MSME102776,44.5,36.7,,42.2,41.4,C - Weak,3/4,0
MSME102777,23.8,35.8,40.4,23.9,31.8,D - High Risk,4/4,0
MSME102778,89.4,91.2,80.9,,87.1,A - Strong,3/4,0
MSME102779,60.0,70.5,69.9,,66.2,B - Moderate,3/4,0
MSME102780,,51.6,46.6,,48.9,C - Weak,2/4,0
MSME102781,,,29.4,,29.4,D - High Risk,1/4,0
MSME102782,53.9,,70.1,,61.4,B - Moderate,2/4,0
MSME102783,,34.2,,,34.2,D - High Risk,1/4,1
MSME102784,40.8,73.0,,,54.2,C - Weak,2/4,0
MSME102785,,67.3,68.3,,67.8,B - Moderate,2/4,0
MSME102786,66.0,,68.7,,67.2,B - Moderate,2/4,0
MSME102787,,20.4,,23.4,21.3,D - High Risk,2/4,0
MSME102788,61.8,67.7,,,64.3,B - Moderate,2/4,0
MSME102789,52.5,42.0,41.1,,45.8,C - Weak,3/4,0
MSME102790,87.3,83.8,,,85.8,A - Strong,2/4,0
MSME102791,48.6,50.6,,,49.4,C - Weak,2/4,0
MSME102792,81.8,,,,81.8,A - Strong,1/4,0
MSME102793,,50.1,,,50.1,C - Weak,1/4,0
MSME102794,57.3,,50.2,,54.0,C - Weak,2/4,0
MSME102795,76.3,89.2,,,81.7,A - Strong,2/4,0
MSME102796,80.4,,,63.4,76.6,A - Strong,2/4,0
MSME102797,56.0,82.7,51.3,,61.9,B - Moderate,3/4,0
MSME102798,90.0,93.0,85.0,,89.2,A - Strong,3/4,0
MSME102799,66.1,,,75.4,68.2,B - Moderate,2/4,0
MSME102800,,,91.2,,91.2,A - Strong,1/4,0
MSME102801,,79.1,76.2,,77.5,A - Strong,2/4,0
MSME102802,,46.0,,,46.0,C - Weak,1/4,0
MSME102803,,58.8,,,58.8,B - Moderate,1/4,0
MSME102804,,46.2,49.3,,47.9,C - Weak,2/4,0
MSME102805,,58.4,,,58.4,B - Moderate,1/4,0
MSME102806,,64.1,,,64.1,B - Moderate,1/4,0
MSME102807,91.6,89.9,,87.8,90.5,A - Strong,3/4,0
MSME102808,65.9,92.4,64.5,,72.8,B - Moderate,3/4,0
MSME102809,,50.2,68.2,,60.0,B - Moderate,2/4,0
MSME102810,43.1,45.6,,,44.1,C - Weak,2/4,1
MSME102811,22.3,,,30.8,24.2,D - High Risk,2/4,1
MSME102812,41.1,,,39.1,40.7,C - Weak,2/4,0
MSME102813,86.6,84.7,,,85.8,A - Strong,2/4,0
MSME102814,,87.1,,,87.1,A - Strong,1/4,0
MSME102815,,60.1,66.6,,63.6,B - Moderate,2/4,0
MSME102816,43.7,54.8,39.0,64.4,47.1,C - Weak,4/4,0
MSME102817,,36.3,18.5,,26.6,D - High Risk,2/4,0
MSME102818,37.5,61.4,,29.7,44.9,C - Weak,3/4,1
MSME102819,,37.9,,23.4,33.8,D - High Risk,2/4,1
MSME102820,80.9,89.5,79.3,89.7,83.5,A - Strong,4/4,0
MSME102821,,54.4,,,54.4,C - Weak,1/4,0
MSME102822,,,89.6,,89.6,A - Strong,1/4,0
MSME102823,79.9,,78.1,,79.1,A - Strong,2/4,0
MSME102824,86.3,,91.7,92.7,89.3,A - Strong,3/4,0
MSME102825,62.9,73.0,,,67.1,B - Moderate,2/4,0
MSME102826,,,,,,Unscoreable,0/4,0
MSME102827,45.1,50.4,,,47.3,C - Weak,2/4,0
MSME102828,77.0,85.2,88.1,59.2,80.6,A - Strong,4/4,0
MSME102829,44.9,54.7,,47.5,48.8,C - Weak,3/4,1
MSME102830,67.3,68.8,,60.8,66.9,B - Moderate,3/4,0
MSME102831,75.1,77.0,89.0,,80.3,A - Strong,3/4,0
MSME102832,,61.0,,77.0,65.6,B - Moderate,2/4,0
MSME102833,55.5,69.8,59.8,,60.9,B - Moderate,3/4,0
MSME102834,39.8,,51.3,75.0,49.1,C - Weak,3/4,0
MSME102835,47.7,55.5,,,51.0,C - Weak,2/4,0
MSME102836,38.1,52.1,,,43.9,C - Weak,2/4,0
MSME102837,,51.6,,38.1,47.7,C - Weak,2/4,1
MSME102838,,39.5,61.3,,51.4,C - Weak,2/4,0
MSME102839,52.7,48.7,,,51.0,C - Weak,2/4,1
MSME102840,47.5,43.3,,,45.8,C - Weak,2/4,1
MSME102841,,,,,,Unscoreable,0/4,0
MSME102842,19.7,21.9,,,20.6,D - High Risk,2/4,1
MSME102843,43.7,48.2,,,45.6,C - Weak,2/4,0
MSME102844,64.4,61.8,71.8,,66.1,B - Moderate,3/4,1
MSME102845,,49.2,,,49.2,C - Weak,1/4,1
MSME102846,53.3,43.5,,,49.2,C - Weak,2/4,0
MSME102847,23.4,,38.7,,30.5,D - High Risk,2/4,0
MSME102848,78.1,88.6,,73.9,81.2,A - Strong,3/4,0
MSME102849,19.9,,,,19.9,D - High Risk,1/4,1
MSME102850,,46.1,,,46.1,C - Weak,1/4,0
MSME102851,,31.9,,,31.9,D - High Risk,1/4,1
MSME102852,44.2,45.0,58.6,,49.2,C - Weak,3/4,0
MSME102853,,47.7,52.0,,50.0,C - Weak,2/4,0
MSME102854,,51.6,66.4,,59.7,B - Moderate,2/4,0
MSME102855,90.9,87.1,88.8,,89.1,A - Strong,3/4,0
MSME102856,67.7,63.4,,,65.9,B - Moderate,2/4,0
MSME102857,68.5,69.1,65.6,,67.7,B - Moderate,3/4,0
MSME102858,30.6,41.1,,31.7,34.5,D - High Risk,3/4,0
MSME102859,,37.1,23.4,,29.6,D - High Risk,2/4,0
MSME102860,90.7,93.9,,,92.0,A - Strong,2/4,0
MSME102861,45.0,36.7,55.0,52.7,46.7,C - Weak,4/4,0
MSME102862,54.6,57.2,,,55.7,B - Moderate,2/4,0
MSME102863,,68.6,,,68.6,B - Moderate,1/4,0
MSME102864,,37.2,,,37.2,C - Weak,1/4,1
MSME102865,,28.6,16.8,,22.2,D - High Risk,2/4,1
MSME102866,70.5,78.2,75.4,,74.3,B - Moderate,3/4,0
MSME102867,,88.8,,,88.8,A - Strong,1/4,0
MSME102868,,75.7,,84.4,78.2,A - Strong,2/4,0
MSME102869,,63.8,,,63.8,B - Moderate,1/4,0
MSME102870,60.3,62.9,,,61.4,B - Moderate,2/4,0
MSME102871,20.7,33.5,,,26.0,D - High Risk,2/4,0
MSME102872,,27.7,,,27.7,D - High Risk,1/4,1
MSME102873,62.5,,43.6,,53.8,C - Weak,2/4,0
MSME102874,,27.5,,,27.5,D - High Risk,1/4,0
MSME102875,,65.3,,,65.3,B - Moderate,1/4,0
MSME102876,38.4,41.5,,,39.7,C - Weak,2/4,0
MSME102877,32.6,34.8,23.8,,30.3,D - High Risk,3/4,0
MSME102878,,58.4,,,58.4,B - Moderate,1/4,0
MSME102879,16.6,15.4,,16.4,16.1,D - High Risk,3/4,1
MSME102880,,66.4,,,66.4,B - Moderate,1/4,0
MSME102881,62.5,59.4,44.3,,55.6,B - Moderate,3/4,0
MSME102882,60.6,66.2,52.1,,59.3,B - Moderate,3/4,0
MSME102883,19.4,26.4,,,22.3,D - High Risk,2/4,1
MSME102884,60.2,49.1,60.5,,57.2,B - Moderate,3/4,0
MSME102885,,23.2,15.5,,19.0,D - High Risk,2/4,0
MSME102886,,42.6,,,42.6,C - Weak,1/4,0
MSME102887,75.6,89.7,,92.3,83.0,A - Strong,3/4,0
MSME102888,,62.0,59.1,49.2,58.7,B - Moderate,3/4,0
MSME102889,,83.7,,,83.7,A - Strong,1/4,0
MSME102890,,25.6,,,25.6,D - High Risk,1/4,0
MSME102891,,29.5,43.8,61.8,41.1,C - Weak,3/4,0
MSME102892,57.2,61.3,,,58.9,B - Moderate,2/4,0
MSME102893,76.4,74.2,,,75.5,A - Strong,2/4,0
MSME102894,78.3,75.4,71.8,68.2,74.6,B - Moderate,4/4,0
MSME102895,51.0,68.5,,,58.3,B - Moderate,2/4,0
MSME102896,48.6,47.8,,43.7,47.6,C - Weak,3/4,0
MSME102897,54.2,48.2,,,51.7,C - Weak,2/4,1
MSME102898,82.0,90.9,,92.1,86.6,A - Strong,3/4,0
MSME102899,80.0,87.8,87.4,,84.6,A - Strong,3/4,0
MSME102900,61.0,44.9,,,54.3,C - Weak,2/4,0
MSME102901,60.3,70.9,70.2,,66.5,B - Moderate,3/4,0
MSME102902,54.9,48.5,64.5,78.8,58.6,B - Moderate,4/4,0
MSME102903,85.8,,,91.5,87.1,A - Strong,2/4,0
MSME102904,18.9,20.6,,,19.6,D - High Risk,2/4,1
MSME102905,34.4,,31.6,,33.1,D - High Risk,2/4,0
MSME102906,73.5,91.5,70.6,72.8,77.1,A - Strong,4/4,0
MSME102907,31.0,48.2,28.0,37.8,35.1,C - Weak,4/4,0
MSME102908,,58.9,35.9,,46.4,C - Weak,2/4,0
MSME102909,88.4,89.2,86.6,,88.0,A - Strong,3/4,0
MSME102910,,84.9,71.3,84.6,78.6,A - Strong,3/4,0
MSME102911,,51.9,,,51.9,C - Weak,1/4,0
MSME102912,,43.3,45.5,,44.5,C - Weak,2/4,0
MSME102913,73.2,82.9,,77.1,77.2,A - Strong,3/4,0
MSME102914,,86.4,,,86.4,A - Strong,1/4,0
MSME102915,90.8,93.6,,,92.0,A - Strong,2/4,0
MSME102916,58.5,50.4,,,55.1,B - Moderate,2/4,0
MSME102917,38.5,37.8,28.1,50.2,36.4,C - Weak,4/4,0
MSME102918,41.8,26.5,,,35.4,C - Weak,2/4,1
MSME102919,,47.1,,,47.1,C - Weak,1/4,0
MSME102920,,53.0,59.7,64.2,57.8,B - Moderate,3/4,0
MSME102921,47.9,63.2,46.1,24.9,48.9,C - Weak,4/4,0
MSME102922,36.1,39.9,30.0,,35.1,C - Weak,3/4,0
MSME102923,74.3,,,,74.3,B - Moderate,1/4,0
MSME102924,53.1,66.0,,,58.5,B - Moderate,2/4,0
MSME102925,84.9,85.2,81.6,,83.9,A - Strong,3/4,0
MSME102926,50.7,,54.2,,52.3,C - Weak,2/4,0
MSME102927,48.6,51.0,44.7,,48.0,C - Weak,3/4,0
MSME102928,65.7,49.0,,,58.7,B - Moderate,2/4,0
MSME102929,74.2,,,,74.2,B - Moderate,1/4,0
MSME102930,25.5,34.2,,,29.1,D - High Risk,2/4,1
MSME102931,65.5,71.7,70.0,,68.7,B - Moderate,3/4,0
MSME102932,,33.0,,,33.0,D - High Risk,1/4,0
MSME102933,48.9,55.5,,,51.6,C - Weak,2/4,0
MSME102934,23.5,,,28.0,24.5,D - High Risk,2/4,0
MSME102935,72.0,80.3,,69.9,74.7,B - Moderate,3/4,0
MSME102936,49.2,69.1,72.7,,62.6,B - Moderate,3/4,0
MSME102937,63.2,81.1,,,70.7,B - Moderate,2/4,0
MSME102938,,23.4,,,23.4,D - High Risk,1/4,1
MSME102939,90.3,93.2,87.9,,90.3,A - Strong,3/4,0
MSME102940,52.3,62.1,60.6,,57.8,B - Moderate,3/4,0
MSME102941,26.2,35.6,,,30.1,D - High Risk,2/4,0
MSME102942,,84.6,75.9,85.6,80.7,A - Strong,3/4,0
MSME102943,36.3,,,,36.3,C - Weak,1/4,0
MSME102944,82.8,89.8,61.0,68.6,76.6,A - Strong,4/4,0
MSME102945,64.5,61.9,,,63.4,B - Moderate,2/4,0
MSME102946,84.3,76.1,81.8,88.2,81.9,A - Strong,4/4,0
MSME102947,74.6,,77.5,,75.9,A - Strong,2/4,0
MSME102948,47.6,,,56.9,49.7,C - Weak,2/4,0
MSME102949,80.7,92.6,79.7,,83.7,A - Strong,3/4,0
MSME102950,84.0,77.9,81.4,72.1,80.5,A - Strong,4/4,0
MSME102951,70.0,,,,70.0,B - Moderate,1/4,0
MSME102952,,68.7,91.2,,81.0,A - Strong,2/4,0
MSME102953,,,,,,Unscoreable,0/4,0
MSME102954,,46.7,39.9,,43.0,C - Weak,2/4,0
MSME102955,,49.7,,,49.7,C - Weak,1/4,0
MSME102956,60.1,72.0,,,65.1,B - Moderate,2/4,1
MSME102957,41.7,37.2,,,39.8,C - Weak,2/4,0
MSME102958,,23.1,,,23.1,D - High Risk,1/4,1
MSME102959,89.0,89.5,89.7,89.6,89.4,A - Strong,4/4,0
MSME102960,,47.3,42.5,27.9,42.1,C - Weak,3/4,1
MSME102961,,,76.9,80.1,77.7,A - Strong,2/4,0
MSME102962,43.6,,,,43.6,C - Weak,1/4,0
MSME102963,,60.0,71.8,76.2,67.9,B - Moderate,3/4,0
MSME102964,32.9,32.0,36.5,50.4,35.5,C - Weak,4/4,1
MSME102965,57.0,53.1,,,55.4,B - Moderate,2/4,0
MSME102966,18.3,20.9,,,19.4,D - High Risk,2/4,1
MSME102967,,41.1,,,41.1,C - Weak,1/4,1
MSME102968,80.0,88.6,82.8,,83.3,A - Strong,3/4,0
MSME102969,59.1,54.2,,,57.1,B - Moderate,2/4,0
MSME102970,22.5,34.4,32.3,,29.1,D - High Risk,3/4,1
MSME102971,19.1,28.9,,,23.2,D - High Risk,2/4,0
MSME102972,,75.4,,,75.4,A - Strong,1/4,0
MSME102973,,,85.8,83.3,85.2,A - Strong,2/4,0
MSME102974,38.0,56.3,,,45.6,C - Weak,2/4,0
MSME102975,74.7,,78.1,,76.3,A - Strong,2/4,0
MSME102976,,86.8,,,86.8,A - Strong,1/4,0
MSME102977,56.6,81.3,69.0,58.1,66.6,B - Moderate,4/4,0
MSME102978,25.7,,17.7,23.7,22.2,D - High Risk,3/4,0
MSME102979,77.1,76.6,,,76.9,A - Strong,2/4,0
MSME102980,70.3,85.7,,,76.7,A - Strong,2/4,0
MSME102981,78.3,82.3,,,80.0,A - Strong,2/4,0
MSME102982,32.1,56.9,43.6,,42.8,C - Weak,3/4,0
MSME102983,64.7,73.9,67.0,,68.0,B - Moderate,3/4,0
MSME102984,,84.2,90.4,,87.6,A - Strong,2/4,0
MSME102985,67.1,73.4,69.0,,69.5,B - Moderate,3/4,0
MSME102986,,,,64.2,64.2,B - Moderate,1/4,0
MSME102987,84.0,,86.1,,85.0,A - Strong,2/4,0
MSME102988,65.5,76.1,70.8,,70.2,B - Moderate,3/4,0
MSME102989,59.2,75.3,,,65.9,B - Moderate,2/4,0
MSME102990,50.4,55.4,,,52.5,C - Weak,2/4,0
MSME102991,38.2,46.9,26.0,,36.6,C - Weak,3/4,1
MSME102992,,76.9,,,76.9,A - Strong,1/4,0
MSME102993,89.1,89.6,88.8,,89.1,A - Strong,3/4,0
MSME102994,,,,,,Unscoreable,0/4,1
MSME102995,45.3,,,,45.3,C - Weak,1/4,1
MSME102996,76.5,,83.5,,79.7,A - Strong,2/4,0
MSME102997,,46.1,40.4,55.2,44.9,C - Weak,3/4,1
MSME102998,74.5,90.0,,,81.0,A - Strong,2/4,0
MSME102999,,48.5,62.7,,56.2,B - Moderate,2/4,0
MSME103000,87.7,92.8,,79.1,88.3,A - Strong,3/4,0
MSME103001,50.6,45.1,,,48.3,C - Weak,2/4,0
MSME103002,,49.2,,,49.2,C - Weak,1/4,0
MSME103003,48.2,74.2,66.8,,61.6,B - Moderate,3/4,0
MSME103004,58.7,72.6,,,64.5,B - Moderate,2/4,0
MSME103005,70.0,,,83.8,73.1,B - Moderate,2/4,0
MSME103006,,81.8,73.0,,77.0,A - Strong,2/4,0
MSME103007,,64.1,,,64.1,B - Moderate,1/4,0
MSME103008,,,,52.4,52.4,C - Weak,1/4,0
MSME103009,,47.4,,,47.4,C - Weak,1/4,0
MSME103010,35.0,35.2,,,35.1,C - Weak,2/4,0
MSME103011,77.7,92.3,,,83.8,A - Strong,2/4,0
MSME103012,67.6,,,60.6,66.0,B - Moderate,2/4,0
MSME103013,51.0,37.0,,57.2,46.9,C - Weak,3/4,1
MSME103014,,40.9,,,40.9,C - Weak,1/4,0
MSME103015,80.6,,,,80.6,A - Strong,1/4,0
MSME103016,77.5,86.6,68.3,,77.0,A - Strong,3/4,0
MSME103017,,49.2,,,49.2,C - Weak,1/4,0
MSME103018,,74.1,84.2,,79.6,A - Strong,2/4,0
MSME103019,75.0,66.6,78.1,,73.7,B - Moderate,3/4,0
MSME103020,,21.8,,,21.8,D - High Risk,1/4,0
MSME103021,41.7,,,,41.7,C - Weak,1/4,0
MSME103022,61.2,40.1,,,52.4,C - Weak,2/4,0
MSME103023,,64.8,85.8,87.7,78.0,A - Strong,3/4,0
MSME103024,21.6,28.8,,,24.6,D - High Risk,2/4,0
MSME103025,80.9,90.7,87.4,70.9,84.3,A - Strong,4/4,0
MSME103026,,67.0,73.3,,70.4,B - Moderate,2/4,0
MSME103027,,,,,,Unscoreable,0/4,0
MSME103028,19.6,20.8,31.2,,23.8,D - High Risk,3/4,1
MSME103029,,67.8,,,67.8,B - Moderate,1/4,0
MSME103030,70.0,,76.3,,72.9,B - Moderate,2/4,0
MSME103031,63.9,64.0,,,63.9,B - Moderate,2/4,1
MSME103032,57.0,78.7,45.8,,59.3,B - Moderate,3/4,0
MSME103033,,65.8,,,65.8,B - Moderate,1/4,0
MSME103034,,,,64.7,64.7,B - Moderate,1/4,0
MSME103035,65.0,60.7,72.2,,66.2,B - Moderate,3/4,0
MSME103036,34.4,46.6,27.6,24.3,34.4,D - High Risk,4/4,0
MSME103037,67.9,64.9,79.9,,71.1,B - Moderate,3/4,0
MSME103038,81.9,86.6,,,83.9,A - Strong,2/4,0
MSME103039,,54.6,,74.8,60.4,B - Moderate,2/4,0
MSME103040,72.8,72.8,,,72.8,B - Moderate,2/4,0
MSME103041,29.2,54.4,,,39.7,C - Weak,2/4,1
MSME103042,74.3,80.4,53.1,,68.9,B - Moderate,3/4,0
MSME103043,36.4,42.8,,,39.1,C - Weak,2/4,0
MSME103044,,,,,,Unscoreable,0/4,0
MSME103045,,25.4,,24.1,25.0,D - High Risk,2/4,0
MSME103046,,35.0,14.4,,23.8,D - High Risk,2/4,1
MSME103047,79.0,,77.6,88.8,79.7,A - Strong,3/4,0
MSME103048,50.6,57.7,51.9,,53.0,C - Weak,3/4,0
MSME103049,54.5,77.6,,,64.1,B - Moderate,2/4,0
MSME103050,,27.5,,,27.5,D - High Risk,1/4,1
MSME103051,,65.7,54.2,72.2,61.4,B - Moderate,3/4,0
MSME103052,54.7,,54.7,51.5,54.3,C - Weak,3/4,0
MSME103053,65.4,71.2,69.1,65.7,68.0,B - Moderate,4/4,0
MSME103054,,,,,,Unscoreable,0/4,0
MSME103055,43.1,51.7,,,46.7,C - Weak,2/4,0
MSME103056,83.9,82.7,,81.1,83.1,A - Strong,3/4,0
MSME103057,,58.2,65.2,,62.0,B - Moderate,2/4,0
MSME103058,,33.6,,,33.6,D - High Risk,1/4,0
MSME103059,,76.3,,88.9,79.9,A - Strong,2/4,0
MSME103060,,,61.6,42.4,56.8,B - Moderate,2/4,0
MSME103061,82.8,89.1,,,85.4,A - Strong,2/4,0
MSME103062,,37.5,,,37.5,C - Weak,1/4,1
MSME103063,66.5,,,,66.5,B - Moderate,1/4,0
MSME103064,54.0,53.9,47.1,,51.7,C - Weak,3/4,1
MSME103065,35.9,49.4,,,41.5,C - Weak,2/4,0
MSME103066,,49.6,,,49.6,C - Weak,1/4,0
MSME103067,24.0,32.1,,,27.4,D - High Risk,2/4,0
MSME103068,81.1,91.8,77.5,59.7,80.6,A - Strong,4/4,0
MSME103069,,65.0,41.8,,52.3,C - Weak,2/4,0
MSME103070,,59.7,66.5,,63.4,B - Moderate,2/4,0
MSME103071,,66.9,53.4,,59.5,B - Moderate,2/4,0
MSME103072,,68.1,61.2,76.1,66.1,B - Moderate,3/4,0
MSME103073,,25.0,33.4,,29.6,D - High Risk,2/4,0
MSME103074,34.3,35.4,67.1,,45.5,C - Weak,3/4,0
MSME103075,88.3,84.5,90.2,,87.9,A - Strong,3/4,0
MSME103076,72.0,63.7,64.0,,67.0,B - Moderate,3/4,0
MSME103077,73.9,70.0,,,72.3,B - Moderate,2/4,0
MSME103078,,73.6,,,73.6,B - Moderate,1/4,0
MSME103079,67.5,69.1,,,68.2,B - Moderate,2/4,0
MSME103080,,77.7,61.9,,69.1,B - Moderate,2/4,0
MSME103081,45.2,53.3,49.9,,49.0,C - Weak,3/4,0
MSME103082,,78.8,90.5,,85.2,A - Strong,2/4,0
MSME103083,,,64.0,60.5,63.1,B - Moderate,2/4,0
MSME103084,49.2,56.2,52.1,48.3,51.7,C - Weak,4/4,0
MSME103085,,48.6,39.5,,43.6,C - Weak,2/4,0
MSME103086,,84.6,89.2,,87.1,A - Strong,2/4,0
MSME103087,,18.5,,,18.5,D - High Risk,1/4,0
MSME103088,,56.2,,,56.2,B - Moderate,1/4,0
MSME103089,73.6,,76.1,80.6,75.5,A - Strong,3/4,0
MSME103090,25.9,31.9,,,28.4,D - High Risk,2/4,0
MSME103091,,66.4,70.3,71.6,69.0,B - Moderate,3/4,0
MSME103092,49.4,,,,49.4,C - Weak,1/4,0
MSME103093,65.8,,78.3,75.0,72.0,B - Moderate,3/4,0
MSME103094,,,,,,Unscoreable,0/4,0
MSME103095,,82.6,59.3,,69.9,B - Moderate,2/4,0
MSME103096,,83.3,,,83.3,A - Strong,1/4,0
MSME103097,,34.2,,,34.2,D - High Risk,1/4,1
MSME103098,,26.1,,,26.1,D - High Risk,1/4,1
MSME103099,,79.8,,,79.8,A - Strong,1/4,0
MSME103100,30.0,36.8,26.3,36.9,31.3,D - High Risk,4/4,0
MSME103101,72.7,70.5,42.2,,61.9,B - Moderate,3/4,0
MSME103102,42.6,,18.9,23.9,30.6,D - High Risk,3/4,0
MSME103103,78.5,83.9,59.5,,73.7,B - Moderate,3/4,0
MSME103104,64.7,83.6,,,72.6,B - Moderate,2/4,0
MSME103105,64.4,,70.2,,67.1,B - Moderate,2/4,0
MSME103106,58.3,46.0,,,53.2,C - Weak,2/4,0
MSME103107,31.6,26.3,14.9,,24.6,D - High Risk,3/4,1
MSME103108,63.3,,,,63.3,B - Moderate,1/4,0
MSME103109,57.2,,,35.2,52.3,C - Weak,2/4,0
MSME103110,47.5,59.7,48.4,,51.2,C - Weak,3/4,0
MSME103111,49.4,66.5,,,56.5,B - Moderate,2/4,0
MSME103112,69.3,,52.3,,61.5,B - Moderate,2/4,0
MSME103113,40.4,53.1,,45.1,45.6,C - Weak,3/4,0
MSME103114,,,,,,Unscoreable,0/4,0
MSME103115,86.0,93.1,78.9,,85.6,A - Strong,3/4,0
MSME103116,48.2,77.7,,,60.5,B - Moderate,2/4,0
MSME103117,67.5,60.4,53.5,61.2,60.9,B - Moderate,4/4,0
MSME103118,86.3,94.2,,,89.6,A - Strong,2/4,0
MSME103119,67.7,,75.7,,71.4,B - Moderate,2/4,0
MSME103120,,83.4,,,83.4,A - Strong,1/4,0
MSME103121,39.1,30.0,,42.4,36.3,C - Weak,3/4,1
MSME103122,,56.6,32.3,,43.3,C - Weak,2/4,0
MSME103123,60.2,51.1,,44.9,54.8,C - Weak,3/4,0
MSME103124,,23.7,,,23.7,D - High Risk,1/4,0
MSME103125,16.5,25.2,,,20.1,D - High Risk,2/4,0
MSME103126,52.3,61.8,54.5,,55.7,B - Moderate,3/4,0
MSME103127,,56.5,68.4,,63.0,B - Moderate,2/4,0
MSME103128,84.0,92.7,80.7,87.3,85.5,A - Strong,4/4,0
MSME103129,82.9,,83.1,86.3,83.4,A - Strong,3/4,0
MSME103130,,55.0,,,55.0,B - Moderate,1/4,0
MSME103131,81.0,91.8,84.6,93.1,86.0,A - Strong,4/4,0
MSME103132,72.7,80.0,65.4,,72.3,B - Moderate,3/4,0
MSME103133,,58.8,58.1,,58.4,B - Moderate,2/4,0
MSME103134,,66.8,61.0,,63.6,B - Moderate,2/4,0
MSME103135,51.5,,,39.9,48.9,C - Weak,2/4,0
MSME103136,,66.7,,,66.7,B - Moderate,1/4,0
MSME103137,79.3,85.7,,,82.0,A - Strong,2/4,0
MSME103138,,,,,,Unscoreable,0/4,0
MSME103139,,44.7,36.4,,40.2,C - Weak,2/4,0
MSME103140,,29.6,,,29.6,D - High Risk,1/4,0
MSME103141,,37.0,,,37.0,C - Weak,1/4,0
MSME103142,,62.7,,,62.7,B - Moderate,1/4,0
MSME103143,15.7,27.8,,,20.7,D - High Risk,2/4,0
MSME103144,88.2,92.5,85.9,,88.6,A - Strong,3/4,0
MSME103145,84.1,,77.6,,81.1,A - Strong,2/4,0
MSME103146,,,16.7,28.2,19.6,D - High Risk,2/4,1
MSME103147,71.0,76.1,,,73.1,B - Moderate,2/4,0
MSME103148,85.6,,88.6,89.2,87.3,A - Strong,3/4,0
MSME103149,,,,,,Unscoreable,0/4,0
MSME103150,86.2,90.1,73.4,,83.0,A - Strong,3/4,0
MSME103151,28.7,37.5,,,32.4,D - High Risk,2/4,0
MSME103152,,34.6,44.3,,39.9,C - Weak,2/4,1
MSME103153,,46.3,39.2,,42.4,C - Weak,2/4,0
MSME103154,40.9,,,75.8,48.7,C - Weak,2/4,0
MSME103155,,23.9,30.4,,27.4,D - High Risk,2/4,1
MSME103156,,50.8,,,50.8,C - Weak,1/4,1
MSME103157,21.4,24.0,17.1,,20.7,D - High Risk,3/4,0
MSME103158,,42.6,45.8,,44.3,C - Weak,2/4,0
MSME103159,65.3,73.5,,,68.7,B - Moderate,2/4,0
MSME103160,41.6,41.9,22.6,,35.4,C - Weak,3/4,0
MSME103161,90.9,93.7,,,92.1,A - Strong,2/4,0
MSME103162,,81.1,79.1,,80.0,A - Strong,2/4,0
MSME103163,26.2,37.8,32.0,29.7,31.2,D - High Risk,4/4,0
MSME103164,,82.2,75.4,,78.5,A - Strong,2/4,0
MSME103165,60.2,84.9,80.5,,73.8,B - Moderate,3/4,0
MSME103166,32.4,34.7,35.8,,34.2,D - High Risk,3/4,1
MSME103167,25.5,27.9,,,26.5,D - High Risk,2/4,0
MSME103168,43.9,28.1,35.8,,36.8,C - Weak,3/4,0
MSME103169,44.9,63.4,61.1,,55.4,B - Moderate,3/4,0
MSME103170,,32.6,25.6,,28.8,D - High Risk,2/4,1
MSME103171,,57.1,52.3,,54.5,C - Weak,2/4,0
MSME103172,84.3,89.6,,88.5,86.8,A - Strong,3/4,0
MSME103173,70.4,86.3,,67.4,75.7,A - Strong,3/4,0
MSME103174,47.4,,71.1,,58.3,B - Moderate,2/4,0
MSME103175,28.8,58.0,,,41.0,C - Weak,2/4,0
MSME103176,,,39.7,,39.7,C - Weak,1/4,0
MSME103177,,31.8,,,31.8,D - High Risk,1/4,0
MSME103178,,41.2,,,41.2,C - Weak,1/4,0
MSME103179,57.5,49.3,60.2,,56.1,B - Moderate,3/4,0
MSME103180,82.1,,,86.2,83.0,A - Strong,2/4,0
MSME103181,75.8,81.7,,,78.3,A - Strong,2/4,0
MSME103182,,55.9,,,55.9,B - Moderate,1/4,0
MSME103183,,56.1,,,56.1,B - Moderate,1/4,0
MSME103184,64.3,,69.4,,66.7,B - Moderate,2/4,0
MSME103185,62.0,51.6,,,57.7,B - Moderate,2/4,0
MSME103186,,61.7,23.2,,40.7,C - Weak,2/4,0
MSME103187,,46.5,,88.3,58.4,B - Moderate,2/4,0
MSME103188,31.2,34.3,36.6,,33.9,D - High Risk,3/4,0
MSME103189,36.9,42.2,,,39.1,C - Weak,2/4,0
MSME103190,57.7,74.4,,,64.7,B - Moderate,2/4,0
MSME103191,61.3,60.8,63.7,,62.0,B - Moderate,3/4,0
MSME103192,,65.8,,,65.8,B - Moderate,1/4,0
MSME103193,,64.5,76.4,,71.0,B - Moderate,2/4,0
MSME103194,,34.5,54.2,,45.2,C - Weak,2/4,0
MSME103195,,60.2,,49.0,57.0,B - Moderate,2/4,0
MSME103196,,23.9,29.7,,27.1,D - High Risk,2/4,1
MSME103197,68.6,,73.3,,70.8,B - Moderate,2/4,0
MSME103198,,54.1,,,54.1,C - Weak,1/4,1
MSME103199,55.9,,76.5,79.0,67.2,B - Moderate,3/4,0
MSME103200,,67.7,56.9,,61.8,B - Moderate,2/4,0
MSME103201,39.0,62.0,33.5,,43.6,C - Weak,3/4,0
MSME103202,,64.6,,,64.6,B - Moderate,1/4,0
MSME103203,22.7,,,38.5,26.2,D - High Risk,2/4,0
MSME103204,,,,,,Unscoreable,0/4,0
MSME103205,,41.0,,,41.0,C - Weak,1/4,1
MSME103206,68.7,83.5,75.0,,74.9,B - Moderate,3/4,0
MSME103207,79.4,64.6,92.4,,79.6,A - Strong,3/4,0
MSME103208,,81.8,,44.8,71.2,B - Moderate,2/4,0
MSME103209,85.5,91.7,,,88.1,A - Strong,2/4,0
MSME103210,,61.0,,,61.0,B - Moderate,1/4,0
MSME103211,80.3,79.8,76.9,84.5,79.6,A - Strong,4/4,0
MSME103212,,60.4,67.5,54.1,62.7,B - Moderate,3/4,1
MSME103213,,30.7,,,30.7,D - High Risk,1/4,0
MSME103214,79.2,80.7,,,79.8,A - Strong,2/4,0
MSME103215,71.5,59.3,68.8,,67.2,B - Moderate,3/4,0
MSME103216,,35.2,,40.2,36.6,C - Weak,2/4,0
MSME103217,32.7,45.9,,,38.2,C - Weak,2/4,1
MSME103218,73.6,84.6,,,78.2,A - Strong,2/4,0
MSME103219,,,87.9,,87.9,A - Strong,1/4,0
MSME103220,,79.0,,,79.0,A - Strong,1/4,0
MSME103221,79.4,86.4,79.6,,81.4,A - Strong,3/4,0
MSME103222,,,77.3,,77.3,A - Strong,1/4,0
MSME103223,,,63.4,,63.4,B - Moderate,1/4,0
MSME103224,19.9,26.2,,,22.5,D - High Risk,2/4,1
MSME103225,47.2,60.8,,52.9,52.9,C - Weak,3/4,0
MSME103226,,82.1,,,82.1,A - Strong,1/4,0
MSME103227,,23.0,,,23.0,D - High Risk,1/4,0
MSME103228,,84.4,79.4,,81.7,A - Strong,2/4,0
MSME103229,67.6,76.1,,,71.1,B - Moderate,2/4,0
MSME103230,59.1,47.9,,,54.4,C - Weak,2/4,0
MSME103231,,65.7,,,65.7,B - Moderate,1/4,0
MSME103232,17.9,30.7,,16.8,22.3,D - High Risk,3/4,1
MSME103233,,26.6,,,26.6,D - High Risk,1/4,0
MSME103234,46.9,56.5,56.7,,52.8,C - Weak,3/4,0
MSME103235,42.3,31.9,,,38.0,C - Weak,2/4,0
MSME103236,48.8,,,,48.8,C - Weak,1/4,0
MSME103237,45.4,52.0,,,48.1,C - Weak,2/4,0
MSME103238,,47.8,35.4,,41.0,C - Weak,2/4,0
MSME103239,68.9,69.9,,,69.3,B - Moderate,2/4,0
MSME103240,80.8,93.4,,,86.1,A - Strong,2/4,0
MSME103241,46.0,75.2,,,58.2,B - Moderate,2/4,0
MSME103242,79.1,79.8,82.3,,80.4,A - Strong,3/4,0
MSME103243,35.3,49.6,,,41.3,C - Weak,2/4,0
MSME103244,77.2,82.0,71.8,,76.7,A - Strong,3/4,0
MSME103245,56.2,64.2,,48.7,58.0,B - Moderate,3/4,0
MSME103246,31.3,27.3,36.4,,31.9,D - High Risk,3/4,0
MSME103247,59.0,,65.4,57.8,61.4,B - Moderate,3/4,1
MSME103248,59.3,,67.3,,63.0,B - Moderate,2/4,0
MSME103249,,51.3,61.9,,57.1,B - Moderate,2/4,0
MSME103250,26.0,29.0,19.2,,24.6,D - High Risk,3/4,0
MSME103251,,38.9,40.1,,39.6,C - Weak,2/4,0
MSME103252,,,,,,Unscoreable,0/4,0
MSME103253,,72.3,64.3,51.0,65.3,B - Moderate,3/4,1
MSME103254,,,50.6,,50.6,C - Weak,1/4,0
MSME103255,,60.1,,,60.1,B - Moderate,1/4,0
MSME103256,,72.8,,,72.8,B - Moderate,1/4,0
MSME103257,55.1,45.4,42.7,,48.3,C - Weak,3/4,0
MSME103258,,66.1,,,66.1,B - Moderate,1/4,0
MSME103259,,65.4,,,65.4,B - Moderate,1/4,0
MSME103260,26.2,33.7,,19.8,28.0,D - High Risk,3/4,0
MSME103261,,,25.3,38.8,28.7,D - High Risk,2/4,0
MSME103262,,33.2,59.5,,47.5,C - Weak,2/4,0
MSME103263,,89.8,,,89.8,A - Strong,1/4,0
MSME103264,,23.4,,19.1,22.2,D - High Risk,2/4,0
MSME103265,44.4,50.7,,,47.0,C - Weak,2/4,1
MSME103266,74.0,81.4,89.6,,81.3,A - Strong,3/4,0
MSME103267,88.1,,91.7,91.6,90.0,A - Strong,3/4,0
MSME103268,87.9,,,91.5,88.7,A - Strong,2/4,0
MSME103269,,41.6,32.7,,36.7,C - Weak,2/4,0
MSME103270,90.6,92.0,91.0,91.8,91.2,A - Strong,4/4,0
MSME103271,57.8,56.1,53.3,,55.8,B - Moderate,3/4,0
MSME103272,66.1,71.8,,,68.5,B - Moderate,2/4,0
MSME103273,,24.0,,30.7,25.9,D - High Risk,2/4,0
MSME103274,,50.9,60.0,,55.9,B - Moderate,2/4,0
MSME103275,82.5,,81.7,,82.1,A - Strong,2/4,0
MSME103276,,77.1,,,77.1,A - Strong,1/4,0
MSME103277,,36.0,,,36.0,C - Weak,1/4,0
MSME103278,88.2,82.0,84.6,,85.3,A - Strong,3/4,0
MSME103279,,37.9,,,37.9,C - Weak,1/4,0
MSME103280,74.2,,73.9,,74.1,B - Moderate,2/4,0
MSME103281,70.9,75.3,,,72.7,B - Moderate,2/4,0
MSME103282,70.1,74.3,,,71.8,B - Moderate,2/4,0
MSME103283,,63.7,,,63.7,B - Moderate,1/4,0
MSME103284,32.9,34.7,,,33.7,D - High Risk,2/4,0
MSME103285,77.0,93.8,77.4,83.8,82.0,A - Strong,4/4,0
MSME103286,68.9,87.0,79.6,80.0,77.7,A - Strong,4/4,0
MSME103287,,85.6,82.2,79.8,83.1,A - Strong,3/4,0
MSME103288,,46.8,,,46.8,C - Weak,1/4,0
MSME103289,60.8,47.3,63.3,,57.9,B - Moderate,3/4,0
MSME103290,,66.9,50.7,,58.1,B - Moderate,2/4,0
MSME103291,48.5,50.7,50.8,57.2,50.6,C - Weak,4/4,0
MSME103292,69.1,59.6,76.9,,69.1,B - Moderate,3/4,0
MSME103293,45.9,53.0,,37.5,47.2,C - Weak,3/4,0
MSME103294,54.6,50.9,66.2,,57.4,B - Moderate,3/4,0
MSME103295,,,56.4,74.8,61.0,B - Moderate,2/4,0
MSME103296,,28.9,,,28.9,D - High Risk,1/4,0
MSME103297,,56.8,,,56.8,B - Moderate,1/4,0
MSME103298,47.1,62.4,62.0,,56.3,B - Moderate,3/4,0
MSME103299,,84.9,,,84.9,A - Strong,1/4,0
MSME103300,57.9,,67.0,42.3,59.5,B - Moderate,3/4,0
MSME103301,,33.8,21.2,31.2,27.6,D - High Risk,3/4,0
MSME103302,83.7,93.2,85.5,,86.9,A - Strong,3/4,0
MSME103303,26.3,,,,26.3,D - High Risk,1/4,0
MSME103304,63.7,,50.1,,57.4,B - Moderate,2/4,0
MSME103305,89.8,92.4,,,90.9,A - Strong,2/4,0
MSME103306,,28.6,40.9,,35.3,C - Weak,2/4,0
MSME103307,49.5,52.8,61.9,,54.6,C - Weak,3/4,0
MSME103308,,81.9,79.6,,80.6,A - Strong,2/4,0
MSME103309,,36.0,49.6,,43.4,C - Weak,2/4,0
MSME103310,82.2,92.6,71.2,,81.4,A - Strong,3/4,0
MSME103311,53.2,,58.9,56.4,55.9,B - Moderate,3/4,1
MSME103312,26.8,34.1,,,29.8,D - High Risk,2/4,0
MSME103313,,,58.7,,58.7,B - Moderate,1/4,0
MSME103314,30.1,31.7,26.0,,29.2,D - High Risk,3/4,0
MSME103315,42.5,,56.3,,48.9,C - Weak,2/4,0
MSME103316,83.3,,77.5,81.2,80.7,A - Strong,3/4,0
MSME103317,63.1,82.8,,,71.3,B - Moderate,2/4,0
MSME103318,,56.6,,,56.6,B - Moderate,1/4,0
MSME103319,,37.1,,,37.1,C - Weak,1/4,0
MSME103320,34.5,48.2,,,40.2,C - Weak,2/4,0
MSME103321,,62.1,52.5,54.8,56.5,B - Moderate,3/4,0
MSME103322,89.1,87.8,90.4,92.6,89.5,A - Strong,4/4,0
MSME103323,,78.6,,,78.6,A - Strong,1/4,0
MSME103324,,,,,,Unscoreable,0/4,1
MSME103325,71.3,,77.7,,74.3,B - Moderate,2/4,0
MSME103326,,49.8,64.0,,57.5,B - Moderate,2/4,0
MSME103327,76.6,85.2,,48.6,75.7,A - Strong,3/4,0
MSME103328,,69.4,35.6,,51.0,C - Weak,2/4,0
MSME103329,,77.6,,,77.6,A - Strong,1/4,0
MSME103330,51.2,63.7,,68.6,58.1,B - Moderate,3/4,0
MSME103331,41.7,55.7,33.7,46.5,43.3,C - Weak,4/4,0
MSME103332,,71.0,,,71.0,B - Moderate,1/4,0
MSME103333,,47.1,,,47.1,C - Weak,1/4,0
MSME103334,45.0,44.7,,,44.9,C - Weak,2/4,0
MSME103335,,55.1,,,55.1,B - Moderate,1/4,0
MSME103336,77.9,70.5,,,74.8,B - Moderate,2/4,0
MSME103337,,,35.5,,35.5,C - Weak,1/4,1
MSME103338,,25.7,23.0,26.3,24.5,D - High Risk,3/4,1
MSME103339,88.4,92.3,85.6,,88.5,A - Strong,3/4,0
MSME103340,,26.0,,,26.0,D - High Risk,1/4,1
MSME103341,84.9,88.0,83.2,,85.2,A - Strong,3/4,0
MSME103342,,42.5,,,42.5,C - Weak,1/4,1
MSME103343,,25.7,,,25.7,D - High Risk,1/4,0
MSME103344,41.9,,,,41.9,C - Weak,1/4,0
MSME103345,44.3,60.9,37.5,,46.6,C - Weak,3/4,0
MSME103346,91.2,91.2,,,91.2,A - Strong,2/4,0
MSME103347,,39.4,,,39.4,C - Weak,1/4,0
MSME103348,,,51.5,77.1,57.9,B - Moderate,2/4,0
MSME103349,,42.2,,,42.2,C - Weak,1/4,0
MSME103350,,32.9,,,32.9,D - High Risk,1/4,1
MSME103351,,27.5,29.1,,28.4,D - High Risk,2/4,0
MSME103352,85.2,85.5,,,85.3,A - Strong,2/4,0
MSME103353,,56.9,,,56.9,B - Moderate,1/4,0
MSME103354,89.7,93.4,81.4,,88.0,A - Strong,3/4,0
MSME103355,,32.1,38.5,,35.6,C - Weak,2/4,0
MSME103356,61.0,69.1,,,64.4,B - Moderate,2/4,0
MSME103357,46.4,46.5,43.4,,45.4,C - Weak,3/4,0
MSME103358,68.1,75.9,58.3,,67.0,B - Moderate,3/4,0
MSME103359,40.1,42.6,45.3,,42.5,C - Weak,3/4,0
MSME103360,86.2,83.3,,66.5,82.4,A - Strong,3/4,0
MSME103361,,82.6,67.5,70.7,73.8,B - Moderate,3/4,0
MSME103362,,33.0,,,33.0,D - High Risk,1/4,1
MSME103363,,35.4,,42.5,37.4,C - Weak,2/4,0
MSME103364,65.0,80.7,61.6,,68.2,B - Moderate,3/4,0
MSME103365,78.3,65.8,,,73.1,B - Moderate,2/4,0
MSME103366,,,,,,Unscoreable,0/4,0
MSME103367,54.6,57.6,,68.4,57.6,B - Moderate,3/4,0
MSME103368,73.1,81.7,,,76.7,A - Strong,2/4,0
MSME103369,,60.2,47.1,,53.1,C - Weak,2/4,0
MSME103370,90.9,93.9,89.8,88.9,91.1,A - Strong,4/4,0
MSME103371,,47.1,,73.4,54.6,C - Weak,2/4,0
MSME103372,72.2,78.0,72.0,,73.7,B - Moderate,3/4,0
MSME103373,,47.4,,,47.4,C - Weak,1/4,0
MSME103374,59.9,85.7,,58.4,68.9,B - Moderate,3/4,0
MSME103375,75.8,89.6,67.9,,77.0,A - Strong,3/4,0
MSME103376,57.2,66.2,67.6,,63.2,B - Moderate,3/4,0
MSME103377,35.1,,,52.3,38.9,C - Weak,2/4,0
MSME103378,66.8,66.2,52.7,,61.9,B - Moderate,3/4,0
MSME103379,85.0,,85.9,84.2,85.3,A - Strong,3/4,0
MSME103380,17.4,17.6,,,17.5,D - High Risk,2/4,1
MSME103381,70.2,,,83.6,73.2,B - Moderate,2/4,0
MSME103382,42.3,,26.6,28.1,34.1,D - High Risk,3/4,1
MSME103383,65.6,,83.1,,73.7,B - Moderate,2/4,0
MSME103384,32.4,30.6,,,31.6,D - High Risk,2/4,1
MSME103385,73.6,,89.5,,80.9,A - Strong,2/4,0
MSME103386,52.6,33.2,,,44.5,C - Weak,2/4,0
MSME103387,,24.2,32.8,32.6,29.5,D - High Risk,3/4,0
MSME103388,45.6,66.0,,,54.1,C - Weak,2/4,1
MSME103389,90.7,93.2,,92.5,91.9,A - Strong,3/4,0
MSME103390,75.3,72.4,,,74.1,B - Moderate,2/4,0
MSME103391,87.0,,,,87.0,A - Strong,1/4,0
MSME103392,79.3,82.0,,77.7,80.0,A - Strong,3/4,0
MSME103393,84.9,91.9,,92.0,88.4,A - Strong,3/4,0
MSME103394,79.4,78.5,74.9,79.9,77.9,A - Strong,4/4,0
MSME103395,,,36.9,45.5,39.0,C - Weak,2/4,0
MSME103396,,50.0,70.4,,61.1,B - Moderate,2/4,0
MSME103397,73.2,87.1,72.8,,76.9,A - Strong,3/4,0
MSME103398,90.8,92.5,86.8,92.4,90.2,A - Strong,4/4,0
MSME103399,,,,,,Unscoreable,0/4,0
MSME103400,,,,,,Unscoreable,0/4,0
MSME103401,,38.0,28.2,23.6,31.3,D - High Risk,3/4,0
MSME103402,,35.5,,28.7,33.6,D - High Risk,2/4,1
MSME103403,,41.4,,40.2,41.1,C - Weak,2/4,0
MSME103404,37.6,,,,37.6,C - Weak,1/4,0
MSME103405,71.6,76.9,72.5,,73.4,B - Moderate,3/4,0
MSME103406,,57.0,65.3,,61.5,B - Moderate,2/4,0
MSME103407,79.8,83.0,,,81.1,A - Strong,2/4,0
MSME103408,48.6,60.0,,,53.3,C - Weak,2/4,1
MSME103409,,83.9,79.3,,81.4,A - Strong,2/4,0
MSME103410,82.9,78.8,80.9,81.6,81.1,A - Strong,4/4,0
MSME103411,49.7,66.9,70.9,77.2,63.1,B - Moderate,4/4,0
MSME103412,46.4,55.5,,,50.2,C - Weak,2/4,0
MSME103413,36.2,,,,36.2,C - Weak,1/4,0
MSME103414,69.4,71.6,74.3,,71.6,B - Moderate,3/4,0
MSME103415,70.7,64.4,77.6,,71.2,B - Moderate,3/4,0
MSME103416,86.3,,,,86.3,A - Strong,1/4,0
MSME103417,63.8,63.2,72.0,,66.4,B - Moderate,3/4,0
MSME103418,,44.2,45.7,,45.0,C - Weak,2/4,0
MSME103419,25.0,,34.9,,29.6,D - High Risk,2/4,1
MSME103420,27.3,,,26.4,27.1,D - High Risk,2/4,1
MSME103421,33.3,40.5,37.4,,36.7,C - Weak,3/4,0
MSME103422,44.7,66.9,,,54.0,C - Weak,2/4,0
MSME103423,57.4,65.0,,,60.6,B - Moderate,2/4,0
MSME103424,,78.7,,,78.7,A - Strong,1/4,0
MSME103425,17.8,30.8,,,23.2,D - High Risk,2/4,0
MSME103426,,62.6,,,62.6,B - Moderate,1/4,0
MSME103427,38.3,,53.1,,45.1,C - Weak,2/4,0
MSME103428,55.6,,78.3,78.2,67.7,B - Moderate,3/4,0
MSME103429,,,,,,Unscoreable,0/4,0
MSME103430,27.9,36.4,27.7,,30.2,D - High Risk,3/4,0
MSME103431,48.9,66.9,,,56.4,B - Moderate,2/4,0
MSME103432,76.1,64.7,71.5,62.9,70.5,B - Moderate,4/4,0
MSME103433,,25.9,42.4,,34.9,D - High Risk,2/4,0
MSME103434,25.4,26.7,,,25.9,D - High Risk,2/4,0
MSME103435,,47.0,,,47.0,C - Weak,1/4,1
MSME103436,64.6,69.6,81.2,86.0,73.0,B - Moderate,4/4,0
MSME103437,90.2,92.0,,,91.0,A - Strong,2/4,0
MSME103438,56.9,60.2,50.4,,55.7,B - Moderate,3/4,0
MSME103439,39.0,39.3,35.4,,37.9,C - Weak,3/4,0
MSME103440,71.7,76.9,,84.2,75.3,A - Strong,3/4,0
MSME103441,,65.4,,,65.4,B - Moderate,1/4,0
MSME103442,66.7,80.5,68.3,72.8,71.2,B - Moderate,4/4,0
MSME103443,,58.8,64.0,,61.6,B - Moderate,2/4,0
MSME103444,63.8,70.8,67.0,52.7,65.4,B - Moderate,4/4,0
MSME103445,43.7,40.0,,44.2,42.5,C - Weak,3/4,0
MSME103446,,,,80.8,80.8,A - Strong,1/4,0
MSME103447,90.8,91.0,,88.8,90.6,A - Strong,3/4,0
MSME103448,45.6,46.2,,,45.9,C - Weak,2/4,0
MSME103449,78.3,69.6,76.6,,75.3,A - Strong,3/4,0
MSME103450,79.9,79.1,70.8,,76.6,A - Strong,3/4,0
MSME103451,85.8,91.0,82.3,,86.1,A - Strong,3/4,0
MSME103452,72.6,73.4,65.1,,70.3,B - Moderate,3/4,0
MSME103453,,55.8,36.8,,45.4,C - Weak,2/4,0
MSME103454,,32.4,40.9,33.6,36.5,C - Weak,3/4,0
MSME103455,,,81.0,,81.0,A - Strong,1/4,0
MSME103456,64.6,70.5,,65.9,66.9,B - Moderate,3/4,0
MSME103457,,89.1,83.1,,85.8,A - Strong,2/4,0
MSME103458,37.5,42.3,29.8,,36.3,C - Weak,3/4,0
MSME103459,56.8,,,,56.8,B - Moderate,1/4,0
MSME103460,,,54.6,,54.6,C - Weak,1/4,1
MSME103461,87.6,87.6,91.1,91.7,89.1,A - Strong,4/4,0
MSME103462,,86.1,,75.8,83.2,A - Strong,2/4,0
MSME103463,,62.6,,,62.6,B - Moderate,1/4,0
MSME103464,48.6,37.8,,,44.1,C - Weak,2/4,0
MSME103465,55.9,,54.5,,55.3,B - Moderate,2/4,0
MSME103466,38.6,,25.9,,32.7,D - High Risk,2/4,1
MSME103467,31.1,32.2,,,31.6,D - High Risk,2/4,0
MSME103468,46.0,54.7,,,49.6,C - Weak,2/4,0
MSME103469,86.5,,87.9,91.2,87.7,A - Strong,3/4,0
MSME103470,,84.3,66.3,,74.5,B - Moderate,2/4,0
MSME103471,,62.0,,,62.0,B - Moderate,1/4,0
MSME103472,37.2,38.9,,,37.9,C - Weak,2/4,0
MSME103473,,25.7,,,25.7,D - High Risk,1/4,0
MSME103474,,57.9,,,57.9,B - Moderate,1/4,0
MSME103475,73.2,83.3,61.8,,72.2,B - Moderate,3/4,0
MSME103476,88.3,80.5,92.7,,87.6,A - Strong,3/4,0
MSME103477,42.6,,60.4,33.8,48.5,C - Weak,3/4,0
MSME103478,59.9,,,54.6,58.7,B - Moderate,2/4,0
MSME103479,,34.1,32.0,,33.0,D - High Risk,2/4,0
MSME103480,,36.4,33.4,,34.8,D - High Risk,2/4,0
MSME103481,53.2,,,,53.2,C - Weak,1/4,0
MSME103482,69.6,78.4,81.5,,76.0,A - Strong,3/4,0
MSME103483,,22.4,51.2,,38.1,C - Weak,2/4,0
MSME103484,,54.9,56.6,50.4,55.0,B - Moderate,3/4,0
MSME103485,83.7,,,,83.7,A - Strong,1/4,0
MSME103486,,39.5,54.9,,47.9,C - Weak,2/4,0
MSME103487,69.5,,35.4,,53.8,C - Weak,2/4,1
MSME103488,58.1,55.6,62.2,,58.8,B - Moderate,3/4,1
MSME103489,48.1,53.9,17.9,,39.6,C - Weak,3/4,0
MSME103490,,80.0,,,80.0,A - Strong,1/4,0
MSME103491,51.3,75.6,,25.2,56.2,B - Moderate,3/4,0
MSME103492,20.9,,15.8,,18.5,D - High Risk,2/4,1
MSME103493,,63.2,53.8,,58.1,B - Moderate,2/4,0
MSME103494,63.1,61.7,,,62.5,B - Moderate,2/4,0
MSME103495,,39.5,,,39.5,C - Weak,1/4,0
MSME103496,,31.4,,,31.4,D - High Risk,1/4,0
MSME103497,76.4,,85.4,79.4,80.4,A - Strong,3/4,0
MSME103498,47.9,56.7,,,51.6,C - Weak,2/4,0
MSME103499,68.2,73.1,,69.7,70.2,B - Moderate,3/4,0
MSME103500,79.0,89.2,,,83.2,A - Strong,2/4,0
MSME103501,,41.0,55.8,,49.1,C - Weak,2/4,0
MSME103502,82.4,91.1,88.0,,86.7,A - Strong,3/4,0
MSME103503,54.1,65.5,,,58.9,B - Moderate,2/4,0
MSME103504,68.5,,74.9,90.8,74.0,B - Moderate,3/4,0
MSME103505,58.5,55.7,,,57.3,B - Moderate,2/4,0
MSME103506,64.8,82.7,70.7,,71.7,B - Moderate,3/4,0
MSME103507,75.8,84.9,80.9,,80.0,A - Strong,3/4,0
MSME103508,,46.4,,,46.4,C - Weak,1/4,0
MSME103509,,45.6,,,45.6,C - Weak,1/4,0
MSME103510,79.8,88.0,,89.1,84.1,A - Strong,3/4,0
MSME103511,83.2,65.5,64.9,,72.2,B - Moderate,3/4,0
MSME103512,73.0,74.2,78.9,73.2,75.1,A - Strong,4/4,0
MSME103513,70.5,,,,70.5,B - Moderate,1/4,0
MSME103514,,78.0,,,78.0,A - Strong,1/4,0
MSME103515,,35.1,,44.1,37.7,C - Weak,2/4,0
MSME103516,22.5,26.7,,,24.2,D - High Risk,2/4,0
MSME103517,,46.7,,,46.7,C - Weak,1/4,0
MSME103518,67.1,60.7,,,64.4,B - Moderate,2/4,0
MSME103519,,48.1,,45.9,47.5,C - Weak,2/4,0
MSME103520,72.9,61.9,53.3,,63.3,B - Moderate,3/4,0
MSME103521,68.7,,75.9,,72.0,B - Moderate,2/4,0
MSME103522,67.1,79.5,56.7,,67.1,B - Moderate,3/4,0
MSME103523,,55.2,36.4,,44.9,C - Weak,2/4,1
MSME103524,24.1,,25.6,,24.8,D - High Risk,2/4,0
MSME103525,56.9,56.2,,,56.6,B - Moderate,2/4,0
MSME103526,,47.6,,47.0,47.4,C - Weak,2/4,1
MSME103527,75.0,82.3,,,78.0,A - Strong,2/4,0
MSME103528,69.4,72.4,76.3,,72.5,B - Moderate,3/4,0
MSME103529,,42.3,,,42.3,C - Weak,1/4,0
MSME103530,,50.6,45.4,,47.8,C - Weak,2/4,0
MSME103531,86.4,91.4,85.6,,87.5,A - Strong,3/4,0
MSME103532,22.9,25.4,18.3,,22.1,D - High Risk,3/4,0
MSME103533,63.1,63.9,55.3,,60.7,B - Moderate,3/4,0
MSME103534,71.8,69.1,,61.8,69.4,B - Moderate,3/4,0
MSME103535,67.8,,78.6,,72.8,B - Moderate,2/4,0
MSME103536,87.6,90.4,90.4,,89.3,A - Strong,3/4,0
MSME103537,36.8,58.7,,,45.9,C - Weak,2/4,0
MSME103538,,48.3,,,48.3,C - Weak,1/4,0
MSME103539,30.5,37.2,,,33.3,D - High Risk,2/4,0
MSME103540,87.1,93.1,82.7,,87.3,A - Strong,3/4,0
MSME103541,86.7,92.6,,,89.2,A - Strong,2/4,0
MSME103542,,,,,,Unscoreable,0/4,0
MSME103543,,30.9,,47.9,35.8,C - Weak,2/4,0
MSME103544,36.1,56.6,48.5,,45.9,C - Weak,3/4,0
MSME103545,83.0,84.1,73.8,,80.2,A - Strong,3/4,0
MSME103546,65.8,58.3,,,62.7,B - Moderate,2/4,0
MSME103547,,51.4,66.7,,59.7,B - Moderate,2/4,1
MSME103548,67.2,58.8,,,63.7,B - Moderate,2/4,0
MSME103549,30.6,37.3,39.4,,35.4,C - Weak,3/4,0
MSME103550,78.6,80.2,,81.7,79.6,A - Strong,3/4,0
MSME103551,32.6,35.3,41.0,,36.1,C - Weak,3/4,0
MSME103552,,69.9,,,69.9,B - Moderate,1/4,0
MSME103553,,56.7,47.0,,51.4,C - Weak,2/4,0
MSME103554,25.6,33.4,,,28.8,D - High Risk,2/4,0
MSME103555,,,,61.8,61.8,B - Moderate,1/4,0
MSME103556,,83.6,67.0,,74.5,B - Moderate,2/4,0
MSME103557,36.7,31.8,,46.2,36.3,C - Weak,3/4,0
MSME103558,79.8,87.1,,,82.8,A - Strong,2/4,0
MSME103559,65.7,75.9,,,70.0,B - Moderate,2/4,0
MSME103560,48.7,,30.8,50.3,41.8,C - Weak,3/4,0
MSME103561,19.7,25.7,21.8,,22.1,D - High Risk,3/4,0
MSME103562,25.0,,,,25.0,D - High Risk,1/4,0
MSME103563,,76.3,89.7,,83.6,A - Strong,2/4,0
MSME103564,,49.3,73.5,68.4,63.4,B - Moderate,3/4,0
MSME103565,25.7,47.9,14.6,22.0,27.5,D - High Risk,4/4,1
MSME103566,37.2,40.7,44.4,29.4,39.5,C - Weak,4/4,1
MSME103567,,53.5,,,53.5,C - Weak,1/4,0
MSME103568,86.4,87.0,88.8,,87.4,A - Strong,3/4,0
MSME103569,,47.6,,,47.6,C - Weak,1/4,0
MSME103570,41.7,48.3,,49.4,45.2,C - Weak,3/4,0
MSME103571,82.4,79.3,74.9,,79.0,A - Strong,3/4,0
MSME103572,,57.6,,,57.6,B - Moderate,1/4,0
MSME103573,26.3,49.7,,,36.1,C - Weak,2/4,0
MSME103574,,58.8,,,58.8,B - Moderate,1/4,0
MSME103575,25.1,35.8,,17.9,27.9,D - High Risk,3/4,0
MSME103576,24.9,,,26.9,25.3,D - High Risk,2/4,0
MSME103577,39.9,38.5,,,39.3,C - Weak,2/4,1
MSME103578,48.1,55.3,,45.4,50.3,C - Weak,3/4,0
MSME103579,44.3,47.3,32.4,,41.2,C - Weak,3/4,0
MSME103580,,68.1,,,68.1,B - Moderate,1/4,0
MSME103581,44.5,37.9,41.5,,41.7,C - Weak,3/4,0
MSME103582,,30.0,,,30.0,D - High Risk,1/4,1
MSME103583,87.4,93.6,,,90.0,A - Strong,2/4,0
MSME103584,69.1,92.3,,,78.8,A - Strong,2/4,0
MSME103585,,,76.9,,76.9,A - Strong,1/4,0
MSME103586,,32.4,23.3,,27.4,D - High Risk,2/4,0
MSME103587,,68.9,81.3,,75.7,A - Strong,2/4,0
MSME103588,53.1,,,,53.1,C - Weak,1/4,1
MSME103589,,40.3,,,40.3,C - Weak,1/4,0
MSME103590,,,85.5,93.8,87.6,A - Strong,2/4,0
MSME103591,64.8,75.0,,,69.0,B - Moderate,2/4,0
MSME103592,91.3,91.9,93.1,88.6,91.7,A - Strong,4/4,0
MSME103593,75.6,84.6,83.7,59.2,78.6,A - Strong,4/4,0
MSME103594,40.3,51.5,55.8,,48.6,C - Weak,3/4,0
MSME103595,75.1,,,,75.1,A - Strong,1/4,0
MSME103596,39.7,47.0,,,42.7,C - Weak,2/4,0
MSME103597,71.8,,,59.4,69.0,B - Moderate,2/4,0
MSME103598,,,,32.1,32.1,D - High Risk,1/4,0
MSME103599,34.9,38.3,30.9,,34.5,D - High Risk,3/4,0
MSME103600,79.7,92.9,,,85.2,A - Strong,2/4,0
MSME103601,,75.2,,85.3,78.1,A - Strong,2/4,0
MSME103602,36.5,25.0,25.1,31.2,29.7,D - High Risk,4/4,0
MSME103603,83.3,87.0,73.5,,81.1,A - Strong,3/4,0
MSME103604,37.1,,57.3,,46.4,C - Weak,2/4,0
MSME103605,,71.3,83.3,,77.8,A - Strong,2/4,0
MSME103606,,33.4,,,33.4,D - High Risk,1/4,0
MSME103607,,56.0,,,56.0,B - Moderate,1/4,0
MSME103608,44.3,61.9,,,51.6,C - Weak,2/4,1
MSME103609,,65.0,,,65.0,B - Moderate,1/4,0
MSME103610,37.1,,,,37.1,C - Weak,1/4,0
MSME103611,71.8,80.4,,,75.4,A - Strong,2/4,0
MSME103612,48.7,64.2,,,55.2,B - Moderate,2/4,0
MSME103613,29.1,37.9,45.9,,37.1,C - Weak,3/4,0
MSME103614,21.8,40.5,,,29.6,D - High Risk,2/4,0
MSME103615,84.8,,85.9,,85.3,A - Strong,2/4,0
MSME103616,37.0,42.2,,,39.2,C - Weak,2/4,0
MSME103617,72.7,67.4,,,70.5,B - Moderate,2/4,0
MSME103618,,41.1,44.5,,43.0,C - Weak,2/4,0
MSME103619,80.7,89.5,,81.0,83.9,A - Strong,3/4,0
MSME103620,46.6,35.5,33.7,,39.2,C - Weak,3/4,0
MSME103621,,66.6,,,66.6,B - Moderate,1/4,0
MSME103622,,39.9,,23.3,35.2,C - Weak,2/4,0
MSME103623,,45.8,,37.4,43.4,C - Weak,2/4,0
MSME103624,88.1,89.6,81.9,,86.5,A - Strong,3/4,0
MSME103625,,84.2,89.9,,87.3,A - Strong,2/4,0
MSME103626,73.5,74.6,73.1,80.5,74.4,B - Moderate,4/4,1
MSME103627,48.4,64.0,,,54.9,C - Weak,2/4,0
MSME103628,39.5,49.0,29.4,39.7,38.9,C - Weak,4/4,0
MSME103629,78.7,75.3,71.4,,75.3,A - Strong,3/4,0
MSME103630,47.6,,,,47.6,C - Weak,1/4,0
MSME103631,64.8,48.9,,,58.2,B - Moderate,2/4,0
MSME103632,,43.0,59.7,,52.1,C - Weak,2/4,0
MSME103633,,46.5,50.6,,48.7,C - Weak,2/4,0
MSME103634,,62.8,,,62.8,B - Moderate,1/4,0
MSME103635,,65.1,60.0,,62.3,B - Moderate,2/4,0
MSME103636,31.7,40.4,32.5,,34.4,D - High Risk,3/4,0
MSME103637,,60.6,,,60.6,B - Moderate,1/4,0
MSME103638,40.3,,53.0,35.7,44.8,C - Weak,3/4,1
MSME103639,66.3,76.2,65.7,,68.9,B - Moderate,3/4,0
MSME103640,,75.3,83.8,,79.9,A - Strong,2/4,0
MSME103641,,34.8,,22.1,31.2,D - High Risk,2/4,1
MSME103642,,,74.1,,74.1,B - Moderate,1/4,0
MSME103643,,70.1,79.3,,75.1,A - Strong,2/4,0
MSME103644,,76.9,74.5,,75.6,A - Strong,2/4,0
MSME103645,90.6,92.6,90.1,93.8,91.3,A - Strong,4/4,0
MSME103646,82.5,74.0,77.1,,78.3,A - Strong,3/4,0
MSME103647,,60.7,,,60.7,B - Moderate,1/4,0
MSME103648,37.9,33.1,,,35.9,C - Weak,2/4,0
MSME103649,,51.1,,25.0,43.6,C - Weak,2/4,0
MSME103650,78.3,85.4,,,81.3,A - Strong,2/4,0
MSME103651,,81.5,,,81.5,A - Strong,1/4,0
MSME103652,51.1,37.4,55.6,,48.8,C - Weak,3/4,0
MSME103653,,19.1,,19.2,19.1,D - High Risk,2/4,0
MSME103654,85.7,75.5,88.6,,83.8,A - Strong,3/4,0
MSME103655,,27.4,22.9,,24.9,D - High Risk,2/4,0
MSME103656,,67.6,74.3,,71.3,B - Moderate,2/4,0
MSME103657,17.3,18.3,23.9,,19.8,D - High Risk,3/4,0
MSME103658,,80.9,,,80.9,A - Strong,1/4,0
MSME103659,,35.5,,59.8,42.4,C - Weak,2/4,0
MSME103660,,30.1,,,30.1,D - High Risk,1/4,0
MSME103661,83.8,86.7,,,85.0,A - Strong,2/4,0
MSME103662,,84.4,,,84.4,A - Strong,1/4,0
MSME103663,75.5,84.2,77.8,,78.7,A - Strong,3/4,0
MSME103664,,59.7,,,59.7,B - Moderate,1/4,0
MSME103665,57.5,51.4,42.0,52.9,50.9,C - Weak,4/4,0
MSME103666,59.9,79.5,70.8,,69.0,B - Moderate,3/4,0
MSME103667,37.0,45.7,,,40.6,C - Weak,2/4,0
MSME103668,36.3,48.6,,,41.4,C - Weak,2/4,0
MSME103669,64.1,76.3,69.3,,69.2,B - Moderate,3/4,0
MSME103670,87.4,88.9,91.8,,89.3,A - Strong,3/4,0
MSME103671,38.0,33.1,35.0,,35.6,C - Weak,3/4,1
MSME103672,87.9,90.1,,,88.8,A - Strong,2/4,0
MSME103673,,,77.3,,77.3,A - Strong,1/4,0
MSME103674,44.1,,,,44.1,C - Weak,1/4,0
MSME103675,76.1,,86.1,,80.7,A - Strong,2/4,0
MSME103676,,58.0,,,58.0,B - Moderate,1/4,0
MSME103677,81.9,91.5,68.3,,80.0,A - Strong,3/4,0
MSME103678,,,30.7,,30.7,D - High Risk,1/4,0
MSME103679,40.8,39.6,26.9,,35.8,C - Weak,3/4,1
MSME103680,,,,,,Unscoreable,0/4,0
MSME103681,,53.3,45.3,56.5,50.1,C - Weak,3/4,0
MSME103682,,58.5,36.4,49.6,46.9,C - Weak,3/4,0
MSME103683,52.0,60.3,,,55.5,B - Moderate,2/4,0
MSME103684,48.2,52.8,32.6,,44.3,C - Weak,3/4,0
MSME103685,76.6,61.1,72.4,66.6,70.5,B - Moderate,4/4,0
MSME103686,,72.2,81.0,,77.0,A - Strong,2/4,0
MSME103687,85.5,92.3,72.9,,83.2,A - Strong,3/4,0
MSME103688,69.3,76.1,,,72.1,B - Moderate,2/4,0
MSME103689,,,,,,Unscoreable,0/4,0
MSME103690,,30.7,34.3,,32.7,D - High Risk,2/4,1
MSME103691,54.4,52.3,64.6,,57.2,B - Moderate,3/4,0
MSME103692,88.6,92.2,87.9,88.8,89.3,A - Strong,4/4,0
MSME103693,,38.4,,,38.4,C - Weak,1/4,0
MSME103694,,,45.1,,45.1,C - Weak,1/4,0
MSME103695,31.9,53.3,,62.3,43.9,C - Weak,3/4,0
MSME103696,61.1,64.9,,,62.7,B - Moderate,2/4,0
MSME103697,81.4,85.3,67.5,91.6,79.2,A - Strong,4/4,0
MSME103698,51.9,57.5,,,54.2,C - Weak,2/4,0
MSME103699,,74.6,,,74.6,B - Moderate,1/4,0
MSME103700,36.3,,29.8,37.4,33.8,D - High Risk,3/4,0
MSME103701,61.5,79.8,60.8,65.1,66.2,B - Moderate,4/4,0
MSME103702,,52.0,,,52.0,C - Weak,1/4,0
MSME103703,63.9,87.7,65.6,81.0,72.1,B - Moderate,4/4,0
MSME103704,26.4,41.6,20.6,,28.7,D - High Risk,3/4,1
MSME103705,,85.4,68.7,,76.3,A - Strong,2/4,0
MSME103706,81.2,85.0,71.7,,79.1,A - Strong,3/4,0
MSME103707,73.5,85.1,76.8,74.6,77.5,A - Strong,4/4,0
MSME103708,56.6,51.0,,31.3,51.0,C - Weak,3/4,0
MSME103709,82.5,92.2,81.7,,84.9,A - Strong,3/4,0
MSME103710,66.0,67.3,,39.0,62.6,B - Moderate,3/4,0
MSME103711,39.6,,,26.7,36.7,C - Weak,2/4,0
MSME103712,90.9,92.8,89.4,93.3,91.2,A - Strong,4/4,0
MSME103713,,21.8,,19.4,21.1,D - High Risk,2/4,1
MSME103714,,88.1,90.0,94.3,89.9,A - Strong,3/4,0
MSME103715,23.7,,,,23.7,D - High Risk,1/4,0
MSME103716,45.8,60.4,,,51.9,C - Weak,2/4,0
MSME103717,,38.1,,,38.1,C - Weak,1/4,0
MSME103718,,26.2,,23.8,25.5,D - High Risk,2/4,0
MSME103719,71.5,61.3,,,67.2,B - Moderate,2/4,0
MSME103720,27.9,,,18.4,25.8,D - High Risk,2/4,1
MSME103721,37.5,38.0,36.1,,37.2,C - Weak,3/4,0
MSME103722,60.5,79.3,76.9,57.7,69.8,B - Moderate,4/4,0
MSME103723,16.7,21.8,,,18.8,D - High Risk,2/4,0
MSME103724,79.5,86.9,71.1,,78.8,A - Strong,3/4,0
MSME103725,78.5,,80.7,,79.5,A - Strong,2/4,0
MSME103726,73.8,,74.0,,73.9,B - Moderate,2/4,0
MSME103727,,64.4,59.1,44.1,58.8,B - Moderate,3/4,0
MSME103728,18.4,30.9,,28.3,24.3,D - High Risk,3/4,0
MSME103729,,,,,,Unscoreable,0/4,0
MSME103730,50.4,,,55.9,51.6,C - Weak,2/4,0
MSME103731,82.2,,,74.5,80.5,A - Strong,2/4,0
MSME103732,,28.9,,33.3,30.2,D - High Risk,2/4,0
MSME103733,79.8,80.5,,,80.1,A - Strong,2/4,0
MSME103734,72.6,83.7,,,77.2,A - Strong,2/4,0
MSME103735,64.6,64.7,,54.1,63.1,B - Moderate,3/4,0
MSME103736,61.8,54.2,49.0,,55.4,B - Moderate,3/4,0
MSME103737,,,,,,Unscoreable,0/4,0
MSME103738,23.3,33.5,,23.6,27.0,D - High Risk,3/4,0
MSME103739,84.7,86.3,67.0,,79.2,A - Strong,3/4,0
MSME103740,67.2,72.8,,,69.5,B - Moderate,2/4,0
MSME103741,,55.7,68.6,,62.7,B - Moderate,2/4,0
MSME103742,44.3,,41.2,,42.9,C - Weak,2/4,0
MSME103743,,21.0,,44.3,27.7,D - High Risk,2/4,0
MSME103744,,83.2,62.3,,71.8,B - Moderate,2/4,0
MSME103745,41.8,,,56.5,45.1,C - Weak,2/4,0
MSME103746,,55.6,26.7,,39.8,C - Weak,2/4,1
MSME103747,59.9,,,,59.9,B - Moderate,1/4,0
MSME103748,84.2,85.3,88.3,,85.9,A - Strong,3/4,0
MSME103749,,68.5,,,68.5,B - Moderate,1/4,0
MSME103750,,42.3,,,42.3,C - Weak,1/4,0
MSME103751,47.1,47.6,,,47.3,C - Weak,2/4,0
MSME103752,71.7,86.2,87.1,,80.9,A - Strong,3/4,0
MSME103753,80.5,91.4,86.3,,85.5,A - Strong,3/4,0
MSME103754,,89.3,77.1,,82.6,A - Strong,2/4,0
MSME103755,49.7,59.6,61.9,53.0,56.2,B - Moderate,4/4,0
MSME103756,,24.6,14.0,,18.8,D - High Risk,2/4,1
MSME103757,,58.3,,,58.3,B - Moderate,1/4,0
MSME103758,45.4,59.7,,,51.4,C - Weak,2/4,0
MSME103759,43.3,51.4,56.3,,49.9,C - Weak,3/4,0
MSME103760,68.1,,,70.0,68.5,B - Moderate,2/4,1
MSME103761,,31.3,,,31.3,D - High Risk,1/4,0
MSME103762,,30.3,63.5,,48.4,C - Weak,2/4,0
MSME103763,23.0,23.8,,,23.3,D - High Risk,2/4,1
MSME103764,39.7,50.2,,,44.1,C - Weak,2/4,0
MSME103765,,82.8,81.6,,82.1,A - Strong,2/4,0
MSME103766,55.1,46.6,53.8,,52.3,C - Weak,3/4,1
MSME103767,,87.0,72.6,,79.1,A - Strong,2/4,0
MSME103768,,39.3,31.9,,35.3,C - Weak,2/4,0
MSME103769,66.0,,,78.6,68.8,B - Moderate,2/4,0
MSME103770,82.8,,90.5,89.2,86.7,A - Strong,3/4,0
MSME103771,36.5,40.6,,25.5,36.4,C - Weak,3/4,0
MSME103772,56.5,39.8,55.9,,51.7,C - Weak,3/4,1
MSME103773,58.3,,,,58.3,B - Moderate,1/4,0
MSME103774,60.9,85.8,,,71.3,B - Moderate,2/4,0
MSME103775,,64.3,46.3,,54.5,C - Weak,2/4,0
MSME103776,37.1,34.5,33.1,,35.0,C - Weak,3/4,0
MSME103777,,37.9,,,37.9,C - Weak,1/4,0
MSME103778,,53.4,,,53.4,C - Weak,1/4,0
MSME103779,90.5,91.9,90.9,92.1,91.1,A - Strong,4/4,0
MSME103780,32.5,39.1,,,35.2,C - Weak,2/4,0
MSME103781,86.1,,,93.5,87.7,A - Strong,2/4,0
MSME103782,,90.3,90.9,,90.6,A - Strong,2/4,0
MSME103783,,87.3,70.5,,78.1,A - Strong,2/4,0
MSME103784,,72.9,82.9,,78.4,A - Strong,2/4,0
MSME103785,,54.6,,37.6,49.7,C - Weak,2/4,0
MSME103786,73.2,,70.1,,71.8,B - Moderate,2/4,1
MSME103787,,35.7,,,35.7,C - Weak,1/4,0
MSME103788,,56.5,62.3,,59.7,B - Moderate,2/4,0
MSME103789,,51.5,,54.9,52.5,C - Weak,2/4,0
MSME103790,34.1,32.8,,,33.6,D - High Risk,2/4,0
MSME103791,,,68.4,,68.4,B - Moderate,1/4,0
MSME103792,,35.0,,27.8,32.9,D - High Risk,2/4,1
MSME103793,47.3,54.1,,,50.1,C - Weak,2/4,0
MSME103794,,62.5,64.5,,63.6,B - Moderate,2/4,0
MSME103795,63.6,,59.3,,61.6,B - Moderate,2/4,0
MSME103796,28.7,32.5,29.7,,30.1,D - High Risk,3/4,0
MSME103797,19.3,28.6,,22.9,23.1,D - High Risk,3/4,0
MSME103798,25.2,,25.4,22.5,24.9,D - High Risk,3/4,1
MSME103799,,25.5,,,25.5,D - High Risk,1/4,1
MSME103800,,57.0,,,57.0,B - Moderate,1/4,0
MSME103801,21.3,31.7,,,25.6,D - High Risk,2/4,0
MSME103802,35.1,25.9,,,31.3,D - High Risk,2/4,1
MSME103803,47.1,70.6,,,56.9,B - Moderate,2/4,0
MSME103804,,65.3,,,65.3,B - Moderate,1/4,0
MSME103805,77.1,82.8,73.3,,77.4,A - Strong,3/4,0
MSME103806,57.9,,50.1,63.1,55.5,B - Moderate,3/4,0
MSME103807,,65.1,79.7,,73.1,B - Moderate,2/4,0
MSME103808,,83.9,,64.4,78.3,A - Strong,2/4,0
MSME103809,81.6,86.5,78.5,80.7,81.8,A - Strong,4/4,0
MSME103810,44.0,54.1,,59.7,49.9,C - Weak,3/4,0
MSME103811,,36.1,53.6,,45.6,C - Weak,2/4,0
MSME103812,,63.7,,,63.7,B - Moderate,1/4,0
MSME103813,64.9,61.3,,,63.4,B - Moderate,2/4,0
MSME103814,58.7,71.0,,,63.8,B - Moderate,2/4,0
MSME103815,26.7,29.7,,,27.9,D - High Risk,2/4,0
MSME103816,47.5,62.8,52.9,,53.6,C - Weak,3/4,0
MSME103817,66.1,65.5,,,65.8,B - Moderate,2/4,0
MSME103818,,,,58.7,58.7,B - Moderate,1/4,0
MSME103819,34.0,,17.5,,26.4,D - High Risk,2/4,0
MSME103820,24.0,,31.1,,27.3,D - High Risk,2/4,1
MSME103821,66.8,85.0,54.4,,67.7,B - Moderate,3/4,0
MSME103822,55.5,66.4,,,60.0,B - Moderate,2/4,0
MSME103823,,56.4,46.2,,50.8,C - Weak,2/4,1
MSME103824,,,,18.8,18.8,D - High Risk,1/4,0
MSME103825,42.6,,49.7,,45.9,C - Weak,2/4,0
MSME103826,,39.8,,,39.8,C - Weak,1/4,0
MSME103827,81.1,79.3,68.4,,76.4,A - Strong,3/4,0
MSME103828,33.7,45.7,33.7,38.2,37.2,C - Weak,4/4,1
MSME103829,,46.9,35.8,,40.8,C - Weak,2/4,0
MSME103830,60.1,79.6,,,68.2,B - Moderate,2/4,0
MSME103831,81.7,86.2,90.4,,85.9,A - Strong,3/4,0
MSME103832,,49.9,,,49.9,C - Weak,1/4,0
MSME103833,35.0,35.1,,,35.0,C - Weak,2/4,0
MSME103834,89.4,93.7,,,91.2,A - Strong,2/4,0
MSME103835,,64.6,,,64.6,B - Moderate,1/4,0
MSME103836,,,,,,Unscoreable,0/4,0
MSME103837,,53.4,,25.6,45.5,C - Weak,2/4,0
MSME103838,,,37.4,,37.4,C - Weak,1/4,0
MSME103839,74.0,70.4,,,72.5,B - Moderate,2/4,0
MSME103840,53.5,60.0,,,56.2,B - Moderate,2/4,0
MSME103841,73.9,86.1,,,79.0,A - Strong,2/4,0
MSME103842,65.6,70.3,75.6,72.7,70.5,B - Moderate,4/4,0
MSME103843,,23.6,,,23.6,D - High Risk,1/4,0
MSME103844,,,,55.2,55.2,B - Moderate,1/4,0
MSME103845,,39.0,47.4,,43.6,C - Weak,2/4,0
MSME103846,82.6,,89.7,91.6,86.6,A - Strong,3/4,0
MSME103847,65.0,83.4,,,72.7,B - Moderate,2/4,0
MSME103848,,62.8,,,62.8,B - Moderate,1/4,0
MSME103849,46.4,64.7,53.5,41.6,52.6,C - Weak,4/4,0
MSME103850,76.1,90.8,63.9,,76.1,A - Strong,3/4,0
MSME103851,72.3,88.6,71.6,,76.6,A - Strong,3/4,0
MSME103852,,40.2,,49.5,42.9,C - Weak,2/4,0
MSME103853,,84.2,,,84.2,A - Strong,1/4,0
MSME103854,,29.0,38.1,,34.0,D - High Risk,2/4,0
MSME103855,23.2,23.9,32.2,,26.4,D - High Risk,3/4,1
MSME103856,39.6,35.0,37.3,39.0,37.7,C - Weak,4/4,0
MSME103857,,27.2,,,27.2,D - High Risk,1/4,1
MSME103858,54.8,69.7,51.9,58.1,58.0,B - Moderate,4/4,0
MSME103859,80.5,,,,80.5,A - Strong,1/4,0
MSME103860,,40.9,,,40.9,C - Weak,1/4,0
MSME103861,,55.9,55.7,,55.8,B - Moderate,2/4,0
MSME103862,73.1,84.0,,76.9,77.5,A - Strong,3/4,0
MSME103863,35.7,74.0,,73.1,54.7,C - Weak,3/4,0
MSME103864,,,40.6,45.6,41.9,C - Weak,2/4,0
MSME103865,81.3,87.2,,,83.8,A - Strong,2/4,0
MSME103866,,59.6,,,59.6,B - Moderate,1/4,0
MSME103867,,46.3,,,46.3,C - Weak,1/4,0
MSME103868,28.5,40.2,23.6,28.5,30.0,D - High Risk,4/4,0
MSME103869,,22.2,46.6,,35.5,C - Weak,2/4,0
MSME103870,,21.9,,17.8,20.7,D - High Risk,2/4,1
MSME103871,,79.9,84.1,,82.2,A - Strong,2/4,0
MSME103872,,77.1,83.8,,80.8,A - Strong,2/4,0
MSME103873,33.0,52.4,,,41.1,C - Weak,2/4,0
MSME103874,69.0,80.9,,50.5,70.6,B - Moderate,3/4,0
MSME103875,,88.0,,,88.0,A - Strong,1/4,0
MSME103876,,49.0,,,49.0,C - Weak,1/4,1
MSME103877,59.8,53.7,,53.7,56.8,B - Moderate,3/4,0
MSME103878,,28.9,37.5,,33.6,D - High Risk,2/4,0
MSME103879,82.8,88.6,84.8,,85.1,A - Strong,3/4,0
MSME103880,,35.9,42.5,,39.5,C - Weak,2/4,1
MSME103881,,,,39.0,39.0,C - Weak,1/4,0
MSME103882,88.6,84.1,90.6,89.8,88.2,A - Strong,4/4,0
MSME103883,75.8,91.5,76.8,,80.5,A - Strong,3/4,0
MSME103884,,33.4,,,33.4,D - High Risk,1/4,1
MSME103885,,77.4,,,77.4,A - Strong,1/4,0
MSME103886,90.8,87.1,,,89.3,A - Strong,2/4,0
MSME103887,52.2,,68.2,,59.6,B - Moderate,2/4,0
MSME103888,67.5,84.3,71.6,81.5,74.3,B - Moderate,4/4,0
MSME103889,,25.5,,,25.5,D - High Risk,1/4,0
MSME103890,53.8,62.5,53.2,,56.0,B - Moderate,3/4,0
MSME103891,,58.4,45.5,,51.4,C - Weak,2/4,0
MSME103892,,52.8,,,52.8,C - Weak,1/4,1
MSME103893,,58.2,66.8,,62.9,B - Moderate,2/4,0
MSME103894,83.1,82.0,83.9,84.5,83.2,A - Strong,4/4,0
MSME103895,44.4,69.3,,39.8,52.6,C - Weak,3/4,0
MSME103896,,85.5,,,85.5,A - Strong,1/4,0
MSME103897,17.0,23.0,,16.6,19.1,D - High Risk,3/4,0
MSME103898,31.3,39.4,,,34.7,D - High Risk,2/4,0
MSME103899,,43.5,61.9,,53.5,C - Weak,2/4,0
MSME103900,60.6,49.5,,,56.0,B - Moderate,2/4,1
MSME103901,70.5,,,47.0,65.3,B - Moderate,2/4,0
MSME103902,54.6,66.4,,50.8,58.3,B - Moderate,3/4,0
MSME103903,,60.5,67.7,,64.4,B - Moderate,2/4,0
MSME103904,,55.6,48.2,,51.6,C - Weak,2/4,0
MSME103905,,,,38.1,38.1,C - Weak,1/4,1
MSME103906,,,,88.0,88.0,A - Strong,1/4,0
MSME103907,47.9,,,,47.9,C - Weak,1/4,0
MSME103908,,84.5,79.1,,81.6,A - Strong,2/4,0
MSME103909,,24.0,,,24.0,D - High Risk,1/4,0
MSME103910,,45.5,50.0,,48.0,C - Weak,2/4,0
MSME103911,51.2,67.6,,,58.0,B - Moderate,2/4,0
MSME103912,87.1,,89.2,,88.1,A - Strong,2/4,0
MSME103913,55.5,32.4,27.4,,39.7,C - Weak,3/4,0
MSME103914,83.2,85.6,88.6,,85.7,A - Strong,3/4,0
MSME103915,,80.6,88.2,,84.7,A - Strong,2/4,0
MSME103916,59.7,,,,59.7,B - Moderate,1/4,0
MSME103917,20.2,23.4,,,21.5,D - High Risk,2/4,1
MSME103918,,,,,,Unscoreable,0/4,0
MSME103919,,63.7,77.4,,71.2,B - Moderate,2/4,0
MSME103920,81.5,83.9,,,82.5,A - Strong,2/4,0
MSME103921,22.3,,,38.0,25.8,D - High Risk,2/4,0
MSME103922,24.9,35.5,30.2,,29.6,D - High Risk,3/4,0
MSME103923,87.5,,84.4,88.2,86.4,A - Strong,3/4,0
MSME103924,60.0,37.9,55.9,,52.5,C - Weak,3/4,0
MSME103925,,30.0,15.7,,22.2,D - High Risk,2/4,1
MSME103926,42.2,50.8,,,45.8,C - Weak,2/4,0
MSME103927,,82.0,68.6,,74.7,B - Moderate,2/4,0
MSME103928,,54.4,,,54.4,C - Weak,1/4,0
MSME103929,,67.3,,,67.3,B - Moderate,1/4,0
MSME103930,76.8,84.9,74.5,,78.3,A - Strong,3/4,0
MSME103931,31.3,42.0,,,35.8,C - Weak,2/4,0
MSME103932,,,,,,Unscoreable,0/4,0
MSME103933,44.1,58.8,,,50.2,C - Weak,2/4,0
MSME103934,,,35.6,,35.6,C - Weak,1/4,0
MSME103935,,46.7,,,46.7,C - Weak,1/4,0
MSME103936,,26.6,,24.2,25.9,D - High Risk,2/4,1
MSME103937,,67.8,,58.6,65.2,B - Moderate,2/4,0
MSME103938,,53.3,,,53.3,C - Weak,1/4,0
MSME103939,43.1,36.4,62.3,49.8,47.9,C - Weak,4/4,0
MSME103940,,83.4,83.4,,83.4,A - Strong,2/4,0
MSME103941,78.9,83.2,62.6,,74.7,B - Moderate,3/4,0
MSME103942,,26.9,32.1,18.5,28.0,D - High Risk,3/4,0
MSME103943,59.8,44.8,,31.8,50.4,C - Weak,3/4,0
MSME103944,88.9,88.9,89.5,,89.1,A - Strong,3/4,0
MSME103945,,59.4,79.4,65.6,69.6,B - Moderate,3/4,0
MSME103946,62.1,60.6,,57.2,60.9,B - Moderate,3/4,0
MSME103947,60.7,60.9,44.0,,55.2,B - Moderate,3/4,0
MSME103948,30.6,50.4,,65.9,42.7,C - Weak,3/4,0
MSME103949,,44.7,,,44.7,C - Weak,1/4,1
MSME103950,,71.5,68.5,,69.9,B - Moderate,2/4,0
MSME103951,40.3,43.7,55.0,,46.1,C - Weak,3/4,1
MSME103952,64.9,,76.0,,70.0,B - Moderate,2/4,0
MSME103953,73.6,89.6,,79.0,80.1,A - Strong,3/4,0
MSME103954,,24.1,15.7,26.6,20.6,D - High Risk,3/4,1
MSME103955,,42.3,,18.3,35.4,C - Weak,2/4,1
MSME103956,,,,64.6,64.6,B - Moderate,1/4,0
MSME103957,,,69.6,64.7,68.4,B - Moderate,2/4,0
MSME103958,69.6,83.8,62.1,,71.0,B - Moderate,3/4,1
MSME103959,,40.3,,,40.3,C - Weak,1/4,0
MSME103960,,59.7,56.7,,58.1,B - Moderate,2/4,0
MSME103961,,57.1,,,57.1,B - Moderate,1/4,0
MSME103962,37.7,40.2,,,38.7,C - Weak,2/4,1
MSME103963,58.8,88.6,,,71.2,B - Moderate,2/4,0
MSME103964,52.2,70.0,,,59.6,B - Moderate,2/4,0
MSME103965,,55.8,,,55.8,B - Moderate,1/4,0
MSME103966,,24.7,36.6,,31.2,D - High Risk,2/4,0
MSME103967,91.4,94.3,,,92.6,A - Strong,2/4,0
MSME103968,,70.5,84.7,80.5,78.6,A - Strong,3/4,0
MSME103969,,27.2,15.4,,20.8,D - High Risk,2/4,0
MSME103970,31.5,,51.5,62.1,43.6,C - Weak,3/4,0
MSME103971,32.9,,,,32.9,D - High Risk,1/4,0
MSME103972,,45.5,,,45.5,C - Weak,1/4,1
MSME103973,,58.5,43.3,,50.2,C - Weak,2/4,0
MSME103974,81.6,81.9,90.1,,84.5,A - Strong,3/4,0
MSME103975,,49.6,,,49.6,C - Weak,1/4,0
MSME103976,69.9,66.9,77.8,62.4,70.8,B - Moderate,4/4,0
MSME103977,,22.1,,,22.1,D - High Risk,1/4,0
MSME103978,75.5,91.6,,,82.2,A - Strong,2/4,0
MSME103979,84.9,86.0,76.7,,82.5,A - Strong,3/4,0
MSME103980,55.3,31.9,,,45.5,C - Weak,2/4,1
MSME103981,38.4,42.2,,,40.0,C - Weak,2/4,1
MSME103982,,59.3,,,59.3,B - Moderate,1/4,0
MSME103983,,24.5,,,24.5,D - High Risk,1/4,1
MSME103984,,85.0,87.0,,86.1,A - Strong,2/4,0
MSME103985,60.5,63.5,,,61.8,B - Moderate,2/4,0
MSME103986,,54.3,63.7,,59.4,B - Moderate,2/4,1
MSME103987,78.5,91.3,79.3,,82.3,A - Strong,3/4,0
MSME103988,89.9,92.8,86.7,92.9,90.0,A - Strong,4/4,0
MSME103989,90.9,88.7,,92.9,90.4,A - Strong,3/4,0
MSME103990,73.7,74.8,73.1,73.7,73.8,B - Moderate,4/4,0
MSME103991,,68.7,,,68.7,B - Moderate,1/4,0
MSME103992,36.9,56.2,42.9,,44.3,C - Weak,3/4,0
MSME103993,57.3,53.6,,,55.8,B - Moderate,2/4,0
MSME103994,81.4,85.9,,,83.3,A - Strong,2/4,0
MSME103995,80.3,90.6,88.5,91.6,86.5,A - Strong,4/4,0
MSME103996,65.0,69.9,,,67.0,B - Moderate,2/4,0
MSME103997,,56.0,,,56.0,B - Moderate,1/4,0
MSME103998,26.6,27.7,18.5,,24.2,D - High Risk,3/4,1
MSME103999,33.2,47.8,,,39.3,C - Weak,2/4,0
MSME104000,,72.7,,92.1,78.2,A - Strong,2/4,0
MSME104001,,,,,,Unscoreable,0/4,0
MSME104002,48.1,56.7,,,51.7,C - Weak,2/4,0
MSME104003,52.6,52.1,,,52.4,C - Weak,2/4,0
MSME104004,65.0,76.6,69.1,,69.6,B - Moderate,3/4,0
MSME104005,,67.4,,,67.4,B - Moderate,1/4,0
MSME104006,38.1,42.7,,,40.0,C - Weak,2/4,0
MSME104007,23.5,52.5,,,35.6,C - Weak,2/4,0
MSME104008,,,,,,Unscoreable,0/4,0
MSME104009,,50.1,,,50.1,C - Weak,1/4,1
MSME104010,38.9,51.6,31.7,,40.0,C - Weak,3/4,0
MSME104011,,85.2,,,85.2,A - Strong,1/4,0
MSME104012,29.4,48.5,58.3,62.9,46.2,C - Weak,4/4,0
MSME104013,,25.3,,,25.3,D - High Risk,1/4,1
MSME104014,65.5,81.4,73.3,,72.5,B - Moderate,3/4,0
MSME104015,67.1,,83.5,,74.7,B - Moderate,2/4,0
MSME104016,35.3,36.1,37.1,,36.1,C - Weak,3/4,0
MSME104017,,81.4,77.5,,79.3,A - Strong,2/4,0
MSME104018,,51.0,,,51.0,C - Weak,1/4,0
MSME104019,60.7,63.5,,,61.9,B - Moderate,2/4,0
MSME104020,71.7,80.5,,89.0,77.3,A - Strong,3/4,0
MSME104021,47.1,74.9,50.8,,56.1,B - Moderate,3/4,0
MSME104022,56.3,73.9,59.0,,62.1,B - Moderate,3/4,0
MSME104023,60.9,62.6,,59.1,61.2,B - Moderate,3/4,0
MSME104024,86.9,93.7,,,89.7,A - Strong,2/4,0
MSME104025,,66.7,,69.4,67.5,B - Moderate,2/4,0
MSME104026,,,18.9,30.5,21.8,D - High Risk,2/4,0
MSME104027,66.4,67.0,,,66.7,B - Moderate,2/4,0
MSME104028,62.5,79.4,,81.0,71.2,B - Moderate,3/4,0
MSME104029,70.2,,,,70.2,B - Moderate,1/4,0
MSME104030,80.6,89.6,70.5,,79.7,A - Strong,3/4,0
MSME104031,,27.1,,,27.1,D - High Risk,1/4,0
MSME104032,,,,,,Unscoreable,0/4,0
MSME104033,80.1,82.0,,,80.9,A - Strong,2/4,0
MSME104034,31.5,,,17.9,28.5,D - High Risk,2/4,0
MSME104035,,69.5,,,69.5,B - Moderate,1/4,0
MSME104036,81.6,87.3,,,84.0,A - Strong,2/4,0
MSME104037,42.3,,33.4,49.1,39.6,C - Weak,3/4,0
MSME104038,,35.3,,38.7,36.3,C - Weak,2/4,0
MSME104039,85.5,89.3,92.1,86.6,88.5,A - Strong,4/4,0
MSME104040,,54.6,35.0,,43.9,C - Weak,2/4,0
MSME104041,39.3,33.7,38.8,,37.6,C - Weak,3/4,0
MSME104042,,23.9,,,23.9,D - High Risk,1/4,0
MSME104043,78.8,77.6,86.8,85.1,81.5,A - Strong,4/4,0
MSME104044,66.0,71.6,,,68.3,B - Moderate,2/4,0
MSME104045,,70.8,,84.9,74.8,B - Moderate,2/4,0
MSME104046,90.9,92.8,90.3,,91.2,A - Strong,3/4,0
MSME104047,,45.7,42.8,,44.1,C - Weak,2/4,0
MSME104048,,32.4,,,32.4,D - High Risk,1/4,0
MSME104049,15.9,22.3,,,18.6,D - High Risk,2/4,1
MSME104050,43.1,,,55.9,45.9,C - Weak,2/4,0
MSME104051,54.6,79.8,,,65.1,B - Moderate,2/4,0
MSME104052,69.3,79.5,65.5,,70.9,B - Moderate,3/4,0
MSME104053,,33.6,,51.2,38.6,C - Weak,2/4,1
MSME104054,75.4,,89.3,88.8,82.7,A - Strong,3/4,0
MSME104055,75.0,,65.2,,70.5,B - Moderate,2/4,0
MSME104056,84.7,87.0,,,85.7,A - Strong,2/4,0
MSME104057,35.0,,54.3,61.1,46.2,C - Weak,3/4,0
MSME104058,46.8,28.9,,,39.3,C - Weak,2/4,0
MSME104059,67.1,,,85.4,71.2,B - Moderate,2/4,0
MSME104060,,36.5,,60.5,43.4,C - Weak,2/4,0
MSME104061,64.7,,82.2,,72.8,B - Moderate,2/4,0
MSME104062,90.1,93.5,91.1,,91.4,A - Strong,3/4,0
MSME104063,,45.9,29.4,,36.9,C - Weak,2/4,0
MSME104064,35.2,48.5,,,40.7,C - Weak,2/4,0
MSME104065,69.6,62.7,,,66.7,B - Moderate,2/4,0
MSME104066,69.0,59.5,68.2,,66.1,B - Moderate,3/4,0
MSME104067,,,17.8,32.3,21.4,D - High Risk,2/4,0
MSME104068,,89.4,,,89.4,A - Strong,1/4,0
MSME104069,90.3,90.5,,,90.4,A - Strong,2/4,0
MSME104070,,81.9,,,81.9,A - Strong,1/4,0
MSME104071,,,,,,Unscoreable,0/4,0
MSME104072,88.4,93.7,89.3,,90.2,A - Strong,3/4,0
MSME104073,51.6,64.0,,,56.8,B - Moderate,2/4,0
MSME104074,76.9,84.8,,,80.2,A - Strong,2/4,0
MSME104075,,,,,,Unscoreable,0/4,0
MSME104076,66.7,77.6,69.8,,70.8,B - Moderate,3/4,0
MSME104077,,63.0,55.7,,59.0,B - Moderate,2/4,0
MSME104078,,79.7,,,79.7,A - Strong,1/4,0
MSME104079,35.4,25.7,,,31.4,D - High Risk,2/4,0
MSME104080,90.5,87.7,,,89.3,A - Strong,2/4,0
MSME104081,,50.0,,,50.0,C - Weak,1/4,0
MSME104082,60.0,68.6,63.9,,63.7,B - Moderate,3/4,0
MSME104083,,50.9,,,50.9,C - Weak,1/4,0
MSME104084,39.6,33.4,52.8,,42.3,C - Weak,3/4,0
MSME104085,59.8,,51.5,63.3,56.9,B - Moderate,3/4,0
MSME104086,39.4,46.1,,,42.2,C - Weak,2/4,0
MSME104087,70.8,,75.9,,73.2,B - Moderate,2/4,0
MSME104088,,42.3,36.4,,39.1,C - Weak,2/4,1
MSME104089,79.2,76.0,,,77.9,A - Strong,2/4,0
MSME104090,27.9,50.1,,,37.1,C - Weak,2/4,1
MSME104091,,23.8,,,23.8,D - High Risk,1/4,0
MSME104092,78.9,,89.2,89.7,84.5,A - Strong,3/4,0
MSME104093,30.1,36.5,,,32.8,D - High Risk,2/4,0
MSME104094,,52.0,,,52.0,C - Weak,1/4,0
MSME104095,70.8,47.8,74.3,,65.6,B - Moderate,3/4,1
MSME104096,,,,,,Unscoreable,0/4,0
MSME104097,,,50.6,,50.6,C - Weak,1/4,0
MSME104098,64.7,71.7,75.7,,70.3,B - Moderate,3/4,0
MSME104099,86.4,84.0,75.1,,82.0,A - Strong,3/4,0
MSME104100,,,20.7,,20.7,D - High Risk,1/4,0
MSME104101,67.7,,69.6,59.0,67.3,B - Moderate,3/4,1
MSME104102,,80.7,,,80.7,A - Strong,1/4,0
MSME104103,,42.0,25.0,,32.7,D - High Risk,2/4,1
MSME104104,,65.3,74.4,,70.3,B - Moderate,2/4,0
MSME104105,,28.1,35.4,,32.1,D - High Risk,2/4,0
MSME104106,48.8,,37.6,,43.6,C - Weak,2/4,0
MSME104107,24.8,,,43.2,28.9,D - High Risk,2/4,0
MSME104108,78.0,85.5,80.0,80.1,80.7,A - Strong,4/4,0
MSME104109,,62.8,,,62.8,B - Moderate,1/4,0
MSME104110,,,53.1,68.9,57.0,B - Moderate,2/4,0
MSME104111,37.7,,,,37.7,C - Weak,1/4,0
MSME104112,56.3,,41.2,,49.3,C - Weak,2/4,1
MSME104113,,24.1,,22.4,23.6,D - High Risk,2/4,1
MSME104114,86.7,91.2,85.7,94.5,88.3,A - Strong,4/4,0
MSME104115,,,,,,Unscoreable,0/4,0
MSME104116,90.8,93.6,,,92.0,A - Strong,2/4,0
MSME104117,20.9,30.1,,,24.7,D - High Risk,2/4,0
MSME104118,,65.5,,,65.5,B - Moderate,1/4,0
MSME104119,48.4,56.8,39.7,,47.8,C - Weak,3/4,0
MSME104120,,82.1,,85.9,83.2,A - Strong,2/4,0
MSME104121,74.3,82.3,,,77.6,A - Strong,2/4,0
MSME104122,20.5,28.5,38.9,26.8,28.6,D - High Risk,4/4,1
MSME104123,,,,,,Unscoreable,0/4,0
MSME104124,71.0,,,58.4,68.2,B - Moderate,2/4,0
MSME104125,69.3,80.8,77.6,,75.3,A - Strong,3/4,0
MSME104126,40.5,,45.6,,42.9,C - Weak,2/4,0
MSME104127,,24.7,,,24.7,D - High Risk,1/4,0
MSME104128,78.1,,76.2,86.6,78.5,A - Strong,3/4,0
MSME104129,62.5,,,,62.5,B - Moderate,1/4,0
MSME104130,22.2,33.7,,26.3,26.9,D - High Risk,3/4,1
MSME104131,59.6,68.8,77.1,,68.0,B - Moderate,3/4,0
MSME104132,,62.6,50.9,,56.2,B - Moderate,2/4,0
MSME104133,,71.8,,,71.8,B - Moderate,1/4,0
MSME104134,,44.0,,,44.0,C - Weak,1/4,0
MSME104135,,73.0,,,73.0,B - Moderate,1/4,1
MSME104136,60.1,75.3,,,66.4,B - Moderate,2/4,0
MSME104137,34.2,,,,34.2,D - High Risk,1/4,0
MSME104138,,,,44.0,44.0,C - Weak,1/4,0
MSME104139,77.7,84.5,67.0,78.4,76.3,A - Strong,4/4,0
MSME104140,,57.1,74.4,,66.5,B - Moderate,2/4,0
MSME104141,34.0,23.5,35.0,,31.4,D - High Risk,3/4,1
MSME104142,,42.1,47.1,,44.8,C - Weak,2/4,0
MSME104143,,26.7,16.9,,21.4,D - High Risk,2/4,0
MSME104144,,24.4,,,24.4,D - High Risk,1/4,0
MSME104145,64.2,71.5,,,67.2,B - Moderate,2/4,0
MSME104146,,28.7,,21.0,26.5,D - High Risk,2/4,0
MSME104147,,,,,,Unscoreable,0/4,1
MSME104148,62.6,,,73.2,65.0,B - Moderate,2/4,0
MSME104149,,,57.6,,57.6,B - Moderate,1/4,0
MSME104150,,48.7,,,48.7,C - Weak,1/4,0
MSME104151,,87.2,80.6,,83.6,A - Strong,2/4,0
MSME104152,,38.8,29.8,,33.9,D - High Risk,2/4,0
MSME104153,,28.8,,,28.8,D - High Risk,1/4,0
MSME104154,,47.4,,,47.4,C - Weak,1/4,0
MSME104155,,56.4,46.4,,50.9,C - Weak,2/4,0
MSME104156,,,,,,Unscoreable,0/4,1
MSME104157,81.1,82.0,48.4,,70.4,B - Moderate,3/4,0
MSME104158,,43.8,,,43.8,C - Weak,1/4,0
MSME104159,69.3,,59.0,56.9,63.5,B - Moderate,3/4,0
MSME104160,,31.5,,,31.5,D - High Risk,1/4,1
MSME104161,,31.9,33.7,,32.9,D - High Risk,2/4,0
MSME104162,,,,,,Unscoreable,0/4,0
MSME104163,20.3,32.6,26.6,,25.8,D - High Risk,3/4,1
MSME104164,31.1,29.7,,44.5,32.5,D - High Risk,3/4,0
MSME104165,,21.9,16.4,,18.9,D - High Risk,2/4,0
MSME104166,28.2,21.8,34.0,,28.4,D - High Risk,3/4,0
MSME104167,50.3,,33.3,,42.5,C - Weak,2/4,1
MSME104168,,26.9,,,26.9,D - High Risk,1/4,0
MSME104169,,61.2,,,61.2,B - Moderate,1/4,0
MSME104170,69.8,73.4,,60.6,69.8,B - Moderate,3/4,0
MSME104171,90.4,93.1,,,91.5,A - Strong,2/4,0
MSME104172,,57.0,,71.5,61.1,B - Moderate,2/4,0
MSME104173,,67.4,80.1,63.2,72.6,B - Moderate,3/4,0
MSME104174,49.6,59.1,39.7,,48.9,C - Weak,3/4,1
MSME104175,31.9,,,32.4,32.0,D - High Risk,2/4,0
MSME104176,,23.0,,,23.0,D - High Risk,1/4,0
MSME104177,73.9,,76.6,74.5,75.1,A - Strong,3/4,0
MSME104178,85.5,,89.9,,87.5,A - Strong,2/4,0
MSME104179,,,,,,Unscoreable,0/4,0
MSME104180,,,34.9,,34.9,D - High Risk,1/4,0
MSME104181,,37.8,31.1,,34.1,D - High Risk,2/4,0
MSME104182,61.1,84.6,,59.6,69.3,B - Moderate,3/4,0
MSME104183,,57.3,37.1,,46.3,C - Weak,2/4,0
MSME104184,67.1,,67.5,,67.3,B - Moderate,2/4,0
MSME104185,80.2,75.9,69.7,84.3,76.4,A - Strong,4/4,0
MSME104186,,42.7,,,42.7,C - Weak,1/4,0
MSME104187,33.9,29.0,,,31.9,D - High Risk,2/4,0
MSME104188,,45.7,,,45.7,C - Weak,1/4,1
MSME104189,27.4,18.9,,,23.9,D - High Risk,2/4,0
MSME104190,36.4,39.0,,,37.5,C - Weak,2/4,0
MSME104191,65.8,,78.2,,71.5,B - Moderate,2/4,0
MSME104192,89.9,86.3,88.1,,88.3,A - Strong,3/4,0
MSME104193,68.2,72.7,69.6,,69.9,B - Moderate,3/4,0
MSME104194,,81.6,,,81.6,A - Strong,1/4,0
MSME104195,,67.1,,,67.1,B - Moderate,1/4,0
MSME104196,38.0,42.2,,,39.8,C - Weak,2/4,1
MSME104197,76.3,82.6,79.6,87.7,80.0,A - Strong,4/4,0
MSME104198,,23.2,,,23.2,D - High Risk,1/4,1
MSME104199,81.4,84.4,79.4,,81.6,A - Strong,3/4,0
MSME104200,,,,,,Unscoreable,0/4,0
MSME104201,49.8,,50.2,,50.0,C - Weak,2/4,0
MSME104202,44.7,42.6,,,43.8,C - Weak,2/4,1
MSME104203,,30.0,,,30.0,D - High Risk,1/4,1
MSME104204,57.0,,,62.7,58.3,B - Moderate,2/4,0
MSME104205,49.1,,,,49.1,C - Weak,1/4,0
MSME104206,62.4,62.5,,,62.4,B - Moderate,2/4,0
MSME104207,,39.9,,,39.9,C - Weak,1/4,1
MSME104208,72.0,67.8,83.8,,74.8,B - Moderate,3/4,0
MSME104209,,49.3,50.7,,50.1,C - Weak,2/4,0
MSME104210,81.0,,75.7,,78.6,A - Strong,2/4,0
MSME104211,,23.6,24.6,,24.1,D - High Risk,2/4,0
MSME104212,,34.8,31.9,,33.2,D - High Risk,2/4,0
MSME104213,,88.4,82.7,,85.3,A - Strong,2/4,0
MSME104214,,66.9,52.9,,59.3,B - Moderate,2/4,0
MSME104215,61.1,83.0,70.9,,70.5,B - Moderate,3/4,0
MSME104216,90.4,85.6,,,88.4,A - Strong,2/4,0
MSME104217,89.1,89.7,86.1,,88.3,A - Strong,3/4,0
MSME104218,,62.4,,,62.4,B - Moderate,1/4,1
MSME104219,46.4,,,,46.4,C - Weak,1/4,1
MSME104220,,,,,,Unscoreable,0/4,0
MSME104221,,46.6,,,46.6,C - Weak,1/4,0
MSME104222,85.2,87.5,75.8,,82.7,A - Strong,3/4,0
MSME104223,65.3,72.9,68.6,,68.5,B - Moderate,3/4,0
MSME104224,,82.1,82.0,,82.0,A - Strong,2/4,0
MSME104225,90.0,91.4,,73.6,88.2,A - Strong,3/4,0
MSME104226,51.8,60.0,56.3,53.2,55.3,B - Moderate,4/4,0
MSME104227,,27.1,24.8,,25.8,D - High Risk,2/4,0
MSME104228,,36.7,,,36.7,C - Weak,1/4,1
MSME104229,,40.6,,,40.6,C - Weak,1/4,0
MSME104230,66.2,67.4,,,66.7,B - Moderate,2/4,0
MSME104231,79.9,88.7,,,83.6,A - Strong,2/4,0
MSME104232,84.4,92.4,82.8,,86.1,A - Strong,3/4,0
MSME104233,65.7,83.0,,49.7,69.6,B - Moderate,3/4,0
MSME104234,85.0,86.9,78.6,,83.4,A - Strong,3/4,0
MSME104235,59.3,74.7,,,65.7,B - Moderate,2/4,0
MSME104236,65.2,46.7,78.7,,64.6,B - Moderate,3/4,0
MSME104237,53.3,47.4,,45.4,50.1,C - Weak,3/4,1
MSME104238,81.1,86.8,73.6,,80.2,A - Strong,3/4,0
MSME104239,91.7,90.0,,92.5,91.2,A - Strong,3/4,0
MSME104240,,,,,,Unscoreable,0/4,0
MSME104241,,76.1,76.4,,76.3,A - Strong,2/4,0
MSME104242,,56.8,,,56.8,B - Moderate,1/4,0
MSME104243,,63.1,,,63.1,B - Moderate,1/4,0
MSME104244,84.0,85.0,,,84.4,A - Strong,2/4,0
MSME104245,66.8,66.6,,83.6,69.1,B - Moderate,3/4,0
MSME104246,91.3,88.2,,93.6,90.5,A - Strong,3/4,0
MSME104247,24.9,47.9,,,34.5,D - High Risk,2/4,0
MSME104248,,82.2,87.6,,85.1,A - Strong,2/4,0
MSME104249,62.5,,71.5,,66.7,B - Moderate,2/4,0
MSME104250,,23.9,,,23.9,D - High Risk,1/4,1
MSME104251,71.3,70.6,,,71.0,B - Moderate,2/4,0
MSME104252,32.7,47.4,,,38.8,C - Weak,2/4,0
MSME104253,,21.5,,,21.5,D - High Risk,1/4,1
MSME104254,81.6,,85.4,,83.4,A - Strong,2/4,0
MSME104255,25.8,34.7,,,29.5,D - High Risk,2/4,1
MSME104256,67.0,70.5,,,68.5,B - Moderate,2/4,0
MSME104257,87.4,87.0,,,87.2,A - Strong,2/4,0
MSME104258,83.7,92.8,,89.4,87.8,A - Strong,3/4,0
MSME104259,35.2,53.1,,,42.7,C - Weak,2/4,0
MSME104260,25.5,,,22.3,24.8,D - High Risk,2/4,0
MSME104261,86.1,85.4,79.3,,83.6,A - Strong,3/4,0
MSME104262,82.6,84.8,,,83.5,A - Strong,2/4,0
MSME104263,,32.3,23.0,,27.2,D - High Risk,2/4,0
MSME104264,62.8,69.5,,,65.6,B - Moderate,2/4,0
MSME104265,79.8,77.3,69.4,85.1,76.6,A - Strong,4/4,0
MSME104266,,55.1,,,55.1,B - Moderate,1/4,0
MSME104267,45.8,60.9,70.4,50.9,57.5,B - Moderate,4/4,0
MSME104268,,,49.9,,49.9,C - Weak,1/4,0
MSME104269,,,,,,Unscoreable,0/4,1
MSME104270,91.8,92.5,,90.7,91.9,A - Strong,3/4,0
MSME104271,49.2,55.0,,,51.6,C - Weak,2/4,1
MSME104272,,34.4,36.1,,35.3,C - Weak,2/4,0
MSME104273,63.9,,52.6,,58.7,B - Moderate,2/4,0
MSME104274,49.0,57.1,,,52.4,C - Weak,2/4,0
MSME104275,89.5,92.8,89.7,,90.5,A - Strong,3/4,0
MSME104276,,31.5,22.5,40.2,28.7,D - High Risk,3/4,1
MSME104277,,43.9,,,43.9,C - Weak,1/4,0
MSME104278,71.1,79.1,,,74.4,B - Moderate,2/4,0
MSME104279,91.0,87.6,90.2,93.0,90.1,A - Strong,4/4,0
MSME104280,,55.3,,,55.3,B - Moderate,1/4,1
MSME104281,,64.3,81.2,,73.5,B - Moderate,2/4,0
MSME104282,,21.6,17.3,,19.3,D - High Risk,2/4,1
MSME104283,,58.1,,,58.1,B - Moderate,1/4,0
MSME104284,40.8,43.4,51.7,,45.2,C - Weak,3/4,1
MSME104285,,55.1,38.6,,46.1,C - Weak,2/4,0
MSME104286,,52.2,70.8,61.0,62.1,B - Moderate,3/4,0
MSME104287,52.1,76.4,,29.0,57.5,B - Moderate,3/4,0
MSME104288,82.8,86.3,79.3,91.7,83.5,A - Strong,4/4,0
MSME104289,85.7,93.9,87.4,,88.5,A - Strong,3/4,0
MSME104290,69.6,60.7,52.3,,61.4,B - Moderate,3/4,0
MSME104291,77.9,91.5,71.2,,79.4,A - Strong,3/4,0
MSME104292,65.5,76.7,79.4,86.2,74.5,B - Moderate,4/4,0
MSME104293,81.8,83.1,,,82.3,A - Strong,2/4,0
MSME104294,,,55.4,,55.4,B - Moderate,1/4,0
MSME104295,17.7,23.2,,16.8,19.5,D - High Risk,3/4,0
MSME104296,,41.4,43.0,,42.3,C - Weak,2/4,1
MSME104297,,32.8,38.2,,35.7,C - Weak,2/4,1
MSME104298,63.3,78.6,,,69.7,B - Moderate,2/4,0
MSME104299,69.4,,70.5,62.8,69.0,B - Moderate,3/4,0
MSME104300,79.6,91.7,72.4,,80.6,A - Strong,3/4,0
MSME104301,36.7,,,35.3,36.4,C - Weak,2/4,0
MSME104302,90.9,90.5,,,90.7,A - Strong,2/4,0
MSME104303,,87.4,,,87.4,A - Strong,1/4,0
MSME104304,29.9,,35.0,,32.3,D - High Risk,2/4,0
MSME104305,50.1,60.5,59.7,,56.2,B - Moderate,3/4,1
MSME104306,57.7,65.5,62.2,,61.4,B - Moderate,3/4,0
MSME104307,63.3,64.3,69.0,,65.5,B - Moderate,3/4,0
MSME104308,,84.5,91.9,,88.5,A - Strong,2/4,0
MSME104309,35.8,34.9,,,35.4,C - Weak,2/4,0
MSME104310,56.9,53.6,48.5,,53.2,C - Weak,3/4,0
MSME104311,68.6,,64.9,83.0,69.0,B - Moderate,3/4,0
MSME104312,,59.6,,,59.6,B - Moderate,1/4,0
MSME104313,86.0,88.7,,,87.1,A - Strong,2/4,0
MSME104314,58.3,62.3,64.0,,61.3,B - Moderate,3/4,0
MSME104315,49.2,63.1,,,55.0,B - Moderate,2/4,0
MSME104316,46.2,,34.4,,40.8,C - Weak,2/4,0
MSME104317,,,,,,Unscoreable,0/4,0
MSME104318,86.5,83.4,87.4,,85.9,A - Strong,3/4,0
MSME104319,,63.2,66.4,,64.9,B - Moderate,2/4,0
MSME104320,46.8,43.9,47.7,,46.3,C - Weak,3/4,0
MSME104321,,48.5,53.6,,51.3,C - Weak,2/4,1
MSME104322,35.3,39.4,,,37.0,C - Weak,2/4,0
MSME104323,38.2,53.9,33.9,,41.1,C - Weak,3/4,0
MSME104324,51.7,59.1,,,54.8,C - Weak,2/4,0
MSME104325,,21.1,19.9,,20.4,D - High Risk,2/4,1
MSME104326,,20.6,25.1,,23.1,D - High Risk,2/4,0
MSME104327,,,,,,Unscoreable,0/4,0
MSME104328,24.2,,15.6,,20.2,D - High Risk,2/4,1
MSME104329,84.3,,92.0,88.6,88.0,A - Strong,3/4,0
MSME104330,,,15.9,,15.9,D - High Risk,1/4,1
MSME104331,,,,85.0,85.0,A - Strong,1/4,0
MSME104332,38.4,30.8,,,35.2,C - Weak,2/4,0
MSME104333,,56.1,43.9,,49.4,C - Weak,2/4,0
MSME104334,81.3,90.7,64.0,,78.1,A - Strong,3/4,0
MSME104335,88.7,91.1,91.3,,90.2,A - Strong,3/4,0
MSME104336,,37.4,,,37.4,C - Weak,1/4,0
MSME104337,32.1,35.1,,,33.4,D - High Risk,2/4,0
MSME104338,,81.9,90.4,,86.5,A - Strong,2/4,0
MSME104339,54.3,,47.3,66.4,53.1,C - Weak,3/4,0
MSME104340,,79.0,,,79.0,A - Strong,1/4,0
MSME104341,,,42.9,,42.9,C - Weak,1/4,1
MSME104342,32.6,33.8,,33.1,33.1,D - High Risk,3/4,0
MSME104343,,67.1,68.6,65.7,67.6,B - Moderate,3/4,0
MSME104344,,58.8,,,58.8,B - Moderate,1/4,0
MSME104345,62.5,71.1,58.9,,63.7,B - Moderate,3/4,0
MSME104346,51.4,64.6,,,56.9,B - Moderate,2/4,0
MSME104347,72.9,,62.9,,68.3,B - Moderate,2/4,0
MSME104348,,61.3,51.0,,55.7,B - Moderate,2/4,0
MSME104349,81.0,92.9,,,86.0,A - Strong,2/4,0
MSME104350,,,,80.3,80.3,A - Strong,1/4,0
MSME104351,,40.2,37.4,55.0,41.2,C - Weak,3/4,0
MSME104352,85.0,81.5,76.3,83.4,81.4,A - Strong,4/4,0
MSME104353,33.8,40.7,38.5,,37.3,C - Weak,3/4,0
MSME104354,69.3,70.0,39.5,53.0,58.9,B - Moderate,4/4,0
MSME104355,47.9,37.6,31.9,35.6,39.3,C - Weak,4/4,0
MSME104356,43.3,47.5,,29.6,42.8,C - Weak,3/4,1
MSME104357,84.7,91.3,,,87.4,A - Strong,2/4,0
MSME104358,,32.9,,,32.9,D - High Risk,1/4,1
MSME104359,81.9,85.8,76.4,88.9,81.9,A - Strong,4/4,0
MSME104360,,27.9,,,27.9,D - High Risk,1/4,0
MSME104361,88.3,88.3,,,88.3,A - Strong,2/4,0
MSME104362,86.3,,87.1,,86.7,A - Strong,2/4,0
MSME104363,,24.7,,21.3,23.7,D - High Risk,2/4,1
MSME104364,78.9,,,,78.9,A - Strong,1/4,0
MSME104365,,60.0,,,60.0,B - Moderate,1/4,0
MSME104366,,56.2,,,56.2,B - Moderate,1/4,0
MSME104367,44.1,,57.8,,50.4,C - Weak,2/4,0
MSME104368,76.7,85.7,,,80.5,A - Strong,2/4,0
MSME104369,37.6,30.3,38.1,,35.7,C - Weak,3/4,0
MSME104370,,44.5,,,44.5,C - Weak,1/4,0
MSME104371,,43.4,,,43.4,C - Weak,1/4,0
MSME104372,58.6,58.3,,,58.5,B - Moderate,2/4,0
MSME104373,85.3,71.3,79.0,,79.3,A - Strong,3/4,0
MSME104374,58.4,62.3,,78.3,62.6,B - Moderate,3/4,0
MSME104375,,41.3,39.3,,40.2,C - Weak,2/4,0
MSME104376,,36.6,38.7,51.0,39.8,C - Weak,3/4,0
MSME104377,58.6,51.4,65.6,,58.9,B - Moderate,3/4,1
MSME104378,,,,,,Unscoreable,0/4,0
MSME104379,,55.5,54.1,,54.7,C - Weak,2/4,0
MSME104380,87.6,93.2,84.3,,88.1,A - Strong,3/4,0
MSME104381,87.7,82.1,,,85.4,A - Strong,2/4,0
MSME104382,42.7,45.5,,,43.9,C - Weak,2/4,0
MSME104383,68.3,73.8,,,70.6,B - Moderate,2/4,0
MSME104384,31.8,43.3,,39.4,37.0,C - Weak,3/4,0
MSME104385,68.7,,58.5,65.5,64.2,B - Moderate,3/4,0
MSME104386,62.1,74.7,,,67.4,B - Moderate,2/4,0
MSME104387,,64.1,83.2,,74.5,B - Moderate,2/4,1
MSME104388,83.0,76.6,77.6,,79.4,A - Strong,3/4,0
MSME104389,,35.5,51.2,37.7,43.1,C - Weak,3/4,0
MSME104390,,57.2,54.2,56.2,55.7,B - Moderate,3/4,0
MSME104391,20.6,,36.2,,27.8,D - High Risk,2/4,0
MSME104392,65.7,63.1,,,64.6,B - Moderate,2/4,0
MSME104393,56.5,52.1,73.3,49.3,59.7,B - Moderate,4/4,0
MSME104394,83.6,93.2,80.6,84.7,85.2,A - Strong,4/4,0
MSME104395,,68.4,61.6,,64.7,B - Moderate,2/4,0
MSME104396,56.9,71.9,,,63.2,B - Moderate,2/4,0
MSME104397,42.2,57.4,,,48.5,C - Weak,2/4,0
MSME104398,22.1,26.7,,,24.0,D - High Risk,2/4,0
MSME104399,36.0,,,46.5,38.3,C - Weak,2/4,0
MSME104400,,,73.3,,73.3,B - Moderate,1/4,0
MSME104401,45.1,34.9,32.3,,38.0,C - Weak,3/4,0
MSME104402,,33.6,,,33.6,D - High Risk,1/4,0
MSME104403,82.7,82.8,,,82.7,A - Strong,2/4,0
MSME104404,37.4,37.6,,,37.5,C - Weak,2/4,0
MSME104405,59.9,56.4,,45.3,56.6,B - Moderate,3/4,0
MSME104406,33.6,,43.4,,38.1,C - Weak,2/4,0
MSME104407,,28.0,,,28.0,D - High Risk,1/4,1
MSME104408,,26.5,26.9,,26.7,D - High Risk,2/4,0
MSME104409,,,,,,Unscoreable,0/4,1
MSME104410,40.2,41.3,,,40.7,C - Weak,2/4,0
MSME104411,,,,,,Unscoreable,0/4,1
MSME104412,51.0,61.4,,,55.3,B - Moderate,2/4,0
MSME104413,,33.2,,,33.2,D - High Risk,1/4,1
MSME104414,,,42.5,,42.5,C - Weak,1/4,0
MSME104415,46.5,,45.6,,46.1,C - Weak,2/4,0
MSME104416,,21.3,,,21.3,D - High Risk,1/4,0
MSME104417,,52.3,,,52.3,C - Weak,1/4,0
MSME104418,73.1,76.8,,,74.6,B - Moderate,2/4,0
MSME104419,88.0,88.8,,,88.3,A - Strong,2/4,0
MSME104420,,23.9,16.7,,20.0,D - High Risk,2/4,0
MSME104421,23.7,24.4,37.8,,28.6,D - High Risk,3/4,0
MSME104422,,57.3,63.7,,60.8,B - Moderate,2/4,0
MSME104423,,48.4,59.3,,54.3,C - Weak,2/4,0
MSME104424,89.5,90.2,,,89.8,A - Strong,2/4,0
MSME104425,,27.3,23.9,,25.4,D - High Risk,2/4,0
MSME104426,,22.4,24.5,,23.5,D - High Risk,2/4,1
MSME104427,,66.6,,,66.6,B - Moderate,1/4,0
MSME104428,76.7,69.1,,,73.5,B - Moderate,2/4,0
MSME104429,,82.0,79.6,,80.7,A - Strong,2/4,0
MSME104430,42.7,,,,42.7,C - Weak,1/4,0
MSME104431,25.3,28.3,,30.2,27.1,D - High Risk,3/4,0
MSME104432,,,43.2,57.1,46.7,C - Weak,2/4,0
MSME104433,,50.3,,,50.3,C - Weak,1/4,0
MSME104434,26.5,30.9,,32.6,28.9,D - High Risk,3/4,0
MSME104435,,76.6,,,76.6,A - Strong,1/4,0
MSME104436,74.0,81.6,74.7,,76.3,A - Strong,3/4,0
MSME104437,,26.9,,,26.9,D - High Risk,1/4,0
MSME104438,,63.7,,,63.7,B - Moderate,1/4,0
MSME104439,,51.0,,,51.0,C - Weak,1/4,0
MSME104440,,66.1,,47.3,60.7,B - Moderate,2/4,0
MSME104441,68.7,75.9,78.5,91.3,75.7,A - Strong,4/4,0
MSME104442,77.9,,,,77.9,A - Strong,1/4,0
MSME104443,86.1,91.3,75.3,,83.9,A - Strong,3/4,0
MSME104444,,67.8,,,67.8,B - Moderate,1/4,0
MSME104445,75.2,61.4,69.2,,69.4,B - Moderate,3/4,0
MSME104446,62.2,73.0,71.2,,68.2,B - Moderate,3/4,1
MSME104447,,47.1,,,47.1,C - Weak,1/4,0
MSME104448,,53.6,,,53.6,C - Weak,1/4,0
MSME104449,,29.3,20.8,,24.7,D - High Risk,2/4,1
MSME104450,,,65.2,51.6,61.8,B - Moderate,2/4,0
MSME104451,76.1,,,,76.1,A - Strong,1/4,0
MSME104452,92.3,93.7,,,92.9,A - Strong,2/4,0
MSME104453,,89.7,85.8,92.5,88.3,A - Strong,3/4,0
MSME104454,65.3,,66.5,,65.9,B - Moderate,2/4,1
MSME104455,,,17.8,,17.8,D - High Risk,1/4,1
MSME104456,,25.2,29.6,,27.6,D - High Risk,2/4,1
MSME104457,,,,,,Unscoreable,0/4,0
MSME104458,81.2,90.5,,,85.1,A - Strong,2/4,0
MSME104459,40.8,49.2,34.6,,41.1,C - Weak,3/4,0
MSME104460,34.3,47.6,51.2,,43.6,C - Weak,3/4,0
MSME104461,,70.4,75.0,73.5,73.0,B - Moderate,3/4,0
MSME104462,39.1,,,,39.1,C - Weak,1/4,0
MSME104463,78.5,,81.8,86.4,80.9,A - Strong,3/4,0
MSME104464,,39.5,,,39.5,C - Weak,1/4,0
MSME104465,,46.9,,,46.9,C - Weak,1/4,0
MSME104466,,61.8,,,61.8,B - Moderate,1/4,0
MSME104467,75.5,,84.0,,79.4,A - Strong,2/4,0
MSME104468,91.5,92.1,,92.7,91.9,A - Strong,3/4,0
MSME104469,,28.2,19.2,,23.3,D - High Risk,2/4,1
MSME104470,64.4,63.2,,54.4,62.5,B - Moderate,3/4,0
MSME104471,,49.7,,,49.7,C - Weak,1/4,0
MSME104472,67.9,,75.2,,71.3,B - Moderate,2/4,0
MSME104473,,71.0,,71.9,71.3,B - Moderate,2/4,0
MSME104474,,82.5,80.9,,81.6,A - Strong,2/4,0
MSME104475,29.3,,,,29.3,D - High Risk,1/4,1
MSME104476,82.9,83.6,,,83.2,A - Strong,2/4,0
MSME104477,76.2,78.2,73.6,,75.9,A - Strong,3/4,0
MSME104478,50.4,70.3,59.9,,59.1,B - Moderate,3/4,0
MSME104479,57.3,,,,57.3,B - Moderate,1/4,0
MSME104480,,46.9,,31.6,42.5,C - Weak,2/4,1
MSME104481,88.7,,91.6,,90.0,A - Strong,2/4,0
MSME104482,,57.9,67.4,,63.1,B - Moderate,2/4,0
MSME104483,50.7,55.5,56.2,,53.9,C - Weak,3/4,0
MSME104484,89.6,88.8,81.5,,86.7,A - Strong,3/4,0
MSME104485,,76.8,,,76.8,A - Strong,1/4,0
MSME104486,78.4,,,,78.4,A - Strong,1/4,0
MSME104487,,81.4,,,81.4,A - Strong,1/4,0
MSME104488,,80.7,,84.5,81.8,A - Strong,2/4,0
MSME104489,79.4,85.9,62.3,,75.5,A - Strong,3/4,0
MSME104490,90.6,90.5,,,90.6,A - Strong,2/4,0
MSME104491,76.9,,85.8,,81.0,A - Strong,2/4,0
MSME104492,85.4,,83.4,92.1,85.5,A - Strong,3/4,0
MSME104493,83.2,86.6,82.7,,84.0,A - Strong,3/4,0
MSME104494,38.5,57.2,,,46.3,C - Weak,2/4,0
MSME104495,59.1,72.6,,,64.7,B - Moderate,2/4,0
MSME104496,,39.4,,,39.4,C - Weak,1/4,0
MSME104497,59.5,58.6,57.1,,58.5,B - Moderate,3/4,0
MSME104498,22.6,,42.6,,31.8,D - High Risk,2/4,0
MSME104499,69.5,82.8,74.1,,74.7,B - Moderate,3/4,1
MSME104500,,31.8,,,31.8,D - High Risk,1/4,1
MSME104501,,59.3,53.7,,56.2,B - Moderate,2/4,0
MSME104502,,41.7,,,41.7,C - Weak,1/4,0
MSME104503,,79.8,83.6,,81.9,A - Strong,2/4,0
MSME104504,,71.4,48.3,,58.8,B - Moderate,2/4,0
MSME104505,78.8,84.3,70.4,,77.5,A - Strong,3/4,0
MSME104506,16.7,18.7,,,17.5,D - High Risk,2/4,1
MSME104507,88.3,93.2,91.5,,90.7,A - Strong,3/4,0
MSME104508,77.2,82.1,69.9,,76.1,A - Strong,3/4,0
MSME104509,89.9,93.4,90.9,,91.2,A - Strong,3/4,0
MSME104510,,33.9,,,33.9,D - High Risk,1/4,1
MSME104511,,28.0,,,28.0,D - High Risk,1/4,1
MSME104512,76.1,,79.3,,77.6,A - Strong,2/4,0
MSME104513,,,40.9,,40.9,C - Weak,1/4,0
MSME104514,42.6,43.8,,,43.1,C - Weak,2/4,0
MSME104515,39.0,,,,39.0,C - Weak,1/4,0
MSME104516,77.3,65.3,,,72.3,B - Moderate,2/4,0
MSME104517,65.0,83.3,67.3,,70.8,B - Moderate,3/4,0
MSME104518,78.3,,88.0,88.7,83.6,A - Strong,3/4,0
MSME104519,63.1,61.7,,,62.5,B - Moderate,2/4,0
MSME104520,,45.0,,,45.0,C - Weak,1/4,0
MSME104521,,67.9,62.5,,65.0,B - Moderate,2/4,0
MSME104522,34.6,62.0,39.1,24.2,41.8,C - Weak,4/4,1
MSME104523,,,,,,Unscoreable,0/4,0
MSME104524,60.0,,64.9,75.0,64.0,B - Moderate,3/4,0
MSME104525,48.9,49.7,55.3,,51.3,C - Weak,3/4,0
MSME104526,,,,40.4,40.4,C - Weak,1/4,0
MSME104527,,55.1,,35.1,49.4,C - Weak,2/4,0
MSME104528,61.9,63.7,70.2,,65.2,B - Moderate,3/4,0
MSME104529,90.8,92.1,,,91.3,A - Strong,2/4,0
MSME104530,36.0,,,42.5,37.4,C - Weak,2/4,0
MSME104531,69.8,,70.6,,70.2,B - Moderate,2/4,0
MSME104532,,,22.8,,22.8,D - High Risk,1/4,1
MSME104533,,,56.3,,56.3,B - Moderate,1/4,0
MSME104534,,47.2,,,47.2,C - Weak,1/4,0
MSME104535,88.5,92.5,88.6,92.7,90.0,A - Strong,4/4,0
MSME104536,62.2,,,57.6,61.2,B - Moderate,2/4,0
MSME104537,,37.3,,,37.3,C - Weak,1/4,0
MSME104538,,22.9,,,22.9,D - High Risk,1/4,0
MSME104539,,76.6,,,76.6,A - Strong,1/4,1
MSME104540,59.1,81.7,47.6,,61.5,B - Moderate,3/4,0
MSME104541,,67.8,55.4,,61.0,B - Moderate,2/4,0
MSME104542,82.1,83.4,88.8,,84.7,A - Strong,3/4,0
MSME104543,33.5,27.5,,,31.0,D - High Risk,2/4,1
MSME104544,71.9,85.6,66.1,,73.8,B - Moderate,3/4,0
MSME104545,,21.3,25.7,,23.7,D - High Risk,2/4,1
MSME104546,42.8,37.3,,57.5,42.9,C - Weak,3/4,0
MSME104547,,56.2,58.9,,57.7,B - Moderate,2/4,0
MSME104548,87.3,87.6,,,87.4,A - Strong,2/4,0
MSME104549,41.1,40.1,37.2,,39.5,C - Weak,3/4,0
MSME104550,,30.4,,23.9,28.5,D - High Risk,2/4,0
MSME104551,69.4,73.3,78.8,67.7,73.0,B - Moderate,4/4,0
MSME104552,49.2,,,,49.2,C - Weak,1/4,0
MSME104553,88.6,90.6,88.3,91.6,89.3,A - Strong,4/4,0
MSME104554,,66.0,45.9,,55.0,B - Moderate,2/4,0
MSME104555,,32.4,48.4,59.6,44.0,C - Weak,3/4,1
MSME104556,45.5,,71.4,,57.5,B - Moderate,2/4,0
MSME104557,71.2,61.9,77.3,83.1,71.9,B - Moderate,4/4,0
MSME104558,37.4,,30.1,,34.0,D - High Risk,2/4,0
MSME104559,59.2,69.9,,71.6,64.8,B - Moderate,3/4,0
MSME104560,,,,69.5,69.5,B - Moderate,1/4,0
MSME104561,,78.7,43.4,,59.4,B - Moderate,2/4,0
MSME104562,19.9,26.7,17.1,,20.9,D - High Risk,3/4,1
MSME104563,,,,,,Unscoreable,0/4,0
MSME104564,,70.5,,,70.5,B - Moderate,1/4,0
MSME104565,,63.2,,,63.2,B - Moderate,1/4,0
MSME104566,57.1,54.8,50.2,65.9,55.3,B - Moderate,4/4,0
MSME104567,68.0,,56.3,,62.6,B - Moderate,2/4,0
MSME104568,,22.1,24.5,,23.4,D - High Risk,2/4,0
MSME104569,26.9,24.8,24.5,30.9,26.1,D - High Risk,4/4,1
MSME104570,,83.5,84.4,,84.0,A - Strong,2/4,0
MSME104571,,45.9,,,45.9,C - Weak,1/4,0
MSME104572,,32.4,36.1,,34.4,D - High Risk,2/4,0
MSME104573,28.1,26.8,29.3,,28.1,D - High Risk,3/4,1
MSME104574,81.4,,74.4,,78.2,A - Strong,2/4,0
MSME104575,55.8,85.2,,,68.0,B - Moderate,2/4,0
MSME104576,72.4,,84.5,88.0,79.3,A - Strong,3/4,0
MSME104577,,,21.2,,21.2,D - High Risk,1/4,0
MSME104578,48.3,66.9,,,56.0,B - Moderate,2/4,0
MSME104579,,,37.0,,37.0,C - Weak,1/4,0
MSME104580,80.8,89.8,,,84.5,A - Strong,2/4,0
MSME104581,,37.8,,,37.8,C - Weak,1/4,0
MSME104582,74.3,,78.3,69.4,75.2,A - Strong,3/4,0
MSME104583,,,,44.0,44.0,C - Weak,1/4,0
MSME104584,63.2,71.3,,,66.6,B - Moderate,2/4,1
MSME104585,84.0,93.6,81.6,91.3,86.4,A - Strong,4/4,0
MSME104586,,35.9,,,35.9,C - Weak,1/4,0
MSME104587,69.9,86.2,79.7,,77.7,A - Strong,3/4,0
MSME104588,54.7,75.9,58.6,59.3,61.6,B - Moderate,4/4,0
MSME104589,31.9,43.6,,,36.8,C - Weak,2/4,1
MSME104590,,,,,,Unscoreable,0/4,1
MSME104591,,61.9,,67.6,63.5,B - Moderate,2/4,0
MSME104592,,,,,,Unscoreable,0/4,0
MSME104593,,48.8,,,48.8,C - Weak,1/4,0
MSME104594,,81.4,78.4,79.0,79.6,A - Strong,3/4,0
MSME104595,90.3,92.9,85.4,86.9,89.1,A - Strong,4/4,0
MSME104596,87.7,91.5,,,89.3,A - Strong,2/4,0
MSME104597,,55.5,,40.1,51.1,C - Weak,2/4,0
MSME104598,27.3,34.4,16.0,,25.5,D - High Risk,3/4,1
MSME104599,,24.2,,,24.2,D - High Risk,1/4,0
MSME104600,,,,,,Unscoreable,0/4,0
MSME104601,65.6,,75.4,67.3,69.7,B - Moderate,3/4,0
MSME104602,80.2,,,73.8,78.8,A - Strong,2/4,0
MSME104603,59.0,,75.3,71.2,67.1,B - Moderate,3/4,0
MSME104604,,50.3,47.4,67.0,51.5,C - Weak,3/4,1
MSME104605,42.7,48.0,,,44.9,C - Weak,2/4,0
MSME104606,,,,,,Unscoreable,0/4,1
MSME104607,,,,,,Unscoreable,0/4,1
MSME104608,84.4,63.8,74.8,,75.5,A - Strong,3/4,0
MSME104609,40.2,,,74.5,47.8,C - Weak,2/4,0
MSME104610,79.0,,66.7,71.0,73.0,B - Moderate,3/4,0
MSME104611,,,68.5,,68.5,B - Moderate,1/4,0
MSME104612,83.3,82.8,81.1,,82.4,A - Strong,3/4,0
MSME104613,61.8,76.4,66.1,,67.3,B - Moderate,3/4,0
MSME104614,53.7,44.5,59.0,,52.9,C - Weak,3/4,0
MSME104615,30.4,,,,30.4,D - High Risk,1/4,0
MSME104616,,77.3,83.3,,80.6,A - Strong,2/4,0
MSME104617,91.2,93.7,,,92.2,A - Strong,2/4,0
MSME104618,,58.3,49.6,,53.6,C - Weak,2/4,0
MSME104619,81.7,85.5,78.5,,81.7,A - Strong,3/4,0
MSME104620,,73.1,40.8,56.7,55.7,B - Moderate,3/4,0
MSME104621,,67.0,77.4,77.6,73.4,B - Moderate,3/4,0
MSME104622,,,,,,Unscoreable,0/4,0
MSME104623,,,22.6,,22.6,D - High Risk,1/4,0
MSME104624,82.8,87.4,,,84.7,A - Strong,2/4,0
MSME104625,,54.0,52.8,,53.3,C - Weak,2/4,0
MSME104626,,87.4,82.7,88.0,85.3,A - Strong,3/4,0
MSME104627,90.2,94.0,92.1,,91.9,A - Strong,3/4,0
MSME104628,,45.7,,,45.7,C - Weak,1/4,0
MSME104629,,42.4,43.1,,42.8,C - Weak,2/4,0
MSME104630,35.3,32.5,,41.0,35.1,C - Weak,3/4,0
MSME104631,56.2,59.8,,,57.7,B - Moderate,2/4,0
MSME104632,24.9,42.0,37.2,,33.8,D - High Risk,3/4,0
MSME104633,,55.0,,,55.0,B - Moderate,1/4,0
MSME104634,81.5,,92.1,88.3,86.6,A - Strong,3/4,0
MSME104635,81.1,92.3,,,85.8,A - Strong,2/4,0
MSME104636,,,67.5,,67.5,B - Moderate,1/4,0
MSME104637,,,,69.0,69.0,B - Moderate,1/4,0
MSME104638,,29.3,,,29.3,D - High Risk,1/4,1
MSME104639,73.2,72.3,70.8,,72.2,B - Moderate,3/4,0
MSME104640,,68.3,,,68.3,B - Moderate,1/4,0
MSME104641,50.2,,65.3,,57.2,B - Moderate,2/4,0
MSME104642,,28.3,,,28.3,D - High Risk,1/4,0
MSME104643,73.9,75.0,,,74.4,B - Moderate,2/4,0
MSME104644,30.8,40.9,18.7,,29.6,D - High Risk,3/4,1
MSME104645,63.8,,64.0,85.0,66.7,B - Moderate,3/4,0
MSME104646,75.4,78.4,,,76.7,A - Strong,2/4,0
MSME104647,,64.0,45.6,,54.0,C - Weak,2/4,0
MSME104648,24.0,47.5,,,33.8,D - High Risk,2/4,0
MSME104649,41.2,53.8,,,46.5,C - Weak,2/4,0
MSME104650,36.0,43.1,,,39.0,C - Weak,2/4,1
MSME104651,,,,36.3,36.3,C - Weak,1/4,0
MSME104652,,32.7,,,32.7,D - High Risk,1/4,0
MSME104653,89.3,90.5,,,89.8,A - Strong,2/4,0
MSME104654,54.3,69.0,,,60.4,B - Moderate,2/4,0
MSME104655,,,,,,Unscoreable,0/4,0
MSME104656,49.5,,40.3,,45.3,C - Weak,2/4,0
MSME104657,65.1,60.8,53.1,,59.9,B - Moderate,3/4,0
MSME104658,36.1,39.8,,,37.6,C - Weak,2/4,0
MSME104659,33.9,27.0,,,31.0,D - High Risk,2/4,0
MSME104660,,55.6,,,55.6,B - Moderate,1/4,0
MSME104661,,24.7,31.6,,28.5,D - High Risk,2/4,0
MSME104662,31.8,25.4,,,29.1,D - High Risk,2/4,0
MSME104663,49.5,62.2,,,54.8,C - Weak,2/4,0
MSME104664,,32.0,37.1,,34.8,D - High Risk,2/4,0
MSME104665,84.5,87.5,73.2,,81.6,A - Strong,3/4,0
MSME104666,66.9,86.8,74.1,68.3,74.2,B - Moderate,4/4,0
MSME104667,40.8,52.6,,,45.7,C - Weak,2/4,0
MSME104668,56.4,56.7,,,56.5,B - Moderate,2/4,0
MSME104669,,37.9,32.5,,35.0,C - Weak,2/4,0
MSME104670,70.6,81.0,61.6,,70.5,B - Moderate,3/4,0
MSME104671,,35.2,,,35.2,C - Weak,1/4,0
MSME104672,,55.9,55.2,,55.5,B - Moderate,2/4,0
MSME104673,43.4,50.0,38.2,,43.5,C - Weak,3/4,0
MSME104674,87.2,89.0,75.6,,83.8,A - Strong,3/4,0
MSME104675,52.3,52.4,,,52.3,C - Weak,2/4,0
MSME104676,,79.6,60.5,,69.2,B - Moderate,2/4,0
MSME104677,52.3,41.5,,,47.8,C - Weak,2/4,0
MSME104678,,33.3,,,33.3,D - High Risk,1/4,1
MSME104679,39.5,,56.8,53.5,48.3,C - Weak,3/4,1
MSME104680,77.6,75.6,73.5,80.4,76.1,A - Strong,4/4,1
MSME104681,,61.1,70.5,,66.2,B - Moderate,2/4,0
MSME104682,,27.3,24.9,,26.0,D - High Risk,2/4,0
MSME104683,75.5,86.2,,81.2,80.1,A - Strong,3/4,0
MSME104684,82.7,87.0,75.1,,81.4,A - Strong,3/4,0
MSME104685,24.3,30.6,,,26.9,D - High Risk,2/4,0
MSME104686,,26.1,39.1,,33.2,D - High Risk,2/4,0
MSME104687,78.3,88.9,,,82.7,A - Strong,2/4,0
MSME104688,61.8,,55.6,,58.9,B - Moderate,2/4,0
MSME104689,35.1,42.2,24.0,,33.4,D - High Risk,3/4,1
MSME104690,73.6,85.2,70.7,,75.9,A - Strong,3/4,0
MSME104691,89.2,86.0,,,87.9,A - Strong,2/4,0
MSME104692,,,,,,Unscoreable,0/4,0
MSME104693,55.9,,,,55.9,B - Moderate,1/4,0
MSME104694,59.0,,,,59.0,B - Moderate,1/4,0
MSME104695,40.0,,,,40.0,C - Weak,1/4,0
MSME104696,,31.2,41.0,,36.5,C - Weak,2/4,1
MSME104697,,34.0,,,34.0,D - High Risk,1/4,0
MSME104698,,35.5,,,35.5,C - Weak,1/4,1
MSME104699,,,,,,Unscoreable,0/4,0
MSME104700,89.5,91.3,83.6,93.7,88.6,A - Strong,4/4,0
MSME104701,,67.7,56.1,77.4,63.8,B - Moderate,3/4,0
MSME104702,81.8,92.3,85.2,,85.8,A - Strong,3/4,1
MSME104703,91.2,93.1,76.4,,86.8,A - Strong,3/4,0
MSME104704,37.4,,40.5,,38.8,C - Weak,2/4,0
MSME104705,,66.1,,,66.1,B - Moderate,1/4,0
MSME104706,,34.6,,,34.6,D - High Risk,1/4,0
MSME104707,43.3,64.4,47.4,,50.5,C - Weak,3/4,0
MSME104708,,35.7,45.2,,40.9,C - Weak,2/4,0
MSME104709,81.6,84.1,61.9,,75.7,A - Strong,3/4,0
MSME104710,33.1,55.7,,39.6,42.1,C - Weak,3/4,0
MSME104711,90.8,94.2,,,92.2,A - Strong,2/4,0
MSME104712,,,,,,Unscoreable,0/4,0
MSME104713,86.6,,92.2,,89.2,A - Strong,2/4,0
MSME104714,,46.7,,,46.7,C - Weak,1/4,0
MSME104715,87.9,83.7,,,86.2,A - Strong,2/4,0
MSME104716,30.6,28.4,,,29.7,D - High Risk,2/4,0
MSME104717,73.8,68.1,79.4,,74.1,B - Moderate,3/4,0
MSME104718,,44.1,59.1,,52.3,C - Weak,2/4,0
MSME104719,51.6,73.9,,,60.9,B - Moderate,2/4,0
MSME104720,74.0,77.7,84.2,,78.4,A - Strong,3/4,0
MSME104721,,22.6,,,22.6,D - High Risk,1/4,0
MSME104722,,58.5,40.7,,48.8,C - Weak,2/4,0
MSME104723,,52.8,38.2,,44.8,C - Weak,2/4,0
MSME104724,30.3,,,,30.3,D - High Risk,1/4,1
MSME104725,31.6,32.6,,,32.0,D - High Risk,2/4,0
MSME104726,,,39.8,26.7,36.5,C - Weak,2/4,0
MSME104727,,,,,,Unscoreable,0/4,0
MSME104728,16.6,18.5,,,17.4,D - High Risk,2/4,0
MSME104729,82.6,87.1,,,84.5,A - Strong,2/4,0
MSME104730,48.3,47.6,61.5,,52.5,C - Weak,3/4,0
MSME104731,81.4,,81.5,,81.4,A - Strong,2/4,0
MSME104732,73.1,89.3,64.3,,74.7,B - Moderate,3/4,0
MSME104733,45.5,54.5,,,49.2,C - Weak,2/4,0
MSME104734,47.2,,66.4,,56.1,B - Moderate,2/4,0
MSME104735,84.2,,87.3,82.7,85.2,A - Strong,3/4,0
MSME104736,78.4,79.8,,,79.0,A - Strong,2/4,0
MSME104737,,64.3,48.4,64.5,57.0,B - Moderate,3/4,0
MSME104738,,24.3,18.5,,21.1,D - High Risk,2/4,0
MSME104739,,,41.3,41.3,41.3,C - Weak,2/4,1
MSME104740,65.4,61.1,59.0,,62.1,B - Moderate,3/4,0
MSME104741,60.9,37.1,67.7,,56.6,B - Moderate,3/4,0
MSME104742,52.4,48.4,63.8,66.8,56.3,B - Moderate,4/4,0
MSME104743,68.3,62.3,69.8,47.4,65.2,B - Moderate,4/4,0
MSME104744,53.4,45.7,47.4,52.8,49.6,C - Weak,4/4,0
MSME104745,75.9,80.7,83.2,,79.7,A - Strong,3/4,1
MSME104746,,64.2,,,64.2,B - Moderate,1/4,0
MSME104747,41.1,50.6,,,45.1,C - Weak,2/4,1
MSME104748,47.2,,43.5,,45.5,C - Weak,2/4,0
MSME104749,89.0,93.2,87.3,90.4,89.7,A - Strong,4/4,0
MSME104750,,56.5,,,56.5,B - Moderate,1/4,0
MSME104751,,36.7,,,36.7,C - Weak,1/4,0
MSME104752,,37.6,,50.7,41.3,C - Weak,2/4,0
MSME104753,30.4,42.0,,27.4,34.1,D - High Risk,3/4,0
MSME104754,,,67.6,,67.6,B - Moderate,1/4,0
MSME104755,,77.7,72.0,89.8,76.9,A - Strong,3/4,0
MSME104756,,49.9,43.7,,46.5,C - Weak,2/4,0
MSME104757,81.2,,,,81.2,A - Strong,1/4,0
MSME104758,,66.5,,,66.5,B - Moderate,1/4,0
MSME104759,60.6,84.4,,74.0,71.0,B - Moderate,3/4,0
MSME104760,,29.1,,,29.1,D - High Risk,1/4,0
MSME104761,50.4,69.7,,,58.4,B - Moderate,2/4,0
MSME104762,,89.1,75.9,92.9,83.6,A - Strong,3/4,0
MSME104763,34.4,35.2,,,34.7,D - High Risk,2/4,0
MSME104764,,44.2,37.6,,40.6,C - Weak,2/4,0
MSME104765,65.4,71.8,78.8,,71.6,B - Moderate,3/4,0
MSME104766,44.9,48.0,,,46.2,C - Weak,2/4,0
MSME104767,,,,,,Unscoreable,0/4,0
MSME104768,66.2,71.7,82.7,,73.2,B - Moderate,3/4,0
MSME104769,40.4,63.7,,52.0,50.4,C - Weak,3/4,1
MSME104770,66.0,,63.0,55.4,63.4,B - Moderate,3/4,0
MSME104771,81.8,86.7,,,83.8,A - Strong,2/4,0
MSME104772,31.5,,48.0,34.2,38.5,C - Weak,3/4,0
MSME104773,23.6,34.5,,,28.1,D - High Risk,2/4,0
MSME104774,60.5,58.8,,,59.8,B - Moderate,2/4,0
MSME104775,,33.3,16.6,,24.2,D - High Risk,2/4,0
MSME104776,47.0,56.7,,,51.0,C - Weak,2/4,0
MSME104777,,29.3,,,29.3,D - High Risk,1/4,0
MSME104778,28.9,48.4,,,37.0,C - Weak,2/4,1
MSME104779,,,35.9,58.5,41.5,C - Weak,2/4,1
MSME104780,,45.0,27.8,,35.6,C - Weak,2/4,0
MSME104781,,57.5,66.6,,62.5,B - Moderate,2/4,0
MSME104782,,52.7,,,52.7,C - Weak,1/4,0
MSME104783,,47.2,57.7,58.0,53.7,C - Weak,3/4,0
MSME104784,,,,,,Unscoreable,0/4,0
MSME104785,,68.8,68.0,,68.4,B - Moderate,2/4,0
MSME104786,,54.8,,,54.8,C - Weak,1/4,0
MSME104787,54.0,,67.2,,60.1,B - Moderate,2/4,0
MSME104788,,,,,,Unscoreable,0/4,0
MSME104789,,,,49.6,49.6,C - Weak,1/4,0
MSME104790,48.9,56.7,53.6,,52.6,C - Weak,3/4,0
MSME104791,,35.5,,,35.5,C - Weak,1/4,0
MSME104792,,21.3,,,21.3,D - High Risk,1/4,0
MSME104793,64.1,84.8,75.0,,73.5,B - Moderate,3/4,0
MSME104794,,42.2,32.6,,37.0,C - Weak,2/4,0
MSME104795,,62.5,,,62.5,B - Moderate,1/4,0
MSME104796,39.9,36.3,29.3,,35.4,C - Weak,3/4,0
MSME104797,,68.9,,,68.9,B - Moderate,1/4,0
MSME104798,51.4,67.7,,,58.2,B - Moderate,2/4,0
MSME104799,81.8,,86.8,,84.1,A - Strong,2/4,0
MSME104800,,56.3,57.5,,57.0,B - Moderate,2/4,0
MSME104801,58.8,81.5,,,68.3,B - Moderate,2/4,0
MSME104802,,25.2,25.5,,25.4,D - High Risk,2/4,0
MSME104803,69.3,70.5,,,69.8,B - Moderate,2/4,0
MSME104804,,30.8,,,30.8,D - High Risk,1/4,0
MSME104805,,81.6,,,81.6,A - Strong,1/4,0
MSME104806,,,,,,Unscoreable,0/4,0
MSME104807,68.9,80.9,82.1,,76.6,A - Strong,3/4,0
MSME104808,68.8,85.0,71.3,,74.1,B - Moderate,3/4,0
MSME104809,65.9,65.7,59.6,,63.7,B - Moderate,3/4,0
MSME104810,,,,,,Unscoreable,0/4,0
MSME104811,69.9,,69.0,75.8,70.3,B - Moderate,3/4,0
MSME104812,48.7,61.5,57.0,,55.0,B - Moderate,3/4,0
MSME104813,,64.9,58.0,64.7,61.7,B - Moderate,3/4,0
MSME104814,,52.2,,,52.2,C - Weak,1/4,0
MSME104815,,33.9,33.9,,33.9,D - High Risk,2/4,0
MSME104816,,22.5,14.1,,17.9,D - High Risk,2/4,1
MSME104817,27.4,32.6,,,29.6,D - High Risk,2/4,0
MSME104818,55.9,54.4,,,55.3,B - Moderate,2/4,0
MSME104819,,28.0,43.2,,36.3,C - Weak,2/4,1
MSME104820,72.6,76.4,72.2,69.3,73.1,B - Moderate,4/4,0
MSME104821,73.2,83.9,65.9,,73.7,B - Moderate,3/4,0
MSME104822,62.8,,64.9,59.6,63.2,B - Moderate,3/4,0
MSME104823,84.8,,67.4,,76.8,A - Strong,2/4,0
MSME104824,,56.3,,,56.3,B - Moderate,1/4,0
MSME104825,,49.1,,,49.1,C - Weak,1/4,0
MSME104826,,85.3,,,85.3,A - Strong,1/4,0
MSME104827,,50.1,,,50.1,C - Weak,1/4,0
MSME104828,72.5,61.1,52.9,,62.8,B - Moderate,3/4,0
MSME104829,,62.8,82.9,,73.8,B - Moderate,2/4,0
MSME104830,90.5,94.0,,,92.0,A - Strong,2/4,0
MSME104831,,27.6,,,27.6,D - High Risk,1/4,0
MSME104832,,,,63.9,63.9,B - Moderate,1/4,0
MSME104833,28.5,37.9,30.1,34.7,31.9,D - High Risk,4/4,1
MSME104834,,56.7,,,56.7,B - Moderate,1/4,1
MSME104835,78.7,87.9,,50.9,78.0,A - Strong,3/4,0
MSME104836,40.1,36.9,,,38.8,C - Weak,2/4,0
MSME104837,83.2,86.3,,85.9,84.7,A - Strong,3/4,0
MSME104838,83.1,84.4,,,83.6,A - Strong,2/4,0
MSME104839,,42.6,44.3,,43.5,C - Weak,2/4,0
MSME104840,,,,,,Unscoreable,0/4,0
MSME104841,,86.2,,,86.2,A - Strong,1/4,0
MSME104842,,62.1,27.8,55.6,45.3,C - Weak,3/4,0
MSME104843,30.8,31.8,,,31.2,D - High Risk,2/4,0
MSME104844,,48.4,,,48.4,C - Weak,1/4,1
MSME104845,81.0,90.3,91.5,,87.1,A - Strong,3/4,0
MSME104846,,40.3,,34.8,38.7,C - Weak,2/4,0
MSME104847,,67.2,50.8,58.7,58.3,B - Moderate,3/4,0
MSME104848,27.2,29.5,26.3,,27.5,D - High Risk,3/4,1
MSME104849,88.6,93.0,,,90.4,A - Strong,2/4,0
MSME104850,88.4,87.2,84.3,,86.7,A - Strong,3/4,0
MSME104851,83.7,92.7,81.7,,85.5,A - Strong,3/4,0
MSME104852,80.4,84.2,,,82.0,A - Strong,2/4,0
MSME104853,,51.0,,63.6,54.6,C - Weak,2/4,0
MSME104854,,75.7,,,75.7,A - Strong,1/4,0
MSME104855,55.4,70.0,51.8,33.5,55.8,B - Moderate,4/4,0
MSME104856,72.4,67.9,,79.1,71.8,B - Moderate,3/4,0
MSME104857,76.2,71.7,73.3,,74.0,B - Moderate,3/4,0
MSME104858,90.3,94.1,,,91.9,A - Strong,2/4,0
MSME104859,45.8,,,,45.8,C - Weak,1/4,1
MSME104860,45.6,65.0,,,53.7,C - Weak,2/4,0
MSME104861,48.6,,,,48.6,C - Weak,1/4,0
MSME104862,48.9,44.5,,,47.1,C - Weak,2/4,0
MSME104863,28.6,,,,28.6,D - High Risk,1/4,0
MSME104864,32.4,,,,32.4,D - High Risk,1/4,0
MSME104865,68.1,,,,68.1,B - Moderate,1/4,0
MSME104866,49.0,47.3,,,48.3,C - Weak,2/4,1
MSME104867,,63.5,22.1,,40.9,C - Weak,2/4,0
MSME104868,,48.8,,,48.8,C - Weak,1/4,0
MSME104869,,,64.5,,64.5,B - Moderate,1/4,0
MSME104870,,50.9,,,50.9,C - Weak,1/4,0
MSME104871,70.4,64.2,,,67.8,B - Moderate,2/4,0
MSME104872,36.8,,,,36.8,C - Weak,1/4,0
MSME104873,77.7,82.3,59.4,83.3,73.9,B - Moderate,4/4,0
MSME104874,,58.9,,,58.9,B - Moderate,1/4,0
MSME104875,,,,,,Unscoreable,0/4,0
MSME104876,54.7,70.0,,,61.1,B - Moderate,2/4,0
MSME104877,,,,,,Unscoreable,0/4,0
MSME104878,72.9,73.3,66.3,,70.8,B - Moderate,3/4,0
MSME104879,,85.2,,,85.2,A - Strong,1/4,0
MSME104880,62.0,47.5,,,56.0,B - Moderate,2/4,0
MSME104881,65.9,60.3,52.5,,59.9,B - Moderate,3/4,0
MSME104882,62.6,59.7,,,61.4,B - Moderate,2/4,0
MSME104883,49.6,56.1,59.2,,54.6,C - Weak,3/4,0
MSME104884,86.4,89.5,,,87.7,A - Strong,2/4,0
MSME104885,,,,,,Unscoreable,0/4,0
MSME104886,16.0,17.1,,,16.5,D - High Risk,2/4,1
MSME104887,,79.1,,62.5,74.4,B - Moderate,2/4,0
MSME104888,35.2,53.9,,,43.0,C - Weak,2/4,0
MSME104889,45.7,71.1,27.2,53.7,47.3,C - Weak,4/4,0
MSME104890,85.7,93.4,,,88.9,A - Strong,2/4,0
MSME104891,,63.6,68.7,,66.4,B - Moderate,2/4,0
MSME104892,,63.4,51.9,,57.1,B - Moderate,2/4,0
MSME104893,,70.4,63.5,,66.6,B - Moderate,2/4,0
MSME104894,87.0,89.0,,81.8,87.0,A - Strong,3/4,0
MSME104895,61.9,52.9,70.5,,62.3,B - Moderate,3/4,0
MSME104896,,,,,,Unscoreable,0/4,0
MSME104897,57.4,78.2,,,66.1,B - Moderate,2/4,0
MSME104898,72.6,,71.6,,72.1,B - Moderate,2/4,0
MSME104899,46.2,70.0,,,56.1,B - Moderate,2/4,0
MSME104900,,28.1,,,28.1,D - High Risk,1/4,0
MSME104901,,56.8,,,56.8,B - Moderate,1/4,0
MSME104902,51.1,57.1,62.4,,56.5,B - Moderate,3/4,0
MSME104903,69.6,,,,69.6,B - Moderate,1/4,0
MSME104904,59.6,,53.4,,56.7,B - Moderate,2/4,0
MSME104905,,86.4,73.6,,79.4,A - Strong,2/4,0
MSME104906,71.8,84.8,71.6,,75.3,A - Strong,3/4,0
MSME104907,,29.8,,,29.8,D - High Risk,1/4,0
MSME104908,,83.8,66.8,,74.5,B - Moderate,2/4,1
MSME104909,26.7,23.1,23.3,35.3,25.6,D - High Risk,4/4,1
MSME104910,59.1,36.7,,,49.8,C - Weak,2/4,0
MSME104911,26.3,31.0,,,28.3,D - High Risk,2/4,0
MSME104912,62.8,85.7,66.6,,70.4,B - Moderate,3/4,0
MSME104913,73.0,80.9,,,76.3,A - Strong,2/4,0
MSME104914,,,,,,Unscoreable,0/4,1
MSME104915,78.3,,,86.1,80.0,A - Strong,2/4,1
MSME104916,60.6,,81.1,,70.1,B - Moderate,2/4,0
MSME104917,46.4,,,,46.4,C - Weak,1/4,0
MSME104918,,,39.9,54.6,43.6,C - Weak,2/4,0
MSME104919,64.2,68.2,,,65.9,B - Moderate,2/4,0
MSME104920,,27.3,39.3,,33.8,D - High Risk,2/4,1
MSME104921,19.0,18.2,,,18.7,D - High Risk,2/4,1
MSME104922,40.5,41.3,28.3,,36.7,C - Weak,3/4,0
MSME104923,36.6,,39.5,28.3,36.7,C - Weak,3/4,1
MSME104924,,66.2,66.6,50.1,63.9,B - Moderate,3/4,0
MSME104925,,79.4,,,79.4,A - Strong,1/4,0
MSME104926,,31.5,40.7,,36.5,C - Weak,2/4,0
MSME104927,,24.6,37.5,,31.6,D - High Risk,2/4,0
MSME104928,66.6,50.7,,,60.0,B - Moderate,2/4,1
MSME104929,,,,,,Unscoreable,0/4,0
MSME104930,79.4,85.2,71.1,,78.2,A - Strong,3/4,0
MSME104931,43.5,,,35.4,41.7,C - Weak,2/4,1
MSME104932,62.4,70.8,,63.6,65.6,B - Moderate,3/4,0
MSME104933,,80.8,,,80.8,A - Strong,1/4,0
MSME104934,70.3,,75.9,,72.9,B - Moderate,2/4,0
MSME104935,65.7,88.8,,,75.3,A - Strong,2/4,0
MSME104936,83.7,69.5,74.2,,76.6,A - Strong,3/4,0
MSME104937,80.3,84.0,,,81.8,A - Strong,2/4,0
MSME104938,37.0,72.8,64.2,,56.0,B - Moderate,3/4,0
MSME104939,,23.7,14.8,,18.8,D - High Risk,2/4,1
MSME104940,34.4,65.6,,36.2,45.8,C - Weak,3/4,0
MSME104941,,42.2,53.7,45.9,48.1,C - Weak,3/4,0
MSME104942,83.3,80.9,90.8,,85.1,A - Strong,3/4,0
MSME104943,32.6,45.2,26.8,,34.2,D - High Risk,3/4,1
MSME104944,25.1,44.4,45.2,,37.2,C - Weak,3/4,0
MSME104945,35.9,39.2,22.0,,32.2,D - High Risk,3/4,1
MSME104946,31.1,48.1,26.9,,34.4,D - High Risk,3/4,0
MSME104947,61.2,,,,61.2,B - Moderate,1/4,0
MSME104948,,46.0,,,46.0,C - Weak,1/4,1
MSME104949,41.0,31.4,18.3,,30.8,D - High Risk,3/4,1
MSME104950,77.2,73.3,,,75.6,A - Strong,2/4,0
MSME104951,34.6,65.7,28.6,46.9,41.8,C - Weak,4/4,0
MSME104952,50.2,52.4,,,51.1,C - Weak,2/4,1
MSME104953,57.7,80.3,63.6,66.0,66.0,B - Moderate,4/4,0
MSME104954,79.0,71.7,80.0,,77.3,A - Strong,3/4,0
MSME104955,48.4,41.8,,,45.6,C - Weak,2/4,0
MSME104956,55.7,,75.7,,64.9,B - Moderate,2/4,0
MSME104957,,48.4,49.3,,48.9,C - Weak,2/4,0
MSME104958,82.8,88.4,,,85.1,A - Strong,2/4,0
MSME104959,44.1,72.1,61.5,,57.7,B - Moderate,3/4,0
MSME104960,,29.7,,,29.7,D - High Risk,1/4,1
MSME104961,,23.5,,17.5,21.8,D - High Risk,2/4,1
MSME104962,,32.7,,,32.7,D - High Risk,1/4,0
MSME104963,,41.0,56.6,,49.5,C - Weak,2/4,0
MSME104964,,46.8,,,46.8,C - Weak,1/4,0
MSME104965,,80.5,74.6,,77.3,A - Strong,2/4,0
MSME104966,81.4,90.9,,,85.4,A - Strong,2/4,0
MSME104967,48.7,65.2,62.6,,57.9,B - Moderate,3/4,0
MSME104968,64.3,70.3,,,66.8,B - Moderate,2/4,0
MSME104969,,78.3,85.8,69.0,80.3,A - Strong,3/4,0
MSME104970,,35.7,,,35.7,C - Weak,1/4,0
MSME104971,38.8,49.2,44.2,,43.5,C - Weak,3/4,0
MSME104972,39.0,71.3,,,52.5,C - Weak,2/4,1
MSME104973,62.0,66.9,70.3,58.2,65.3,B - Moderate,4/4,0
MSME104974,,81.5,,86.5,82.9,A - Strong,2/4,0
MSME104975,32.2,25.7,,,29.5,D - High Risk,2/4,1
MSME104976,75.4,89.8,,,81.4,A - Strong,2/4,0
MSME104977,83.4,90.9,,,86.5,A - Strong,2/4,0
MSME104978,,,,,,Unscoreable,0/4,0
MSME104979,75.6,66.9,63.7,60.2,68.3,B - Moderate,4/4,0
MSME104980,,,,,,Unscoreable,0/4,0
MSME104981,27.6,33.7,,,30.1,D - High Risk,2/4,0
MSME104982,,39.9,52.8,,46.9,C - Weak,2/4,0
MSME104983,69.0,78.3,,,72.9,B - Moderate,2/4,0
MSME104984,32.9,24.8,27.2,,28.8,D - High Risk,3/4,0
MSME104985,,28.9,26.8,,27.8,D - High Risk,2/4,0
MSME104986,,50.8,58.1,56.2,55.0,B - Moderate,3/4,0
MSME104987,89.4,87.6,88.6,,88.6,A - Strong,3/4,0
MSME104988,71.4,81.3,64.9,,72.0,B - Moderate,3/4,0
MSME104989,,,,47.8,47.8,C - Weak,1/4,0
MSME104990,22.5,,17.6,,20.2,D - High Risk,2/4,1
MSME104991,21.4,,,,21.4,D - High Risk,1/4,0
MSME104992,66.8,74.1,72.7,,70.8,B - Moderate,3/4,0
MSME104993,,25.3,,,25.3,D - High Risk,1/4,1
MSME104994,,78.0,66.4,,71.7,B - Moderate,2/4,0
MSME104995,72.9,86.1,,78.4,78.4,A - Strong,3/4,0
MSME104996,,38.9,52.3,,46.2,C - Weak,2/4,0
MSME104997,,22.6,,,22.6,D - High Risk,1/4,1
MSME104998,,69.7,64.3,,66.8,B - Moderate,2/4,0
MSME104999,,41.8,,61.7,47.5,C - Weak,2/4,0
MSME105000,20.9,22.3,,,21.5,D - High Risk,2/4,0
MSME105001,,,,,,Unscoreable,0/4,0
MSME105002,39.6,,38.9,,39.3,C - Weak,2/4,0
MSME105003,79.7,78.5,73.6,,77.3,A - Strong,3/4,0
MSME105004,64.0,71.4,,45.5,64.0,B - Moderate,3/4,0
MSME105005,,42.4,55.8,,49.7,C - Weak,2/4,0
MSME105006,73.5,,74.4,,73.9,B - Moderate,2/4,0
MSME105007,71.3,,64.4,,68.1,B - Moderate,2/4,0
MSME105008,72.9,,,,72.9,B - Moderate,1/4,0
MSME105009,,23.7,,,23.7,D - High Risk,1/4,1
MSME105010,,68.0,,69.8,68.5,B - Moderate,2/4,0
MSME105011,32.7,36.9,30.0,,33.0,D - High Risk,3/4,1
MSME105012,,54.1,,,54.1,C - Weak,1/4,0
MSME105013,71.4,,56.4,75.9,66.0,B - Moderate,3/4,0
MSME105014,24.2,31.7,27.7,,27.4,D - High Risk,3/4,0
MSME105015,30.0,45.8,17.3,,30.2,D - High Risk,3/4,0
MSME105016,27.5,27.1,,,27.3,D - High Risk,2/4,0
MSME105017,60.7,,71.5,,65.7,B - Moderate,2/4,0
MSME105018,,53.1,56.9,55.8,55.3,B - Moderate,3/4,0
MSME105019,70.7,66.9,66.9,,68.4,B - Moderate,3/4,0
MSME105020,,69.2,72.3,,70.9,B - Moderate,2/4,0
MSME105021,81.4,83.7,71.9,72.3,78.2,A - Strong,4/4,0
MSME105022,77.7,,89.7,,83.2,A - Strong,2/4,0
MSME105023,77.9,81.9,79.0,,79.4,A - Strong,3/4,0
MSME105024,28.8,,,,28.8,D - High Risk,1/4,0
MSME105025,36.3,49.2,37.7,,40.4,C - Weak,3/4,0
MSME105026,39.9,,44.7,,42.1,C - Weak,2/4,0
MSME105027,27.3,28.9,,,28.0,D - High Risk,2/4,0
MSME105028,40.6,,56.4,,47.9,C - Weak,2/4,0
MSME105029,,63.0,64.0,,63.5,B - Moderate,2/4,0
MSME105030,,62.5,66.8,74.3,66.3,B - Moderate,3/4,0
MSME105031,,46.6,76.8,50.0,61.1,B - Moderate,3/4,0
MSME105032,52.2,,,,52.2,C - Weak,1/4,1
MSME105033,,60.1,36.2,,47.1,C - Weak,2/4,0
MSME105034,,33.1,,,33.1,D - High Risk,1/4,0
MSME105035,51.0,,60.2,,55.2,B - Moderate,2/4,0
MSME105036,40.8,,,,40.8,C - Weak,1/4,0
MSME105037,,57.0,56.0,,56.5,B - Moderate,2/4,1
MSME105038,,45.2,31.6,,37.8,C - Weak,2/4,1
MSME105039,46.3,,,30.8,42.9,C - Weak,2/4,0
MSME105040,76.8,80.8,57.3,53.3,69.6,B - Moderate,4/4,0
MSME105041,,,,,,Unscoreable,0/4,0
MSME105042,,68.3,,,68.3,B - Moderate,1/4,0
MSME105043,70.2,74.4,53.7,,65.9,B - Moderate,3/4,0
MSME105044,88.7,85.0,,,87.2,A - Strong,2/4,0
MSME105045,85.5,82.0,74.5,78.7,80.6,A - Strong,4/4,0
MSME105046,,37.6,,,37.6,C - Weak,1/4,0
MSME105047,,26.1,25.5,,25.8,D - High Risk,2/4,0
MSME105048,74.7,82.0,65.2,,73.6,B - Moderate,3/4,0
MSME105049,78.6,,78.1,82.3,78.9,A - Strong,3/4,0
MSME105050,88.6,94.2,,,90.9,A - Strong,2/4,0
MSME105051,60.2,46.0,,,54.3,C - Weak,2/4,1
MSME105052,72.3,78.6,,,74.9,B - Moderate,2/4,0
MSME105053,46.6,52.7,,,49.1,C - Weak,2/4,0
MSME105054,78.7,69.2,65.5,,71.7,B - Moderate,3/4,0
MSME105055,,39.3,,,39.3,C - Weak,1/4,0
MSME105056,84.5,83.1,70.3,,79.4,A - Strong,3/4,0
MSME105057,,74.6,45.6,,58.8,B - Moderate,2/4,0
MSME105058,34.9,20.7,,,29.0,D - High Risk,2/4,0
MSME105059,,42.8,46.2,,44.7,C - Weak,2/4,0
MSME105060,71.6,74.4,82.0,,75.8,A - Strong,3/4,0
MSME105061,65.3,,60.3,63.2,63.0,B - Moderate,3/4,0
MSME105062,83.4,86.5,87.3,,85.6,A - Strong,3/4,0
MSME105063,,69.8,,,69.8,B - Moderate,1/4,0
MSME105064,36.3,40.4,30.1,32.7,35.1,C - Weak,4/4,0
MSME105065,,,60.0,,60.0,B - Moderate,1/4,0
MSME105066,67.7,70.8,,68.0,68.8,B - Moderate,3/4,0
MSME105067,,22.8,31.5,,27.5,D - High Risk,2/4,0
MSME105068,60.9,82.5,54.8,,64.9,B - Moderate,3/4,0
MSME105069,81.3,92.2,,,85.8,A - Strong,2/4,0
MSME105070,88.1,91.3,92.0,,90.3,A - Strong,3/4,0
MSME105071,60.3,66.0,,,62.7,B - Moderate,2/4,0
MSME105072,,58.7,81.5,,71.1,B - Moderate,2/4,0
MSME105073,43.7,45.7,,,44.5,C - Weak,2/4,0
MSME105074,,41.3,70.2,74.1,59.7,B - Moderate,3/4,0
MSME105075,89.7,94.1,84.2,,89.1,A - Strong,3/4,0
MSME105076,38.7,50.7,,,43.7,C - Weak,2/4,0
MSME105077,88.7,87.9,84.7,,87.1,A - Strong,3/4,0
MSME105078,,44.8,,,44.8,C - Weak,1/4,0
MSME105079,58.6,89.5,69.1,62.4,69.9,B - Moderate,4/4,0
MSME105080,60.6,74.6,,,66.4,B - Moderate,2/4,0
MSME105081,23.4,38.4,23.2,,27.5,D - High Risk,3/4,0
MSME105082,,61.3,61.6,,61.5,B - Moderate,2/4,0
MSME105083,,23.3,28.3,32.6,27.0,D - High Risk,3/4,0
MSME105084,61.2,55.9,,,59.0,B - Moderate,2/4,0
MSME105085,54.7,68.2,,,60.3,B - Moderate,2/4,0
MSME105086,83.4,92.6,89.8,,88.1,A - Strong,3/4,0
MSME105087,57.5,61.1,,,59.0,B - Moderate,2/4,0
MSME105088,74.1,68.6,,70.9,71.7,B - Moderate,3/4,0
MSME105089,,61.6,,74.5,65.3,B - Moderate,2/4,0
MSME105090,,31.4,,,31.4,D - High Risk,1/4,0
MSME105091,71.4,72.4,80.7,,74.8,B - Moderate,3/4,0
MSME105092,,61.1,,,61.1,B - Moderate,1/4,0
MSME105093,37.5,61.2,52.0,,48.9,C - Weak,3/4,0
MSME105094,81.5,83.7,73.2,69.5,78.4,A - Strong,4/4,0
MSME105095,,32.6,38.9,,36.0,C - Weak,2/4,0
MSME105096,39.4,35.6,,,37.8,C - Weak,2/4,0
MSME105097,37.2,,30.9,,34.3,D - High Risk,2/4,0
MSME105098,55.8,74.2,41.1,49.0,55.3,B - Moderate,4/4,0
MSME105099,81.1,81.5,76.0,,79.5,A - Strong,3/4,0
MSME105100,,27.1,,,27.1,D - High Risk,1/4,0
MSME105101,,24.3,,,24.3,D - High Risk,1/4,1
MSME105102,40.1,47.7,,,43.3,C - Weak,2/4,1
MSME105103,,38.7,34.1,,36.2,C - Weak,2/4,0
MSME105104,31.8,35.1,30.6,,32.3,D - High Risk,3/4,0
MSME105105,,87.0,69.4,,77.4,A - Strong,2/4,0
MSME105106,58.9,47.7,74.7,70.7,62.0,B - Moderate,4/4,0
MSME105107,49.2,44.0,,,47.0,C - Weak,2/4,0
MSME105108,,31.8,,,31.8,D - High Risk,1/4,0
MSME105109,75.6,,,66.2,73.5,B - Moderate,2/4,0
MSME105110,61.5,67.7,,,64.1,B - Moderate,2/4,0
MSME105111,19.7,18.6,,18.2,19.1,D - High Risk,3/4,1
MSME105112,,50.3,46.5,,48.2,C - Weak,2/4,0
MSME105113,87.9,84.0,81.0,,84.5,A - Strong,3/4,0
MSME105114,69.7,69.7,73.4,47.4,68.6,B - Moderate,4/4,0
MSME105115,,,,68.0,68.0,B - Moderate,1/4,0
MSME105116,35.1,39.5,,25.6,35.3,C - Weak,3/4,1
MSME105117,,44.2,52.5,,48.7,C - Weak,2/4,0
MSME105118,48.5,57.5,55.1,,53.2,C - Weak,3/4,0
MSME105119,,77.4,71.3,,74.1,B - Moderate,2/4,0
MSME105120,22.3,52.9,,21.7,33.1,D - High Risk,3/4,0
MSME105121,25.9,35.4,,,29.9,D - High Risk,2/4,0
MSME105122,79.5,79.7,,,79.6,A - Strong,2/4,0
MSME105123,,37.5,,,37.5,C - Weak,1/4,0
MSME105124,53.1,51.1,,,52.3,C - Weak,2/4,0
MSME105125,60.3,65.5,68.6,,64.5,B - Moderate,3/4,0
MSME105126,,55.3,52.1,,53.6,C - Weak,2/4,0
MSME105127,22.0,27.8,,,24.4,D - High Risk,2/4,1
MSME105128,55.1,62.5,60.4,,58.9,B - Moderate,3/4,0
MSME105129,,,34.4,,34.4,D - High Risk,1/4,1
MSME105130,,54.7,,,54.7,C - Weak,1/4,1
MSME105131,37.5,34.8,,33.3,35.9,C - Weak,3/4,0
MSME105132,77.2,73.5,,,75.7,A - Strong,2/4,0
MSME105133,,72.3,,75.8,73.3,B - Moderate,2/4,0
MSME105134,61.5,,65.1,73.2,64.5,B - Moderate,3/4,0
MSME105135,78.2,82.4,59.9,,73.3,B - Moderate,3/4,0
MSME105136,,35.5,35.2,,35.3,C - Weak,2/4,0
MSME105137,19.8,26.2,,,22.5,D - High Risk,2/4,1
MSME105138,81.9,92.2,91.5,,88.0,A - Strong,3/4,0
MSME105139,65.3,,,,65.3,B - Moderate,1/4,0
MSME105140,51.5,52.3,52.5,75.7,54.4,C - Weak,4/4,0
MSME105141,84.3,78.1,,,81.7,A - Strong,2/4,0
MSME105142,77.1,76.5,79.8,,77.8,A - Strong,3/4,0
MSME105143,79.7,,78.9,73.4,78.5,A - Strong,3/4,0
MSME105144,65.5,61.6,,,63.9,B - Moderate,2/4,0
MSME105145,24.2,,21.2,27.8,23.5,D - High Risk,3/4,0
MSME105146,77.6,,86.0,,81.5,A - Strong,2/4,0
MSME105147,68.4,61.0,73.9,,68.2,B - Moderate,3/4,0
MSME105148,49.0,56.0,,,51.9,C - Weak,2/4,0
MSME105149,,61.5,59.7,,60.5,B - Moderate,2/4,0
MSME105150,69.6,77.3,,,72.8,B - Moderate,2/4,0
MSME105151,,64.6,,,64.6,B - Moderate,1/4,1
MSME105152,63.8,,,58.7,62.7,B - Moderate,2/4,0
MSME105153,79.8,87.0,65.1,,76.9,A - Strong,3/4,0
MSME105154,,63.7,,,63.7,B - Moderate,1/4,0
MSME105155,,,,,,Unscoreable,0/4,0
MSME105156,53.0,50.7,48.1,57.7,51.4,C - Weak,4/4,0
MSME105157,68.7,68.5,,,68.6,B - Moderate,2/4,0
MSME105158,36.6,,,,36.6,C - Weak,1/4,0
MSME105159,23.9,,,,23.9,D - High Risk,1/4,0
MSME105160,66.0,,,67.9,66.4,B - Moderate,2/4,0
MSME105161,74.7,,,72.6,74.2,B - Moderate,2/4,0
MSME105162,,63.8,,,63.8,B - Moderate,1/4,0
MSME105163,62.7,55.4,67.4,,62.2,B - Moderate,3/4,0
MSME105164,,28.5,,,28.5,D - High Risk,1/4,0
MSME105165,78.9,85.3,61.7,72.2,74.7,B - Moderate,4/4,0
MSME105166,39.0,50.6,,48.0,44.4,C - Weak,3/4,0
MSME105167,,65.5,39.5,,51.3,C - Weak,2/4,0
MSME105168,,32.3,,,32.3,D - High Risk,1/4,0
MSME105169,71.6,,65.8,,68.9,B - Moderate,2/4,0
MSME105170,62.5,,,,62.5,B - Moderate,1/4,0
MSME105171,,63.5,,,63.5,B - Moderate,1/4,1
MSME105172,,28.4,,,28.4,D - High Risk,1/4,0
MSME105173,66.1,46.1,60.4,90.1,61.8,B - Moderate,4/4,0
MSME105174,84.1,84.7,71.8,,80.2,A - Strong,3/4,0
MSME105175,18.5,16.9,,,17.8,D - High Risk,2/4,1
MSME105176,81.3,90.5,,,85.1,A - Strong,2/4,0
MSME105177,,36.3,,,36.3,C - Weak,1/4,1
MSME105178,36.1,40.3,,,37.9,C - Weak,2/4,0
MSME105179,75.4,76.0,,41.2,70.7,B - Moderate,3/4,0
MSME105180,74.5,72.9,,,73.8,B - Moderate,2/4,0
MSME105181,,65.2,55.4,,59.9,B - Moderate,2/4,0
MSME105182,,40.8,,,40.8,C - Weak,1/4,0
MSME105183,,65.5,61.0,74.3,64.8,B - Moderate,3/4,0
MSME105184,,65.2,58.9,,61.8,B - Moderate,2/4,0
MSME105185,79.4,77.1,87.0,89.0,82.1,A - Strong,4/4,0
MSME105186,36.6,,,,36.6,C - Weak,1/4,1
MSME105187,62.5,,68.3,61.2,64.6,B - Moderate,3/4,0
MSME105188,80.1,80.7,71.2,,77.3,A - Strong,3/4,0
MSME105189,87.2,88.9,83.0,,86.3,A - Strong,3/4,0
MSME105190,69.1,,,,69.1,B - Moderate,1/4,0
MSME105191,46.0,61.8,69.3,64.2,58.8,B - Moderate,4/4,0
MSME105192,43.3,47.7,59.7,,50.0,C - Weak,3/4,0
MSME105193,,31.8,,,31.8,D - High Risk,1/4,1
MSME105194,58.8,,,,58.8,B - Moderate,1/4,0
MSME105195,,65.6,71.9,71.0,69.3,B - Moderate,3/4,0
MSME105196,79.0,87.9,,,82.7,A - Strong,2/4,0
MSME105197,32.1,52.3,29.1,,36.7,C - Weak,3/4,1
MSME105198,81.8,84.9,,68.2,81.0,A - Strong,3/4,0
MSME105199,35.5,35.1,,,35.3,C - Weak,2/4,0
MSME105200,68.7,,68.3,,68.5,B - Moderate,2/4,0
MSME105201,,28.6,32.9,,30.9,D - High Risk,2/4,0
MSME105202,,60.8,77.8,,70.1,B - Moderate,2/4,0
MSME105203,39.1,39.4,25.5,,34.7,D - High Risk,3/4,0
MSME105204,47.6,64.0,73.4,,60.8,B - Moderate,3/4,0
MSME105205,35.4,,,,35.4,C - Weak,1/4,0
MSME105206,66.2,54.2,,,61.2,B - Moderate,2/4,0
MSME105207,,78.1,,93.1,82.4,A - Strong,2/4,0
MSME105208,,68.2,60.9,,64.2,B - Moderate,2/4,0
MSME105209,,24.8,,,24.8,D - High Risk,1/4,0
MSME105210,31.6,28.6,,18.2,28.6,D - High Risk,3/4,1
MSME105211,,49.5,,,49.5,C - Weak,1/4,0
MSME105212,90.1,90.6,88.3,,89.6,A - Strong,3/4,0
MSME105213,,28.0,19.1,25.3,23.5,D - High Risk,3/4,1
MSME105214,49.6,,67.7,,58.0,B - Moderate,2/4,0
MSME105215,,,40.0,,40.0,C - Weak,1/4,0
MSME105216,,24.7,,,24.7,D - High Risk,1/4,1
MSME105217,,25.2,,,25.2,D - High Risk,1/4,0
MSME105218,69.5,82.8,,,75.0,A - Strong,2/4,0
MSME105219,73.3,83.4,55.2,,70.1,B - Moderate,3/4,0
MSME105220,36.4,23.6,,,31.1,D - High Risk,2/4,0
MSME105221,42.6,36.8,,,40.2,C - Weak,2/4,1
MSME105222,28.5,20.6,30.4,,26.9,D - High Risk,3/4,1
MSME105223,60.2,58.1,38.0,,52.2,C - Weak,3/4,1
MSME105224,,25.9,,,25.9,D - High Risk,1/4,1
MSME105225,39.8,30.2,30.2,,33.9,D - High Risk,3/4,0
MSME105226,,65.2,,,65.2,B - Moderate,1/4,0
MSME105227,,59.1,50.0,,54.1,C - Weak,2/4,0
MSME105228,61.9,49.0,54.6,,55.9,B - Moderate,3/4,0
MSME105229,41.3,44.9,36.6,,40.7,C - Weak,3/4,0
MSME105230,69.7,75.8,63.4,,69.3,B - Moderate,3/4,0
MSME105231,,,65.7,49.0,61.5,B - Moderate,2/4,0
MSME105232,,50.1,,,50.1,C - Weak,1/4,0
MSME105233,,60.0,61.0,,60.5,B - Moderate,2/4,0
MSME105234,72.2,81.6,77.7,79.2,76.9,A - Strong,4/4,0
MSME105235,25.2,44.1,24.1,,30.1,D - High Risk,3/4,1
MSME105236,,24.8,,,24.8,D - High Risk,1/4,0
MSME105237,23.8,25.0,,,24.3,D - High Risk,2/4,0
MSME105238,78.7,85.9,,,81.7,A - Strong,2/4,0
MSME105239,,37.2,72.9,73.6,59.3,B - Moderate,3/4,0
MSME105240,,76.4,82.7,,79.8,A - Strong,2/4,0
MSME105241,,59.9,62.1,71.1,62.6,B - Moderate,3/4,0
MSME105242,,68.3,,,68.3,B - Moderate,1/4,0
MSME105243,,53.8,,,53.8,C - Weak,1/4,1
MSME105244,42.7,38.4,,19.1,37.8,C - Weak,3/4,1
MSME105245,58.0,55.2,,55.7,56.7,B - Moderate,3/4,0
MSME105246,,68.5,68.6,72.0,69.1,B - Moderate,3/4,0
MSME105247,,20.1,16.0,,17.9,D - High Risk,2/4,1
MSME105248,22.2,30.2,,,25.5,D - High Risk,2/4,0
MSME105249,77.7,,82.5,92.7,81.6,A - Strong,3/4,0
MSME105250,,,,,,Unscoreable,0/4,0
MSME105251,22.8,29.2,,,25.5,D - High Risk,2/4,0
MSME105252,,21.8,21.5,,21.6,D - High Risk,2/4,0
MSME105253,48.5,,55.3,72.4,54.4,C - Weak,3/4,0
MSME105254,84.8,,,90.4,86.0,A - Strong,2/4,0
MSME105255,36.2,51.5,18.9,56.6,36.9,C - Weak,4/4,0
MSME105256,49.5,46.5,,,48.2,C - Weak,2/4,0
MSME105257,40.3,43.3,37.0,49.3,41.0,C - Weak,4/4,0
MSME105258,80.4,90.7,86.1,,85.2,A - Strong,3/4,0
MSME105259,65.5,67.0,,,66.1,B - Moderate,2/4,0
MSME105260,30.6,35.0,,40.2,33.5,D - High Risk,3/4,0
MSME105261,31.7,35.2,,,33.2,D - High Risk,2/4,0
MSME105262,28.1,,,,28.1,D - High Risk,1/4,0
MSME105263,,57.3,,74.0,62.1,B - Moderate,2/4,0
MSME105264,,31.4,25.2,,28.0,D - High Risk,2/4,0
MSME105265,81.6,90.1,63.2,,77.8,A - Strong,3/4,0
MSME105266,81.5,91.0,84.5,,85.1,A - Strong,3/4,0
MSME105267,72.2,68.0,,,70.5,B - Moderate,2/4,0
MSME105268,84.2,90.7,,,86.9,A - Strong,2/4,0
MSME105269,76.2,69.4,,,73.4,B - Moderate,2/4,0
MSME105270,38.7,,,34.8,37.8,C - Weak,2/4,1
MSME105271,76.5,68.0,,,73.0,B - Moderate,2/4,0
MSME105272,68.8,76.1,81.8,,75.2,A - Strong,3/4,0
MSME105273,,73.1,69.3,72.7,71.3,B - Moderate,3/4,0
MSME105274,,23.4,,,23.4,D - High Risk,1/4,1
MSME105275,38.5,52.8,,36.5,43.3,C - Weak,3/4,0
MSME105276,,74.5,,,74.5,B - Moderate,1/4,0
MSME105277,71.0,,,85.7,74.3,B - Moderate,2/4,0
MSME105278,32.2,43.9,,,37.1,C - Weak,2/4,0
MSME105279,86.1,75.0,76.4,87.8,80.6,A - Strong,4/4,0
MSME105280,65.5,,75.0,55.3,67.9,B - Moderate,3/4,0
MSME105281,,33.0,,,33.0,D - High Risk,1/4,0
MSME105282,90.2,91.6,92.4,91.2,91.3,A - Strong,4/4,0
MSME105283,,63.5,,,63.5,B - Moderate,1/4,0
MSME105284,,83.0,,,83.0,A - Strong,1/4,0
MSME105285,,83.7,,,83.7,A - Strong,1/4,0
MSME105286,62.1,82.7,,,70.7,B - Moderate,2/4,0
MSME105287,67.3,65.9,67.1,,66.8,B - Moderate,3/4,0
MSME105288,,,,,,Unscoreable,0/4,0
MSME105289,,31.9,27.2,52.2,32.9,D - High Risk,3/4,0
MSME105290,47.0,50.7,,,48.5,C - Weak,2/4,0
MSME105291,57.2,50.6,,,54.5,C - Weak,2/4,0
MSME105292,35.4,72.7,59.8,39.6,52.5,C - Weak,4/4,0
MSME105293,70.5,66.0,46.3,63.8,61.4,B - Moderate,4/4,0
MSME105294,63.5,,,60.4,62.8,B - Moderate,2/4,1
MSME105295,,,,,,Unscoreable,0/4,0
MSME105296,,85.2,87.0,90.3,86.8,A - Strong,3/4,0
MSME105297,85.2,85.2,72.8,,81.1,A - Strong,3/4,0
MSME105298,,25.5,22.6,,23.9,D - High Risk,2/4,0
MSME105299,61.6,83.3,78.9,,73.4,B - Moderate,3/4,0
MSME105300,61.1,57.4,,,59.6,B - Moderate,2/4,0
MSME105301,47.0,67.9,,,55.7,B - Moderate,2/4,0
MSME105302,67.9,88.2,79.3,,77.3,A - Strong,3/4,0
MSME105303,36.7,34.0,25.7,,32.3,D - High Risk,3/4,0
MSME105304,,46.9,59.5,51.3,53.4,C - Weak,3/4,0
MSME105305,,25.0,33.8,34.0,30.4,D - High Risk,3/4,0
MSME105306,78.1,77.0,79.2,,78.2,A - Strong,3/4,0
MSME105307,73.0,84.3,68.7,,74.7,B - Moderate,3/4,0
MSME105308,74.0,75.6,,,74.7,B - Moderate,2/4,0
MSME105309,26.4,27.0,23.1,,25.5,D - High Risk,3/4,1
MSME105310,72.4,76.1,68.4,,72.1,B - Moderate,3/4,0
MSME105311,82.5,81.7,76.5,65.4,78.8,A - Strong,4/4,0
MSME105312,,25.1,,,25.1,D - High Risk,1/4,0
MSME105313,,,70.0,65.4,68.8,B - Moderate,2/4,0
MSME105314,49.0,,,,49.0,C - Weak,1/4,0
MSME105315,,62.5,45.7,,53.3,C - Weak,2/4,0
MSME105316,42.9,48.0,34.8,,41.6,C - Weak,3/4,0
MSME105317,,54.6,68.8,,62.3,B - Moderate,2/4,0
MSME105318,,19.4,,,19.4,D - High Risk,1/4,1
MSME105319,,42.6,,,42.6,C - Weak,1/4,0
MSME105320,56.2,64.5,,,59.7,B - Moderate,2/4,0
MSME105321,41.7,,35.8,24.4,37.0,C - Weak,3/4,0
MSME105322,,,55.9,,55.9,B - Moderate,1/4,0
MSME105323,,73.7,84.1,,79.4,A - Strong,2/4,0
MSME105324,49.9,42.5,,,46.8,C - Weak,2/4,1
MSME105325,,24.0,,,24.0,D - High Risk,1/4,1
MSME105326,83.8,88.6,84.9,,85.5,A - Strong,3/4,0
MSME105327,,,,,,Unscoreable,0/4,0
MSME105328,25.8,44.4,,,33.5,D - High Risk,2/4,0
MSME105329,,65.5,,,65.5,B - Moderate,1/4,1
MSME105330,45.7,45.1,33.7,,41.5,C - Weak,3/4,0
MSME105331,,27.5,21.3,18.4,23.2,D - High Risk,3/4,1
MSME105332,,88.3,66.1,,76.2,A - Strong,2/4,0
MSME105333,,77.6,,,77.6,A - Strong,1/4,0
MSME105334,54.9,40.7,,,49.0,C - Weak,2/4,1
MSME105335,67.9,,57.5,62.2,63.0,B - Moderate,3/4,1
MSME105336,83.0,90.3,86.0,83.8,85.8,A - Strong,4/4,0
MSME105337,56.6,59.3,76.7,,64.1,B - Moderate,3/4,0
MSME105338,71.9,44.6,72.5,63.0,64.4,B - Moderate,4/4,0
MSME105339,,70.2,,,70.2,B - Moderate,1/4,0
MSME105340,73.9,80.0,,,76.4,A - Strong,2/4,0
MSME105341,,,,,,Unscoreable,0/4,0
MSME105342,72.1,75.7,,68.0,72.8,B - Moderate,3/4,0
MSME105343,,88.7,88.8,,88.8,A - Strong,2/4,0
MSME105344,24.1,24.5,24.3,18.4,23.7,D - High Risk,4/4,0
MSME105345,40.8,30.3,57.9,,43.6,C - Weak,3/4,0
MSME105346,,58.1,,77.1,63.5,B - Moderate,2/4,0
MSME105347,43.5,70.3,53.1,,54.1,C - Weak,3/4,0
MSME105348,,26.2,,36.1,29.0,D - High Risk,2/4,0
MSME105349,,23.4,35.5,,30.0,D - High Risk,2/4,0
MSME105350,57.4,,,,57.4,B - Moderate,1/4,0
MSME105351,,,67.4,72.8,68.8,B - Moderate,2/4,0
MSME105352,91.2,89.2,92.3,,91.0,A - Strong,3/4,0
MSME105353,76.9,77.4,,,77.1,A - Strong,2/4,0
MSME105354,27.7,42.1,,,33.7,D - High Risk,2/4,0
MSME105355,82.0,78.2,,,80.4,A - Strong,2/4,0
MSME105356,44.7,76.5,65.0,,60.3,B - Moderate,3/4,0
MSME105357,60.3,48.9,65.0,,58.7,B - Moderate,3/4,0
MSME105358,,25.4,30.3,,28.1,D - High Risk,2/4,0
MSME105359,77.1,87.7,89.3,84.4,84.1,A - Strong,4/4,0
MSME105360,36.7,28.3,,40.6,34.3,D - High Risk,3/4,0
MSME105361,,87.9,82.0,,84.7,A - Strong,2/4,0
MSME105362,,63.9,50.8,47.4,55.3,B - Moderate,3/4,0
MSME105363,86.4,92.6,88.1,90.7,88.9,A - Strong,4/4,0
MSME105364,,31.1,,,31.1,D - High Risk,1/4,0
MSME105365,67.4,69.9,,65.6,68.0,B - Moderate,3/4,0
MSME105366,63.1,60.2,43.6,,55.8,B - Moderate,3/4,0
MSME105367,34.4,35.7,24.0,,31.3,D - High Risk,3/4,1
MSME105368,,31.8,,,31.8,D - High Risk,1/4,0
MSME105369,23.9,28.0,,,25.6,D - High Risk,2/4,1
MSME105370,,80.5,,,80.5,A - Strong,1/4,0
MSME105371,60.7,,63.7,,62.1,B - Moderate,2/4,0
MSME105372,32.0,30.2,,,31.2,D - High Risk,2/4,0
MSME105373,,26.9,,,26.9,D - High Risk,1/4,0
MSME105374,69.1,86.1,78.6,,77.0,A - Strong,3/4,0
MSME105375,,25.8,31.6,,29.0,D - High Risk,2/4,0
MSME105376,46.2,41.1,46.9,46.2,45.1,C - Weak,4/4,0
MSME105377,,77.7,85.8,,82.1,A - Strong,2/4,0
MSME105378,51.3,62.3,,,55.9,B - Moderate,2/4,0
MSME105379,59.4,47.7,,63.6,55.8,B - Moderate,3/4,0
MSME105380,,60.0,,48.7,56.8,B - Moderate,2/4,1
MSME105381,84.6,,,,84.6,A - Strong,1/4,0
MSME105382,68.9,,87.5,87.6,78.8,A - Strong,3/4,0
MSME105383,78.1,77.2,82.2,81.9,79.5,A - Strong,4/4,0
MSME105384,,64.6,84.2,,75.3,A - Strong,2/4,0
MSME105385,,,68.3,91.0,74.0,B - Moderate,2/4,0
MSME105386,,64.5,78.6,,72.2,B - Moderate,2/4,0
MSME105387,70.0,,,,70.0,B - Moderate,1/4,0
MSME105388,85.3,87.8,77.0,,83.2,A - Strong,3/4,0
MSME105389,72.1,,,65.0,70.5,B - Moderate,2/4,0
MSME105390,,71.9,83.2,,78.1,A - Strong,2/4,0
MSME105391,24.3,44.7,,,32.8,D - High Risk,2/4,0
MSME105392,39.9,44.4,50.5,54.0,45.6,C - Weak,4/4,0
MSME105393,55.8,71.1,44.6,,56.3,B - Moderate,3/4,1
MSME105394,87.6,74.4,,87.2,82.8,A - Strong,3/4,0
MSME105395,80.7,80.8,,83.4,81.1,A - Strong,3/4,0
MSME105396,75.0,87.2,68.3,,76.2,A - Strong,3/4,0
MSME105397,76.5,78.2,66.8,,73.7,B - Moderate,3/4,0
MSME105398,60.0,,,,60.0,B - Moderate,1/4,0
MSME105399,34.2,43.2,43.4,,39.8,C - Weak,3/4,0
MSME105400,76.6,76.3,61.4,,71.5,B - Moderate,3/4,0
MSME105401,62.0,76.8,,,68.2,B - Moderate,2/4,0
MSME105402,,45.3,,,45.3,C - Weak,1/4,0
MSME105403,54.3,56.4,67.2,77.6,61.0,B - Moderate,4/4,0
MSME105404,,55.5,54.1,,54.7,C - Weak,2/4,0
MSME105405,80.2,83.9,,,81.7,A - Strong,2/4,0
MSME105406,18.6,26.5,,,21.9,D - High Risk,2/4,0
MSME105407,52.5,44.5,,,49.2,C - Weak,2/4,0
MSME105408,33.5,,,,33.5,D - High Risk,1/4,1
MSME105409,90.4,91.5,,,90.9,A - Strong,2/4,0
MSME105410,,52.2,,,52.2,C - Weak,1/4,0
MSME105411,78.6,,,60.2,74.5,B - Moderate,2/4,0
MSME105412,,29.8,,,29.8,D - High Risk,1/4,0
MSME105413,,20.1,16.3,,18.0,D - High Risk,2/4,1
MSME105414,82.3,86.6,85.6,,84.6,A - Strong,3/4,0
MSME105415,,84.2,91.1,,88.0,A - Strong,2/4,0
MSME105416,40.3,,48.9,,44.3,C - Weak,2/4,0
MSME105417,85.7,90.2,86.2,,87.1,A - Strong,3/4,0
MSME105418,85.9,,,,85.9,A - Strong,1/4,0
MSME105419,,80.3,75.2,,77.5,A - Strong,2/4,0
MSME105420,36.3,31.5,,,34.3,D - High Risk,2/4,1
MSME105421,22.6,29.7,,,25.6,D - High Risk,2/4,0
MSME105422,63.8,50.3,73.2,,63.2,B - Moderate,3/4,0
MSME105423,,30.3,16.6,44.2,26.1,D - High Risk,3/4,0
MSME105424,79.8,75.8,,,78.1,A - Strong,2/4,0
MSME105425,67.2,84.3,60.9,,69.9,B - Moderate,3/4,0
MSME105426,,63.0,80.7,,72.7,B - Moderate,2/4,0
MSME105427,,,,30.7,30.7,D - High Risk,1/4,0
MSME105428,,,91.4,92.6,91.7,A - Strong,2/4,0
MSME105429,,38.2,27.4,,32.3,D - High Risk,2/4,0
MSME105430,,65.6,,,65.6,B - Moderate,1/4,0
MSME105431,56.0,61.7,,,58.4,B - Moderate,2/4,1
MSME105432,,79.6,74.5,82.0,77.6,A - Strong,3/4,0
MSME105433,,64.6,,50.0,60.4,B - Moderate,2/4,0
MSME105434,49.9,45.0,36.8,56.7,45.4,C - Weak,4/4,0
MSME105435,64.3,68.4,78.5,58.7,69.0,B - Moderate,4/4,0
MSME105436,,,58.4,,58.4,B - Moderate,1/4,0
MSME105437,,,,25.2,25.2,D - High Risk,1/4,1
MSME105438,38.9,38.8,,,38.9,C - Weak,2/4,1
MSME105439,79.6,76.4,75.3,,77.3,A - Strong,3/4,0
MSME105440,37.3,74.0,,,52.6,C - Weak,2/4,0
MSME105441,64.7,71.8,64.3,,66.5,B - Moderate,3/4,0
MSME105442,52.4,65.8,38.4,44.2,50.7,C - Weak,4/4,0
MSME105443,50.3,47.5,,39.4,47.7,C - Weak,3/4,0
MSME105444,66.7,,80.1,64.3,71.7,B - Moderate,3/4,0
MSME105445,26.2,45.7,47.3,48.8,39.7,C - Weak,4/4,0
MSME105446,74.9,87.6,60.2,,73.5,B - Moderate,3/4,0
MSME105447,,78.5,,,78.5,A - Strong,1/4,0
MSME105448,80.5,77.8,78.7,,79.2,A - Strong,3/4,0
MSME105449,44.3,52.1,,,47.5,C - Weak,2/4,0
MSME105450,66.3,,71.4,76.1,69.6,B - Moderate,3/4,0
MSME105451,,55.8,68.8,,62.9,B - Moderate,2/4,0
MSME105452,22.7,25.1,,,23.7,D - High Risk,2/4,1
MSME105453,,42.1,,,42.1,C - Weak,1/4,1
MSME105454,89.0,86.2,90.6,,88.8,A - Strong,3/4,0
MSME105455,40.8,54.1,,55.7,47.7,C - Weak,3/4,0
MSME105456,19.9,34.7,,,26.1,D - High Risk,2/4,0
MSME105457,,53.8,20.8,,35.8,C - Weak,2/4,0
MSME105458,41.1,65.5,,,51.3,C - Weak,2/4,0
MSME105459,,66.2,,,66.2,B - Moderate,1/4,0
MSME105460,89.4,91.0,90.3,92.5,90.4,A - Strong,4/4,0
MSME105461,,82.4,,,82.4,A - Strong,1/4,0
MSME105462,32.7,44.8,,,37.7,C - Weak,2/4,0
MSME105463,,65.6,71.5,,68.8,B - Moderate,2/4,0
MSME105464,42.5,59.1,69.4,,56.1,B - Moderate,3/4,0
MSME105465,53.9,,,,53.9,C - Weak,1/4,0
MSME105466,88.6,92.9,,,90.4,A - Strong,2/4,0
MSME105467,,,26.8,,26.8,D - High Risk,1/4,1
MSME105468,,,,,,Unscoreable,0/4,1
MSME105469,,32.5,65.4,,50.4,C - Weak,2/4,0
MSME105470,,29.1,,,29.1,D - High Risk,1/4,0
MSME105471,90.5,92.3,85.6,,89.4,A - Strong,3/4,0
MSME105472,74.4,80.8,77.1,82.7,77.6,A - Strong,4/4,0
MSME105473,84.3,82.2,77.2,,81.3,A - Strong,3/4,0
MSME105474,57.2,79.6,55.7,,62.9,B - Moderate,3/4,0
MSME105475,59.3,71.0,,,64.2,B - Moderate,2/4,0
MSME105476,80.9,83.1,,,81.8,A - Strong,2/4,0
MSME105477,,,31.9,44.5,35.0,C - Weak,2/4,1
MSME105478,,22.8,,26.3,23.8,D - High Risk,2/4,0
MSME105479,92.4,92.4,,88.6,91.9,A - Strong,3/4,0
MSME105480,79.3,87.3,,,82.6,A - Strong,2/4,0
MSME105481,62.3,40.8,,,53.3,C - Weak,2/4,0
MSME105482,77.0,80.1,59.1,81.8,72.9,B - Moderate,4/4,1
MSME105483,60.8,61.9,58.7,,60.4,B - Moderate,3/4,0
MSME105484,70.7,,76.4,67.8,72.6,B - Moderate,3/4,0
MSME105485,,,23.9,,23.9,D - High Risk,1/4,0
MSME105486,,67.9,76.4,74.3,72.8,B - Moderate,3/4,0
MSME105487,58.2,48.1,61.2,,56.4,B - Moderate,3/4,0
MSME105488,35.2,35.7,,,35.4,C - Weak,2/4,0
MSME105489,,53.0,81.8,70.9,69.0,B - Moderate,3/4,0
MSME105490,63.2,,,,63.2,B - Moderate,1/4,0
MSME105491,76.2,,81.2,85.8,79.5,A - Strong,3/4,0
MSME105492,88.6,91.4,,,89.8,A - Strong,2/4,0
MSME105493,,27.6,,,27.6,D - High Risk,1/4,0
MSME105494,61.9,80.8,,,69.8,B - Moderate,2/4,0
MSME105495,51.1,59.1,,,54.4,C - Weak,2/4,0
MSME105496,80.2,88.2,66.5,,77.9,A - Strong,3/4,0
MSME105497,24.6,26.7,,,25.5,D - High Risk,2/4,0
MSME105498,,45.9,76.4,,62.5,B - Moderate,2/4,0
MSME105499,,41.4,32.2,,36.4,C - Weak,2/4,0
MSME105500,45.6,52.4,,,48.4,C - Weak,2/4,0
MSME105501,43.4,62.7,52.1,,51.7,C - Weak,3/4,0
MSME105502,,44.1,33.3,,38.2,C - Weak,2/4,0
MSME105503,,77.3,92.6,92.7,86.7,A - Strong,3/4,0
MSME105504,,,60.6,81.8,65.9,B - Moderate,2/4,0
MSME105505,39.8,36.0,,,38.2,C - Weak,2/4,0
MSME105506,44.6,49.6,,,46.7,C - Weak,2/4,0
MSME105507,48.0,39.4,57.4,,48.7,C - Weak,3/4,0
MSME105508,,28.9,,37.9,31.5,D - High Risk,2/4,1
MSME105509,73.4,82.5,,,77.2,A - Strong,2/4,0
MSME105510,,29.5,,,29.5,D - High Risk,1/4,0
MSME105511,,50.3,,,50.3,C - Weak,1/4,1
MSME105512,22.3,27.8,,,24.6,D - High Risk,2/4,0
MSME105513,,86.0,87.4,,86.8,A - Strong,2/4,0
MSME105514,38.6,54.5,,,45.2,C - Weak,2/4,0
MSME105515,43.1,70.9,,,54.7,C - Weak,2/4,0
MSME105516,,24.8,,,24.8,D - High Risk,1/4,0
MSME105517,,63.4,55.6,,59.1,B - Moderate,2/4,0
MSME105518,,30.4,,,30.4,D - High Risk,1/4,1
MSME105519,,51.6,,66.9,56.0,B - Moderate,2/4,0
MSME105520,88.5,88.4,,,88.5,A - Strong,2/4,0
MSME105521,,32.2,50.8,,42.3,C - Weak,2/4,1
MSME105522,,32.2,,,32.2,D - High Risk,1/4,0
MSME105523,80.0,85.1,78.4,,80.9,A - Strong,3/4,1
MSME105524,,51.6,,,51.6,C - Weak,1/4,0
MSME105525,60.9,88.6,57.7,49.1,65.7,B - Moderate,4/4,0
MSME105526,82.7,83.1,80.5,,82.1,A - Strong,3/4,0
MSME105527,,,36.4,,36.4,C - Weak,1/4,0
MSME105528,,30.0,57.8,53.7,46.5,C - Weak,3/4,0
MSME105529,51.4,48.7,,,50.3,C - Weak,2/4,1
MSME105530,,31.4,,17.2,27.3,D - High Risk,2/4,0
MSME105531,,39.4,36.3,43.4,38.6,C - Weak,3/4,0
MSME105532,34.5,,,,34.5,D - High Risk,1/4,0
MSME105533,63.1,78.3,52.4,,63.8,B - Moderate,3/4,0
MSME105534,,71.8,82.6,,77.7,A - Strong,2/4,0
MSME105535,65.2,,46.0,54.7,56.1,B - Moderate,3/4,0
MSME105536,90.4,89.8,,86.8,89.7,A - Strong,3/4,0
MSME105537,45.1,39.5,,60.3,45.3,C - Weak,3/4,0
MSME105538,,67.1,50.7,,58.2,B - Moderate,2/4,0
MSME105539,40.1,47.7,,,43.3,C - Weak,2/4,1
MSME105540,59.9,54.2,,,57.5,B - Moderate,2/4,0
MSME105541,40.2,25.0,,,33.9,D - High Risk,2/4,0
MSME105542,,52.1,,,52.1,C - Weak,1/4,0
MSME105543,,,57.9,57.5,57.8,B - Moderate,2/4,0
MSME105544,43.4,42.1,30.2,,38.6,C - Weak,3/4,0
MSME105545,,64.9,,,64.9,B - Moderate,1/4,0
MSME105546,65.3,86.4,66.9,,71.7,B - Moderate,3/4,0
MSME105547,58.0,67.1,57.5,,60.4,B - Moderate,3/4,0
MSME105548,80.7,86.9,76.4,,81.0,A - Strong,3/4,0
MSME105549,58.4,58.7,58.3,,58.5,B - Moderate,3/4,0
MSME105550,90.8,90.7,90.8,,90.8,A - Strong,3/4,0
MSME105551,,71.6,,,71.6,B - Moderate,1/4,0
MSME105552,82.7,90.2,83.0,,84.9,A - Strong,3/4,0
MSME105553,,32.9,28.6,,30.6,D - High Risk,2/4,0
MSME105554,91.8,83.1,92.0,94.3,89.9,A - Strong,4/4,0
MSME105555,75.9,92.7,86.4,,84.1,A - Strong,3/4,0
MSME105556,39.4,33.0,41.5,,38.3,C - Weak,3/4,0
MSME105557,,52.2,,,52.2,C - Weak,1/4,0
MSME105558,,64.8,,66.6,65.3,B - Moderate,2/4,0
MSME105559,68.3,77.3,,,72.0,B - Moderate,2/4,0
MSME105560,68.1,,,63.5,67.1,B - Moderate,2/4,0
MSME105561,24.1,31.9,,,27.4,D - High Risk,2/4,0
MSME105562,46.6,48.1,,,47.2,C - Weak,2/4,0
MSME105563,39.1,54.3,,,45.4,C - Weak,2/4,0
MSME105564,88.3,88.4,91.4,93.0,89.7,A - Strong,4/4,0
MSME105565,,22.3,,,22.3,D - High Risk,1/4,1
MSME105566,55.3,,,34.2,50.6,C - Weak,2/4,0
MSME105567,72.7,84.0,,,77.4,A - Strong,2/4,0
MSME105568,,39.2,32.6,,35.6,C - Weak,2/4,0
MSME105569,39.8,,,,39.8,C - Weak,1/4,0
MSME105570,,38.2,,,38.2,C - Weak,1/4,1
MSME105571,,82.8,70.5,,76.1,A - Strong,2/4,0
MSME105572,59.0,54.4,,,57.1,B - Moderate,2/4,0
MSME105573,49.5,74.7,,,60.0,B - Moderate,2/4,0
MSME105574,16.5,20.1,,,18.0,D - High Risk,2/4,1
MSME105575,,28.6,,,28.6,D - High Risk,1/4,0
MSME105576,86.1,88.2,,,87.0,A - Strong,2/4,0
MSME105577,,41.1,,48.1,43.1,C - Weak,2/4,1
MSME105578,41.7,,52.3,,46.6,C - Weak,2/4,0
MSME105579,84.3,,87.4,93.1,86.7,A - Strong,3/4,0
MSME105580,20.9,34.5,,,26.6,D - High Risk,2/4,1
MSME105581,63.2,61.3,,,62.4,B - Moderate,2/4,0
MSME105582,,61.8,,,61.8,B - Moderate,1/4,0
MSME105583,,45.6,68.8,,58.3,B - Moderate,2/4,0
MSME105584,77.1,86.0,78.6,,80.1,A - Strong,3/4,0
MSME105585,,55.0,,,55.0,B - Moderate,1/4,0
MSME105586,18.2,32.1,26.8,,24.9,D - High Risk,3/4,0
MSME105587,57.6,56.1,,,57.0,B - Moderate,2/4,0
MSME105588,,55.5,,19.3,45.2,C - Weak,2/4,0
MSME105589,,,86.7,,86.7,A - Strong,1/4,0
MSME105590,62.1,,,,62.1,B - Moderate,1/4,0
MSME105591,86.1,91.4,,,88.3,A - Strong,2/4,0
MSME105592,,,,,,Unscoreable,0/4,1
MSME105593,48.8,70.2,,,57.7,B - Moderate,2/4,0
MSME105594,,27.8,41.1,,35.1,C - Weak,2/4,0
MSME105595,56.2,,64.0,,59.8,B - Moderate,2/4,0
MSME105596,85.7,83.4,,,84.7,A - Strong,2/4,0
MSME105597,77.4,75.1,,,76.4,A - Strong,2/4,0
MSME105598,,61.5,51.7,,56.2,B - Moderate,2/4,0
MSME105599,,23.5,,,23.5,D - High Risk,1/4,0
MSME105600,25.7,50.1,,,35.9,C - Weak,2/4,0
MSME105601,87.8,93.5,86.2,,88.9,A - Strong,3/4,0
MSME105602,,47.8,52.5,47.4,49.9,C - Weak,3/4,1
MSME105603,49.5,,56.1,49.7,52.2,C - Weak,3/4,0
MSME105604,21.1,35.8,,,27.2,D - High Risk,2/4,0
MSME105605,,75.2,,,75.2,A - Strong,1/4,0
MSME105606,,27.7,33.2,,30.7,D - High Risk,2/4,0
MSME105607,,69.0,36.9,,51.5,C - Weak,2/4,0
MSME105608,23.8,32.1,,,27.3,D - High Risk,2/4,0
MSME105609,41.6,44.2,39.3,,41.6,C - Weak,3/4,0
MSME105610,,43.7,18.3,,29.8,D - High Risk,2/4,1
MSME105611,89.5,89.5,,,89.5,A - Strong,2/4,0
MSME105612,33.1,62.8,22.9,,38.0,C - Weak,3/4,1
MSME105613,,71.9,,59.2,68.3,B - Moderate,2/4,0
MSME105614,60.3,,,,60.3,B - Moderate,1/4,0
MSME105615,,78.7,47.8,,61.8,B - Moderate,2/4,0
MSME105616,70.0,73.8,63.3,,68.8,B - Moderate,3/4,1
MSME105617,49.5,72.9,,,59.2,B - Moderate,2/4,0
MSME105618,25.5,,17.4,,21.8,D - High Risk,2/4,1
MSME105619,,,33.0,,33.0,D - High Risk,1/4,1
MSME105620,,70.1,70.0,,70.0,B - Moderate,2/4,0
MSME105621,89.1,89.1,85.6,,87.9,A - Strong,3/4,0
MSME105622,89.9,92.3,,91.8,91.0,A - Strong,3/4,0
MSME105623,,37.7,,,37.7,C - Weak,1/4,0
MSME105624,78.1,76.5,88.0,,81.0,A - Strong,3/4,0
MSME105625,64.6,53.7,,,60.1,B - Moderate,2/4,1
MSME105626,32.3,37.7,46.6,,38.6,C - Weak,3/4,0
MSME105627,83.4,87.3,,,85.0,A - Strong,2/4,0
MSME105628,,,,,,Unscoreable,0/4,0
MSME105629,55.3,55.5,,,55.4,B - Moderate,2/4,0
MSME105630,,36.7,40.5,,38.8,C - Weak,2/4,1
MSME105631,17.1,28.8,,23.4,22.2,D - High Risk,3/4,0
MSME105632,39.5,39.1,,,39.3,C - Weak,2/4,0
MSME105633,,61.1,32.0,63.7,48.1,C - Weak,3/4,0
MSME105634,,42.1,,40.0,41.5,C - Weak,2/4,0
MSME105635,54.6,,50.5,54.8,53.0,C - Weak,3/4,0
MSME105636,76.2,77.5,78.1,,77.2,A - Strong,3/4,0
MSME105637,83.9,92.9,,59.9,83.7,A - Strong,3/4,0
MSME105638,,63.2,,,63.2,B - Moderate,1/4,0
MSME105639,,63.7,,,63.7,B - Moderate,1/4,0
MSME105640,77.9,84.0,73.2,,78.0,A - Strong,3/4,0
MSME105641,81.8,88.6,,,84.6,A - Strong,2/4,0
MSME105642,34.7,48.6,,35.1,39.7,C - Weak,3/4,0
MSME105643,65.7,,69.7,,67.5,B - Moderate,2/4,0
MSME105644,69.2,90.4,86.7,,80.9,A - Strong,3/4,0
MSME105645,,,,47.3,47.3,C - Weak,1/4,0
MSME105646,48.8,65.3,,,55.7,B - Moderate,2/4,0
MSME105647,42.3,41.2,48.1,,43.9,C - Weak,3/4,0
MSME105648,,,,,,Unscoreable,0/4,0
MSME105649,,60.0,53.2,,56.3,B - Moderate,2/4,1
MSME105650,44.3,61.6,,,51.5,C - Weak,2/4,0
MSME105651,79.9,82.4,62.0,,74.6,B - Moderate,3/4,1
MSME105652,62.8,74.8,,,67.8,B - Moderate,2/4,0
MSME105653,51.8,41.5,50.0,,48.3,C - Weak,3/4,1
MSME105654,,38.9,42.2,,40.7,C - Weak,2/4,0
MSME105655,,44.2,,,44.2,C - Weak,1/4,0
MSME105656,,,,58.7,58.7,B - Moderate,1/4,0
MSME105657,43.9,,,,43.9,C - Weak,1/4,0
MSME105658,72.7,73.2,89.0,,78.3,A - Strong,3/4,0
MSME105659,,30.2,,,30.2,D - High Risk,1/4,0
MSME105660,,67.0,,,67.0,B - Moderate,1/4,0
MSME105661,65.4,75.1,,,69.4,B - Moderate,2/4,0
MSME105662,17.7,27.6,18.7,,20.8,D - High Risk,3/4,0
MSME105663,66.9,75.0,,,70.3,B - Moderate,2/4,0
MSME105664,,50.2,,82.0,59.3,B - Moderate,2/4,0
MSME105665,61.4,55.7,,69.2,60.5,B - Moderate,3/4,0
MSME105666,61.9,59.0,51.1,,57.5,B - Moderate,3/4,0
MSME105667,83.9,86.8,90.8,,87.0,A - Strong,3/4,0
MSME105668,72.6,83.7,,53.6,73.8,B - Moderate,3/4,0
MSME105669,79.4,79.6,,62.2,77.0,A - Strong,3/4,0
MSME105670,,60.5,,,60.5,B - Moderate,1/4,0
MSME105671,57.0,,73.7,71.0,65.5,B - Moderate,3/4,0
MSME105672,64.7,,,,64.7,B - Moderate,1/4,0
MSME105673,90.7,93.8,85.8,,89.9,A - Strong,3/4,0
MSME105674,,23.8,,,23.8,D - High Risk,1/4,1
MSME105675,79.2,,75.9,,77.7,A - Strong,2/4,0
MSME105676,,23.5,23.5,25.9,23.9,D - High Risk,3/4,1
MSME105677,37.8,38.2,,47.0,39.3,C - Weak,3/4,1
MSME105678,59.7,,20.6,,41.7,C - Weak,2/4,0
MSME105679,87.8,93.0,87.3,,89.1,A - Strong,3/4,0
MSME105680,44.9,,,46.7,45.3,C - Weak,2/4,0
MSME105681,,48.3,36.5,,41.9,C - Weak,2/4,0
MSME105682,37.9,66.7,,,49.9,C - Weak,2/4,0
MSME105683,38.4,52.2,22.2,,36.8,C - Weak,3/4,0
MSME105684,,70.3,81.4,,76.4,A - Strong,2/4,0
MSME105685,,85.2,62.4,,72.8,B - Moderate,2/4,0
MSME105686,71.3,82.8,76.8,,76.3,A - Strong,3/4,0
MSME105687,,37.7,29.3,,33.1,D - High Risk,2/4,1
MSME105688,,56.5,61.0,,59.0,B - Moderate,2/4,0
MSME105689,,64.4,,59.5,63.0,B - Moderate,2/4,1
MSME105690,,33.6,52.4,,43.9,C - Weak,2/4,0
MSME105691,,36.7,,,36.7,C - Weak,1/4,0
MSME105692,,38.2,,52.4,42.3,C - Weak,2/4,0
MSME105693,,58.6,,,58.6,B - Moderate,1/4,0
MSME105694,44.7,68.9,70.3,,60.0,B - Moderate,3/4,0
MSME105695,,62.2,,77.1,66.5,B - Moderate,2/4,0
MSME105696,89.8,94.0,89.4,,90.8,A - Strong,3/4,0
MSME105697,,,80.7,,80.7,A - Strong,1/4,0
MSME105698,62.6,,70.1,,66.1,B - Moderate,2/4,0
MSME105699,,79.7,82.3,,81.1,A - Strong,2/4,1
MSME105700,,80.3,,,80.3,A - Strong,1/4,0
MSME105701,83.9,80.4,83.0,,82.6,A - Strong,3/4,0
MSME105702,49.1,58.7,45.0,,50.4,C - Weak,3/4,0
MSME105703,50.3,,72.5,68.2,61.6,B - Moderate,3/4,0
MSME105704,64.9,74.4,,,68.9,B - Moderate,2/4,0
MSME105705,65.1,,,,65.1,B - Moderate,1/4,0
MSME105706,,52.8,,,52.8,C - Weak,1/4,0
MSME105707,33.4,31.1,,,32.4,D - High Risk,2/4,1
MSME105708,,78.2,,,78.2,A - Strong,1/4,0
MSME105709,22.0,34.6,,,27.2,D - High Risk,2/4,1
MSME105710,,59.7,,,59.7,B - Moderate,1/4,0
MSME105711,81.8,75.0,,,79.0,A - Strong,2/4,0
MSME105712,85.0,92.0,70.9,,82.2,A - Strong,3/4,0
MSME105713,,54.2,68.9,,62.2,B - Moderate,2/4,0
MSME105714,,,16.6,,16.6,D - High Risk,1/4,0
MSME105715,,36.9,51.1,,44.6,C - Weak,2/4,0
MSME105716,85.3,92.5,,,88.3,A - Strong,2/4,0
MSME105717,88.8,,92.8,93.4,91.0,A - Strong,3/4,0
MSME105718,,78.8,72.3,,75.3,A - Strong,2/4,0
MSME105719,35.6,47.8,,,40.7,C - Weak,2/4,1
MSME105720,79.6,90.3,,,84.1,A - Strong,2/4,0
MSME105721,,60.9,66.0,,63.7,B - Moderate,2/4,0
MSME105722,,65.6,,,65.6,B - Moderate,1/4,0
MSME105723,85.0,,74.8,92.9,82.0,A - Strong,3/4,0
MSME105724,49.2,67.1,54.5,48.7,55.2,B - Moderate,4/4,0
MSME105725,,41.8,41.9,,41.9,C - Weak,2/4,0
MSME105726,,40.4,33.3,36.1,36.5,C - Weak,3/4,0
MSME105727,41.4,56.1,44.6,,46.6,C - Weak,3/4,0
MSME105728,58.5,86.4,,,70.1,B - Moderate,2/4,0
MSME105729,51.1,60.4,,,55.0,B - Moderate,2/4,0
MSME105730,65.8,,,,65.8,B - Moderate,1/4,0
MSME105731,,38.1,,,38.1,C - Weak,1/4,0
MSME105732,,,,,,Unscoreable,0/4,0
MSME105733,,49.3,45.8,50.7,47.9,C - Weak,3/4,0
MSME105734,,33.2,29.1,,31.0,D - High Risk,2/4,1
MSME105735,88.5,,,92.5,89.4,A - Strong,2/4,0
MSME105736,,35.6,,,35.6,C - Weak,1/4,0
MSME105737,,44.3,48.5,,46.6,C - Weak,2/4,0
MSME105738,41.6,40.9,,,41.3,C - Weak,2/4,0
MSME105739,43.3,49.2,39.8,,43.8,C - Weak,3/4,0
MSME105740,29.5,40.9,,40.6,35.2,C - Weak,3/4,1
MSME105741,66.2,68.9,76.9,,70.5,B - Moderate,3/4,0
MSME105742,72.6,89.5,72.8,,77.4,A - Strong,3/4,0
MSME105743,74.5,86.3,74.3,,77.7,A - Strong,3/4,0
MSME105744,,44.0,,,44.0,C - Weak,1/4,0
MSME105745,,28.3,32.8,,30.8,D - High Risk,2/4,0
MSME105746,,49.8,54.2,,52.2,C - Weak,2/4,0
MSME105747,54.4,73.5,,,62.4,B - Moderate,2/4,0
MSME105748,,,84.8,89.6,86.0,A - Strong,2/4,0
MSME105749,86.5,,88.4,91.7,88.0,A - Strong,3/4,0
MSME105750,53.4,46.6,55.4,,52.2,C - Weak,3/4,0
MSME105751,68.5,62.2,54.7,,62.2,B - Moderate,3/4,0
MSME105752,68.9,65.2,,,67.4,B - Moderate,2/4,0
MSME105753,68.1,70.9,,,69.3,B - Moderate,2/4,0
MSME105754,,37.8,,,37.8,C - Weak,1/4,1
MSME105755,,25.9,,,25.9,D - High Risk,1/4,1
MSME105756,35.4,41.0,23.0,,32.8,D - High Risk,3/4,0
MSME105757,,49.9,74.4,,63.3,B - Moderate,2/4,0
MSME105758,60.0,81.2,,,68.8,B - Moderate,2/4,0
MSME105759,,67.1,76.8,,72.4,B - Moderate,2/4,0
MSME105760,90.1,90.8,82.7,,87.8,A - Strong,3/4,0
MSME105761,,26.1,,,26.1,D - High Risk,1/4,1
MSME105762,74.0,84.9,,,78.5,A - Strong,2/4,0
MSME105763,,,,59.4,59.4,B - Moderate,1/4,0
MSME105764,,54.8,73.4,,64.9,B - Moderate,2/4,0
MSME105765,50.3,39.0,47.9,55.0,47.2,C - Weak,4/4,0
MSME105766,,,40.7,,40.7,C - Weak,1/4,0
MSME105767,71.8,79.0,61.6,,70.4,B - Moderate,3/4,0
MSME105768,,43.5,,,43.5,C - Weak,1/4,1
MSME105769,81.6,87.2,,83.9,83.9,A - Strong,3/4,0
MSME105770,,24.6,36.0,44.8,33.0,D - High Risk,3/4,1
MSME105771,32.0,,,25.5,30.6,D - High Risk,2/4,0
MSME105772,23.6,,20.8,,22.3,D - High Risk,2/4,1
MSME105773,63.3,,,84.5,68.0,B - Moderate,2/4,0
MSME105774,,87.4,82.5,,84.7,A - Strong,2/4,0
MSME105775,,78.9,,,78.9,A - Strong,1/4,0
MSME105776,76.0,80.2,81.2,,78.9,A - Strong,3/4,0
MSME105777,,56.0,,,56.0,B - Moderate,1/4,0
MSME105778,79.1,92.6,,,84.7,A - Strong,2/4,0
MSME105779,60.2,62.1,,,61.0,B - Moderate,2/4,0
MSME105780,43.4,61.6,69.8,,57.3,B - Moderate,3/4,0
MSME105781,63.2,59.9,,67.0,62.6,B - Moderate,3/4,1
MSME105782,,39.6,35.3,,37.3,C - Weak,2/4,1
MSME105783,45.0,43.1,,,44.2,C - Weak,2/4,0
MSME105784,,35.0,,,35.0,C - Weak,1/4,0
MSME105785,40.9,,74.7,,56.5,B - Moderate,2/4,0
MSME105786,91.0,92.1,,84.2,90.4,A - Strong,3/4,0
MSME105787,74.8,,83.3,,78.7,A - Strong,2/4,0
MSME105788,72.1,,85.8,,78.4,A - Strong,2/4,0
MSME105789,,44.9,,,44.9,C - Weak,1/4,0
MSME105790,,26.8,26.5,,26.6,D - High Risk,2/4,0
MSME105791,,,33.2,,33.2,D - High Risk,1/4,0
MSME105792,,58.0,74.8,,67.2,B - Moderate,2/4,0
MSME105793,42.3,62.6,,,50.8,C - Weak,2/4,1
MSME105794,40.8,54.5,38.2,,43.7,C - Weak,3/4,0
MSME105795,84.4,,,92.2,86.1,A - Strong,2/4,0
MSME105796,,28.6,,,28.6,D - High Risk,1/4,0
MSME105797,85.2,86.2,88.2,93.3,87.2,A - Strong,4/4,0
MSME105798,53.1,,,38.2,49.8,C - Weak,2/4,0
MSME105799,62.3,64.0,,,63.0,B - Moderate,2/4,0
MSME105800,81.7,85.8,,,83.4,A - Strong,2/4,0
MSME105801,22.8,27.8,14.7,,21.5,D - High Risk,3/4,1
MSME105802,77.0,86.4,,,80.9,A - Strong,2/4,0
MSME105803,,27.8,,,27.8,D - High Risk,1/4,0
MSME105804,64.4,67.7,,,65.8,B - Moderate,2/4,0
MSME105805,35.9,50.2,38.0,42.0,40.7,C - Weak,4/4,0
MSME105806,72.6,78.6,,64.8,73.6,B - Moderate,3/4,0
MSME105807,,,38.0,,38.0,C - Weak,1/4,1
MSME105808,89.2,90.8,90.4,,90.0,A - Strong,3/4,0
MSME105809,54.5,82.0,77.5,,69.8,B - Moderate,3/4,0
MSME105810,,30.8,,,30.8,D - High Risk,1/4,0
MSME105811,,31.9,,,31.9,D - High Risk,1/4,0
MSME105812,31.4,43.4,,51.3,38.5,C - Weak,3/4,0
MSME105813,,34.0,26.7,,30.0,D - High Risk,2/4,0
MSME105814,,60.7,66.8,,64.0,B - Moderate,2/4,0
MSME105815,,75.8,66.6,63.9,69.7,B - Moderate,3/4,0
MSME105816,,,,,,Unscoreable,0/4,1
MSME105817,89.3,93.0,90.5,,90.7,A - Strong,3/4,0
MSME105818,,,,,,Unscoreable,0/4,0
MSME105819,33.1,,,,33.1,D - High Risk,1/4,0
MSME105820,,29.6,,,29.6,D - High Risk,1/4,1
MSME105821,41.5,62.9,53.1,33.5,49.5,C - Weak,4/4,0
MSME105822,50.0,73.0,,,59.6,B - Moderate,2/4,0
MSME105823,69.4,89.0,,,77.6,A - Strong,2/4,0
MSME105824,,,70.0,,70.0,B - Moderate,1/4,0
MSME105825,42.3,37.8,,,40.4,C - Weak,2/4,0
MSME105826,,28.9,,51.7,35.4,C - Weak,2/4,0
MSME105827,,48.7,58.6,,54.1,C - Weak,2/4,0
MSME105828,84.9,91.9,,,87.8,A - Strong,2/4,0
MSME105829,69.7,,63.5,,66.8,B - Moderate,2/4,0
MSME105830,,79.8,74.3,,76.8,A - Strong,2/4,0
MSME105831,,50.1,,,50.1,C - Weak,1/4,0
MSME105832,41.0,59.5,,,48.7,C - Weak,2/4,0
MSME105833,87.1,92.3,70.2,58.5,80.5,A - Strong,4/4,0
MSME105834,63.4,78.0,,79.7,70.9,B - Moderate,3/4,0
MSME105835,21.2,36.6,18.4,23.0,24.4,D - High Risk,4/4,0
MSME105836,,,49.7,46.3,48.8,C - Weak,2/4,1
MSME105837,,27.5,,,27.5,D - High Risk,1/4,0
MSME105838,,76.4,,,76.4,A - Strong,1/4,0
MSME105839,76.0,89.7,82.6,,82.0,A - Strong,3/4,0
MSME105840,,25.9,,,25.9,D - High Risk,1/4,0
MSME105841,16.6,22.0,,39.4,21.8,D - High Risk,3/4,1
MSME105842,44.6,52.4,,,47.8,C - Weak,2/4,1
MSME105843,63.3,,,,63.3,B - Moderate,1/4,0
MSME105844,63.4,63.1,63.4,,63.3,B - Moderate,3/4,0
MSME105845,,81.5,67.8,68.8,73.2,B - Moderate,3/4,0
MSME105846,90.0,83.9,86.3,93.2,87.7,A - Strong,4/4,0
MSME105847,,34.6,47.6,,41.7,C - Weak,2/4,0
MSME105848,79.1,82.6,61.7,,74.3,B - Moderate,3/4,0
MSME105849,79.6,88.8,75.2,,80.7,A - Strong,3/4,0
MSME105850,84.0,,84.4,,84.2,A - Strong,2/4,0
MSME105851,69.8,,81.8,,75.3,A - Strong,2/4,0
MSME105852,,,74.7,,74.7,B - Moderate,1/4,0
MSME105853,,83.2,72.5,,77.4,A - Strong,2/4,0
MSME105854,36.5,31.8,,,34.5,D - High Risk,2/4,1
MSME105855,59.4,,,,59.4,B - Moderate,1/4,0
MSME105856,63.9,76.4,,,69.1,B - Moderate,2/4,0
MSME105857,,45.4,,,45.4,C - Weak,1/4,0
MSME105858,43.1,51.9,39.8,,44.4,C - Weak,3/4,0
MSME105859,25.6,,,,25.6,D - High Risk,1/4,0
MSME105860,,45.1,,36.5,42.6,C - Weak,2/4,0
MSME105861,26.7,27.7,39.7,,31.3,D - High Risk,3/4,0
MSME105862,,47.0,,,47.0,C - Weak,1/4,0
MSME105863,84.8,91.8,86.4,72.4,85.8,A - Strong,4/4,0
MSME105864,76.0,,,73.9,75.5,A - Strong,2/4,0
MSME105865,,81.4,88.7,,85.4,A - Strong,2/4,0
MSME105866,19.5,29.1,,19.9,23.0,D - High Risk,3/4,1
MSME105867,63.0,,63.7,,63.3,B - Moderate,2/4,0
MSME105868,37.8,33.6,,,36.0,C - Weak,2/4,0
MSME105869,,21.7,28.5,,25.4,D - High Risk,2/4,1
MSME105870,78.3,88.8,60.2,,75.2,A - Strong,3/4,0
MSME105871,74.7,80.3,,,77.0,A - Strong,2/4,0
MSME105872,,30.2,,,30.2,D - High Risk,1/4,0
MSME105873,85.5,90.4,,,87.5,A - Strong,2/4,1
MSME105874,,22.9,21.4,,22.1,D - High Risk,2/4,1
MSME105875,,40.6,36.4,,38.3,C - Weak,2/4,0
MSME105876,56.4,47.2,,,52.6,C - Weak,2/4,0
MSME105877,,25.5,,,25.5,D - High Risk,1/4,1
MSME105878,81.8,92.3,78.6,,83.7,A - Strong,3/4,0
MSME105879,,42.9,,,42.9,C - Weak,1/4,0
MSME105880,90.7,91.2,91.0,,90.9,A - Strong,3/4,0
MSME105881,63.9,,,,63.9,B - Moderate,1/4,0
MSME105882,,66.5,69.8,,68.3,B - Moderate,2/4,0
MSME105883,85.6,,86.8,83.2,85.8,A - Strong,3/4,0
MSME105884,,79.5,,,79.5,A - Strong,1/4,0
MSME105885,76.0,73.1,,,74.8,B - Moderate,2/4,0
MSME105886,83.5,79.3,,,81.8,A - Strong,2/4,0
MSME105887,24.1,27.0,,,25.3,D - High Risk,2/4,0
MSME105888,82.4,83.1,84.2,,83.2,A - Strong,3/4,0
MSME105889,57.1,64.2,,,60.1,B - Moderate,2/4,1
MSME105890,86.9,91.9,87.9,80.6,87.8,A - Strong,4/4,0
MSME105891,,42.1,,,42.1,C - Weak,1/4,0
MSME105892,,62.5,61.3,,61.8,B - Moderate,2/4,0
MSME105893,55.1,58.5,,53.5,56.1,B - Moderate,3/4,1
MSME105894,63.4,67.4,,,65.1,B - Moderate,2/4,0
MSME105895,,72.5,72.7,,72.6,B - Moderate,2/4,0
MSME105896,,29.3,,,29.3,D - High Risk,1/4,0
MSME105897,77.6,87.2,86.7,85.4,83.5,A - Strong,4/4,0
MSME105898,,30.1,,24.1,28.4,D - High Risk,2/4,0
MSME105899,43.9,53.2,,,47.8,C - Weak,2/4,0
MSME105900,47.7,47.5,,,47.6,C - Weak,2/4,0
MSME105901,,60.1,,,60.1,B - Moderate,1/4,0
MSME105902,,82.6,,,82.6,A - Strong,1/4,0
MSME105903,53.1,,,,53.1,C - Weak,1/4,0
MSME105904,32.6,29.5,,,31.3,D - High Risk,2/4,0
MSME105905,64.3,79.8,,60.6,69.3,B - Moderate,3/4,0
MSME105906,70.8,75.3,,,72.7,B - Moderate,2/4,0
MSME105907,71.4,,73.6,,72.4,B - Moderate,2/4,0
MSME105908,55.3,55.2,43.2,,51.2,C - Weak,3/4,0
MSME105909,,25.9,,19.3,24.0,D - High Risk,2/4,1
MSME105910,,,84.0,91.8,85.9,A - Strong,2/4,0
MSME105911,37.8,43.1,,,40.0,C - Weak,2/4,0
MSME105912,,61.8,,,61.8,B - Moderate,1/4,0
MSME105913,81.1,92.4,77.4,,83.0,A - Strong,3/4,0
MSME105914,,34.3,40.9,,37.9,C - Weak,2/4,0
MSME105915,,63.0,73.7,,68.8,B - Moderate,2/4,0
MSME105916,58.9,,,47.2,56.3,B - Moderate,2/4,0
MSME105917,66.6,,,61.5,65.5,B - Moderate,2/4,0
MSME105918,,,48.8,46.1,48.1,C - Weak,2/4,0
MSME105919,,86.4,66.2,,75.4,A - Strong,2/4,0
MSME105920,,48.4,,,48.4,C - Weak,1/4,0
MSME105921,59.7,47.5,,,54.6,C - Weak,2/4,0
MSME105922,,,,,,Unscoreable,0/4,0
MSME105923,81.1,80.3,,,80.8,A - Strong,2/4,0
MSME105924,25.8,41.5,,,32.3,D - High Risk,2/4,0
MSME105925,17.7,19.7,,21.6,19.0,D - High Risk,3/4,1
MSME105926,65.6,85.7,77.5,,75.2,A - Strong,3/4,0
MSME105927,,,59.6,56.8,58.9,B - Moderate,2/4,0
MSME105928,,28.0,,,28.0,D - High Risk,1/4,0
MSME105929,83.9,84.5,82.7,,83.7,A - Strong,3/4,0
MSME105930,,,89.4,90.5,89.7,A - Strong,2/4,0
MSME105931,,33.2,56.8,,46.1,C - Weak,2/4,1
MSME105932,46.4,37.2,,,42.6,C - Weak,2/4,1
MSME105933,61.0,,,,61.0,B - Moderate,1/4,0
MSME105934,,51.9,44.9,,48.1,C - Weak,2/4,0
MSME105935,37.3,50.3,,,42.7,C - Weak,2/4,0
MSME105936,,56.8,47.9,,51.9,C - Weak,2/4,0
MSME105937,37.5,40.0,,,38.5,C - Weak,2/4,0
MSME105938,68.7,61.3,63.1,86.0,66.9,B - Moderate,4/4,0
MSME105939,,28.5,28.3,,28.4,D - High Risk,2/4,0
MSME105940,,83.4,,63.7,77.8,A - Strong,2/4,0
MSME105941,62.0,36.7,61.4,,54.8,C - Weak,3/4,0
MSME105942,79.9,87.5,71.4,,79.2,A - Strong,3/4,0
MSME105943,50.0,42.3,45.7,,46.4,C - Weak,3/4,0
MSME105944,31.0,36.0,,,33.1,D - High Risk,2/4,1
MSME105945,79.3,66.8,,78.8,74.8,B - Moderate,3/4,0
MSME105946,75.0,80.0,70.6,,74.9,B - Moderate,3/4,0
MSME105947,,36.3,17.7,31.4,27.0,D - High Risk,3/4,0
MSME105948,62.8,73.3,,,67.2,B - Moderate,2/4,0
MSME105949,55.4,,53.6,,54.6,C - Weak,2/4,0
MSME105950,,79.2,,,79.2,A - Strong,1/4,0
MSME105951,,21.7,,,21.7,D - High Risk,1/4,0
MSME105952,54.9,58.6,56.2,,56.4,B - Moderate,3/4,0
MSME105953,,28.2,15.0,,21.0,D - High Risk,2/4,0
MSME105954,77.6,91.3,67.6,,78.1,A - Strong,3/4,0
MSME105955,82.5,87.7,85.6,91.8,85.7,A - Strong,4/4,0
MSME105956,90.5,91.1,91.9,,91.1,A - Strong,3/4,0
MSME105957,22.5,52.2,31.9,,33.9,D - High Risk,3/4,0
MSME105958,67.1,,,51.8,63.7,B - Moderate,2/4,0
MSME105959,87.8,90.0,91.0,,89.5,A - Strong,3/4,0
MSME105960,,,,,,Unscoreable,0/4,1
MSME105961,,32.6,,,32.6,D - High Risk,1/4,1
MSME105962,34.1,36.3,66.5,,45.5,C - Weak,3/4,0
MSME105963,62.4,72.6,,,66.7,B - Moderate,2/4,0
MSME105964,,29.5,,,29.5,D - High Risk,1/4,0
MSME105965,,46.8,57.9,,52.9,C - Weak,2/4,0
MSME105966,63.9,69.1,45.7,,59.3,B - Moderate,3/4,0
MSME105967,,37.9,42.5,,40.4,C - Weak,2/4,0
MSME105968,33.2,45.3,50.0,,42.2,C - Weak,3/4,1
MSME105969,,,57.1,73.5,61.2,B - Moderate,2/4,0
MSME105970,,40.4,,,40.4,C - Weak,1/4,0
MSME105971,24.4,24.1,25.7,,24.8,D - High Risk,3/4,0
MSME105972,,36.6,34.6,,35.5,C - Weak,2/4,0
MSME105973,78.8,74.6,,91.2,79.1,A - Strong,3/4,0
MSME105974,56.4,58.4,,,57.2,B - Moderate,2/4,0
MSME105975,50.0,57.4,,,53.1,C - Weak,2/4,0
MSME105976,67.7,,,47.8,63.3,B - Moderate,2/4,0
MSME105977,88.6,89.2,90.0,,89.2,A - Strong,3/4,0
MSME105978,79.9,85.9,69.3,,78.0,A - Strong,3/4,0
MSME105979,74.5,,,59.4,71.1,B - Moderate,2/4,0
MSME105980,,30.4,,,30.4,D - High Risk,1/4,0
MSME105981,87.8,88.9,,,88.3,A - Strong,2/4,0
MSME105982,65.4,84.3,,71.8,73.1,B - Moderate,3/4,0
MSME105983,,42.6,,,42.6,C - Weak,1/4,0
MSME105984,81.8,87.1,68.4,,78.8,A - Strong,3/4,0
MSME105985,,52.4,,,52.4,C - Weak,1/4,0
MSME105986,76.4,79.8,85.4,,80.3,A - Strong,3/4,0
MSME105987,,62.1,71.5,,67.2,B - Moderate,2/4,0
MSME105988,67.0,69.1,56.1,59.1,63.5,B - Moderate,4/4,0
MSME105989,,88.1,,,88.1,A - Strong,1/4,0
MSME105990,,39.0,37.3,,38.1,C - Weak,2/4,0
MSME105991,,44.0,,,44.0,C - Weak,1/4,0
MSME105992,66.1,,69.8,70.5,68.2,B - Moderate,3/4,0
MSME105993,67.3,,,,67.3,B - Moderate,1/4,0
MSME105994,42.5,57.6,64.4,36.7,52.3,C - Weak,4/4,0
MSME105995,,,43.6,,43.6,C - Weak,1/4,1
MSME105996,,52.8,,,52.8,C - Weak,1/4,0
MSME105997,,27.2,,,27.2,D - High Risk,1/4,0
MSME105998,40.4,,47.2,,43.5,C - Weak,2/4,0
MSME105999,45.8,,47.8,,46.7,C - Weak,2/4,1
MSME106000,73.6,71.4,,,72.7,B - Moderate,2/4,1
MSME106001,,,,,,Unscoreable,0/4,0
MSME106002,,59.4,49.9,,54.2,C - Weak,2/4,1
MSME106003,79.7,,,,79.7,A - Strong,1/4,0
MSME106004,,40.4,57.0,,49.5,C - Weak,2/4,0
MSME106005,,31.1,,,31.1,D - High Risk,1/4,1
MSME106006,83.7,86.8,71.5,,80.5,A - Strong,3/4,0
MSME106007,50.9,,40.2,,46.0,C - Weak,2/4,0
MSME106008,,56.0,40.3,54.5,48.5,C - Weak,3/4,1
MSME106009,79.7,92.9,76.9,92.7,83.5,A - Strong,4/4,0
MSME106010,73.4,81.7,,54.1,73.6,B - Moderate,3/4,0
MSME106011,76.9,,,78.2,77.2,A - Strong,2/4,0
MSME106012,39.3,43.6,40.9,,41.0,C - Weak,3/4,0
MSME106013,42.3,39.9,,,41.3,C - Weak,2/4,0
MSME106014,,44.2,44.6,,44.4,C - Weak,2/4,0
MSME106015,,81.4,80.0,,80.6,A - Strong,2/4,0
MSME106016,,64.0,46.9,,54.7,C - Weak,2/4,0
MSME106017,88.3,92.9,,90.2,90.2,A - Strong,3/4,0
MSME106018,48.6,77.0,43.6,45.2,53.9,C - Weak,4/4,0
MSME106019,49.1,53.2,,,50.8,C - Weak,2/4,0
MSME106020,86.1,,89.7,,87.8,A - Strong,2/4,0
MSME106021,,90.0,75.6,,82.1,A - Strong,2/4,0
MSME106022,,60.1,,,60.1,B - Moderate,1/4,0
MSME106023,,80.5,74.6,,77.3,A - Strong,2/4,0
MSME106024,89.8,82.9,88.9,94.0,88.2,A - Strong,4/4,0
MSME106025,,51.5,,,51.5,C - Weak,1/4,0
MSME106026,,60.5,67.6,,64.4,B - Moderate,2/4,0
MSME106027,,21.2,,,21.2,D - High Risk,1/4,0
MSME106028,91.6,91.6,73.3,88.3,85.8,A - Strong,4/4,0
MSME106029,,59.1,,,59.1,B - Moderate,1/4,0
MSME106030,69.8,86.7,82.7,80.9,79.0,A - Strong,4/4,0
MSME106031,,18.4,,18.6,18.5,D - High Risk,2/4,0
MSME106032,74.5,53.8,77.2,92.5,71.9,B - Moderate,4/4,0
MSME106033,,48.8,,,48.8,C - Weak,1/4,1
MSME106034,87.9,90.8,,,89.1,A - Strong,2/4,0
MSME106035,82.9,92.5,83.5,,85.8,A - Strong,3/4,0
MSME106036,89.4,91.2,83.6,,88.0,A - Strong,3/4,0
MSME106037,88.8,86.2,75.8,,83.7,A - Strong,3/4,0
MSME106038,,84.0,64.6,78.0,74.1,B - Moderate,3/4,0
MSME106039,,56.3,43.0,,49.0,C - Weak,2/4,1
MSME106040,67.0,,62.4,84.1,67.4,B - Moderate,3/4,0
MSME106041,,30.8,40.1,,35.9,C - Weak,2/4,1
MSME106042,69.1,,70.7,,69.8,B - Moderate,2/4,0
MSME106043,78.7,79.6,,83.9,79.8,A - Strong,3/4,0
MSME106044,59.1,66.9,,66.2,62.9,B - Moderate,3/4,0
MSME106045,46.4,48.0,64.8,49.9,52.7,C - Weak,4/4,0
MSME106046,,27.2,,,27.2,D - High Risk,1/4,1
MSME106047,77.9,75.7,76.3,,76.8,A - Strong,3/4,0
MSME106048,,70.8,65.8,,68.1,B - Moderate,2/4,0
MSME106049,,45.9,,,45.9,C - Weak,1/4,0
MSME106050,,27.8,,,27.8,D - High Risk,1/4,0
MSME106051,,76.1,,,76.1,A - Strong,1/4,0
MSME106052,,60.4,,,60.4,B - Moderate,1/4,0
MSME106053,47.7,53.8,51.3,,50.6,C - Weak,3/4,0
MSME106054,,,60.0,,60.0,B - Moderate,1/4,0
MSME106055,79.9,80.7,86.2,,82.2,A - Strong,3/4,0
MSME106056,,55.4,,,55.4,B - Moderate,1/4,0
MSME106057,,64.0,85.4,93.0,78.3,A - Strong,3/4,0
MSME106058,54.2,66.1,,,59.2,B - Moderate,2/4,1
MSME106059,65.6,76.8,76.8,,72.4,B - Moderate,3/4,0
MSME106060,47.1,51.8,51.1,,49.7,C - Weak,3/4,0
MSME106061,42.7,70.9,54.5,,54.5,C - Weak,3/4,0
MSME106062,,,29.5,,29.5,D - High Risk,1/4,0
MSME106063,,63.8,52.3,,57.5,B - Moderate,2/4,0
MSME106064,20.1,28.9,,,23.8,D - High Risk,2/4,0
MSME106065,,,50.8,45.0,49.3,C - Weak,2/4,0
MSME106066,,,,,,Unscoreable,0/4,0
MSME106067,32.3,24.3,21.4,,26.4,D - High Risk,3/4,0
MSME106068,,55.0,57.2,,56.2,B - Moderate,2/4,0
MSME106069,45.6,48.8,70.8,,54.9,C - Weak,3/4,0
MSME106070,,,,33.8,33.8,D - High Risk,1/4,0
MSME106071,38.6,,39.8,,39.2,C - Weak,2/4,1
MSME106072,56.0,,50.7,,53.6,C - Weak,2/4,0
MSME106073,21.9,,,,21.9,D - High Risk,1/4,0
MSME106074,60.1,51.4,71.9,,61.6,B - Moderate,3/4,0
MSME106075,,54.3,30.1,,41.1,C - Weak,2/4,0
MSME106076,,24.6,,47.8,31.2,D - High Risk,2/4,0
MSME106077,64.2,79.6,,,70.6,B - Moderate,2/4,0
MSME106078,,81.6,,63.9,76.5,A - Strong,2/4,0
MSME106079,41.2,,30.5,31.7,35.7,C - Weak,3/4,0
MSME106080,,31.2,50.9,,41.9,C - Weak,2/4,0
MSME106081,,66.7,83.2,,75.7,A - Strong,2/4,0
MSME106082,,34.9,,,34.9,D - High Risk,1/4,0
MSME106083,,,,,,Unscoreable,0/4,0
MSME106084,69.3,84.7,,,75.7,A - Strong,2/4,0
MSME106085,64.9,54.0,76.8,,65.8,B - Moderate,3/4,0
MSME106086,50.1,,,,50.1,C - Weak,1/4,0
MSME106087,40.7,,,,40.7,C - Weak,1/4,0
MSME106088,30.9,,15.7,,23.9,D - High Risk,2/4,1
MSME106089,44.3,48.3,51.0,,47.6,C - Weak,3/4,0
MSME106090,,49.4,,,49.4,C - Weak,1/4,0
MSME106091,67.2,82.6,70.7,86.1,74.0,B - Moderate,4/4,0
MSME106092,,53.7,,,53.7,C - Weak,1/4,0
MSME106093,,66.6,,,66.6,B - Moderate,1/4,0
MSME106094,,78.3,,85.6,80.4,A - Strong,2/4,0
MSME106095,43.6,41.6,58.9,,48.1,C - Weak,3/4,0
MSME106096,,39.3,46.5,,43.2,C - Weak,2/4,1
MSME106097,,,,50.0,50.0,C - Weak,1/4,0
MSME106098,84.8,,90.0,,87.2,A - Strong,2/4,0
MSME106099,,77.4,68.3,59.1,70.4,B - Moderate,3/4,0
MSME106100,,78.9,,54.5,71.9,B - Moderate,2/4,0
MSME106101,33.9,33.4,,54.3,36.6,C - Weak,3/4,0
MSME106102,34.3,,,,34.3,D - High Risk,1/4,0
MSME106103,41.2,,,48.2,42.8,C - Weak,2/4,1
MSME106104,62.8,71.5,79.5,,70.8,B - Moderate,3/4,0
MSME106105,49.5,40.8,59.4,50.4,50.4,C - Weak,4/4,0
MSME106106,88.4,88.4,79.8,73.7,84.3,A - Strong,4/4,0
MSME106107,,68.0,,,68.0,B - Moderate,1/4,0
MSME106108,69.8,72.9,,,71.1,B - Moderate,2/4,0
MSME106109,32.5,39.1,,,35.2,C - Weak,2/4,0
MSME106110,40.7,39.4,,,40.2,C - Weak,2/4,0
MSME106111,,78.0,,,78.0,A - Strong,1/4,0
MSME106112,,19.9,42.2,,32.1,D - High Risk,2/4,0
MSME106113,84.0,,,,84.0,A - Strong,1/4,0
MSME106114,39.4,49.6,,,43.7,C - Weak,2/4,0
MSME106115,,,45.6,30.3,41.8,C - Weak,2/4,0
MSME106116,52.6,61.6,,,56.4,B - Moderate,2/4,0
MSME106117,,48.9,,,48.9,C - Weak,1/4,0
MSME106118,78.2,87.1,,74.3,80.8,A - Strong,3/4,0
MSME106119,,24.2,,,24.2,D - High Risk,1/4,1
MSME106120,77.0,88.2,71.2,,78.2,A - Strong,3/4,0
MSME106121,48.2,49.1,45.6,,47.6,C - Weak,3/4,1
MSME106122,,,63.1,,63.1,B - Moderate,1/4,0
MSME106123,36.2,39.8,46.8,,40.7,C - Weak,3/4,0
MSME106124,,65.1,,,65.1,B - Moderate,1/4,0
MSME106125,,61.9,,,61.9,B - Moderate,1/4,0
MSME106126,,42.2,,,42.2,C - Weak,1/4,0
MSME106127,,75.5,56.5,,65.1,B - Moderate,2/4,0
MSME106128,51.2,57.0,,,53.6,C - Weak,2/4,0
MSME106129,,71.0,76.0,,73.7,B - Moderate,2/4,0
MSME106130,,22.7,24.9,,23.9,D - High Risk,2/4,1
MSME106131,40.8,80.5,,,57.3,B - Moderate,2/4,0
MSME106132,89.6,93.4,86.9,90.7,89.8,A - Strong,4/4,0
MSME106133,,56.3,52.4,,54.2,C - Weak,2/4,0
MSME106134,,88.4,87.1,,87.7,A - Strong,2/4,0
MSME106135,76.7,,,,76.7,A - Strong,1/4,0
MSME106136,79.4,,72.8,88.8,78.0,A - Strong,3/4,0
MSME106137,,78.6,86.2,,82.7,A - Strong,2/4,0
MSME106138,,57.1,,,57.1,B - Moderate,1/4,0
MSME106139,78.1,89.7,85.8,,83.9,A - Strong,3/4,0
MSME106140,25.9,24.5,15.8,23.7,22.3,D - High Risk,4/4,1
MSME106141,89.3,91.5,88.8,,89.7,A - Strong,3/4,0
MSME106142,,87.5,76.7,,81.6,A - Strong,2/4,0
MSME106143,24.6,26.8,,,25.5,D - High Risk,2/4,0
MSME106144,88.3,87.5,80.6,,85.5,A - Strong,3/4,0
MSME106145,46.2,56.0,,,50.3,C - Weak,2/4,0
MSME106146,74.7,74.5,58.9,57.9,68.2,B - Moderate,4/4,0
MSME106147,45.7,75.0,72.3,,62.7,B - Moderate,3/4,0
MSME106148,70.2,,65.5,,68.0,B - Moderate,2/4,0
MSME106149,78.1,71.1,89.9,,80.1,A - Strong,3/4,0
MSME106150,59.5,42.5,67.2,,57.3,B - Moderate,3/4,1
MSME106151,60.8,,40.3,,51.3,C - Weak,2/4,0
MSME106152,,44.4,,,44.4,C - Weak,1/4,0
MSME106153,79.9,81.5,77.3,,79.5,A - Strong,3/4,0
MSME106154,,60.3,49.0,,54.1,C - Weak,2/4,0
MSME106155,86.3,92.3,,,88.8,A - Strong,2/4,0
MSME106156,,26.8,,,26.8,D - High Risk,1/4,0
MSME106157,49.7,54.2,,,51.6,C - Weak,2/4,0
MSME106158,,,,,,Unscoreable,0/4,0
MSME106159,89.3,87.5,79.7,,85.6,A - Strong,3/4,0
MSME106160,63.2,65.6,64.4,65.4,64.4,B - Moderate,4/4,0
MSME106161,,,,,,Unscoreable,0/4,1
MSME106162,,29.6,53.9,,42.9,C - Weak,2/4,1
MSME106163,,33.7,27.7,,30.4,D - High Risk,2/4,1
MSME106164,83.8,,,,83.8,A - Strong,1/4,0
MSME106165,78.3,86.7,,88.1,82.7,A - Strong,3/4,0
MSME106166,38.2,55.9,34.3,,41.8,C - Weak,3/4,0
MSME106167,,26.3,,,26.3,D - High Risk,1/4,1
MSME106168,,37.6,51.9,,45.4,C - Weak,2/4,0
MSME106169,72.9,72.0,69.2,78.6,72.1,B - Moderate,4/4,0
MSME106170,,83.0,81.3,81.7,82.0,A - Strong,3/4,0
MSME106171,,79.0,63.6,,70.6,B - Moderate,2/4,0
MSME106172,,,,21.8,21.8,D - High Risk,1/4,0
MSME106173,,41.9,32.6,,36.8,C - Weak,2/4,0
MSME106174,79.1,77.5,83.0,,80.0,A - Strong,3/4,0
MSME106175,57.4,,53.2,47.6,54.4,C - Weak,3/4,0
MSME106176,78.4,,73.5,,76.1,A - Strong,2/4,0
MSME106177,87.3,81.6,,,84.9,A - Strong,2/4,0
MSME106178,66.9,46.5,,,58.4,B - Moderate,2/4,0
MSME106179,,47.5,,37.4,44.6,C - Weak,2/4,0
MSME106180,58.4,64.6,55.0,,59.0,B - Moderate,3/4,0
MSME106181,55.7,60.4,64.1,,59.8,B - Moderate,3/4,0
MSME106182,83.7,,82.4,86.8,83.6,A - Strong,3/4,0
MSME106183,90.0,82.5,89.7,,87.8,A - Strong,3/4,0
MSME106184,,48.6,,,48.6,C - Weak,1/4,0
MSME106185,38.4,49.6,,,43.1,C - Weak,2/4,0
MSME106186,67.3,,71.6,,69.3,B - Moderate,2/4,0
MSME106187,90.8,93.9,,88.3,91.6,A - Strong,3/4,0
MSME106188,,48.2,63.0,,56.3,B - Moderate,2/4,0
MSME106189,,68.2,,,68.2,B - Moderate,1/4,0
MSME106190,70.6,73.7,,64.9,70.9,B - Moderate,3/4,0
MSME106191,86.3,84.0,76.1,74.6,81.5,A - Strong,4/4,0
MSME106192,35.3,44.5,,,39.1,C - Weak,2/4,1
MSME106193,74.3,84.9,75.8,,77.7,A - Strong,3/4,0
MSME106194,65.0,73.7,,,68.6,B - Moderate,2/4,0
MSME106195,,65.2,,,65.2,B - Moderate,1/4,0
MSME106196,72.4,81.3,73.6,,75.3,A - Strong,3/4,0
MSME106197,43.8,48.9,47.4,,46.4,C - Weak,3/4,1
MSME106198,80.7,88.0,,,83.7,A - Strong,2/4,0
MSME106199,,,,82.7,82.7,A - Strong,1/4,0
MSME106200,65.3,62.1,,,64.0,B - Moderate,2/4,0
MSME106201,,23.8,16.7,,19.9,D - High Risk,2/4,0
MSME106202,72.1,80.2,,,75.5,A - Strong,2/4,0
MSME106203,59.0,67.3,,58.7,61.9,B - Moderate,3/4,0
MSME106204,45.5,45.2,,,45.4,C - Weak,2/4,0
MSME106205,68.0,,65.1,54.7,65.1,B - Moderate,3/4,0
MSME106206,,47.2,49.7,,48.6,C - Weak,2/4,0
MSME106207,48.4,,,,48.4,C - Weak,1/4,0
MSME106208,18.2,19.0,,,18.5,D - High Risk,2/4,0
MSME106209,45.4,57.4,18.8,29.5,38.8,C - Weak,4/4,0
MSME106210,,31.0,,,31.0,D - High Risk,1/4,0
MSME106211,21.5,22.2,,18.1,21.3,D - High Risk,3/4,1
MSME106212,,69.7,,,69.7,B - Moderate,1/4,0
MSME106213,,44.7,,,44.7,C - Weak,1/4,0
MSME106214,,41.3,,,41.3,C - Weak,1/4,0
MSME106215,47.0,53.7,,,49.8,C - Weak,2/4,0
MSME106216,,64.9,,,64.9,B - Moderate,1/4,1
MSME106217,71.2,,82.0,68.9,75.2,A - Strong,3/4,0
MSME106218,90.2,91.0,,,90.5,A - Strong,2/4,0
MSME106219,76.3,,75.7,,76.0,A - Strong,2/4,0
MSME106220,77.6,70.0,73.5,,74.1,B - Moderate,3/4,0
MSME106221,61.3,55.4,64.5,,60.7,B - Moderate,3/4,0
MSME106222,60.3,64.0,,,61.8,B - Moderate,2/4,0
MSME106223,27.6,,,49.5,32.5,D - High Risk,2/4,0
MSME106224,33.3,37.2,,,34.9,D - High Risk,2/4,0
MSME106225,42.5,45.6,,,43.8,C - Weak,2/4,0
MSME106226,,43.2,35.5,,39.0,C - Weak,2/4,0
MSME106227,43.9,75.1,45.6,,53.1,C - Weak,3/4,0
MSME106228,,41.5,,16.9,34.5,D - High Risk,2/4,0
MSME106229,,58.5,70.4,,65.0,B - Moderate,2/4,0
MSME106230,81.5,75.7,,84.9,79.9,A - Strong,3/4,0
MSME106231,,87.8,,64.4,81.1,A - Strong,2/4,0
MSME106232,,,22.3,33.6,25.1,D - High Risk,2/4,1
MSME106233,,24.7,,,24.7,D - High Risk,1/4,0
MSME106234,,24.9,,,24.9,D - High Risk,1/4,0
MSME106235,,69.1,65.7,,67.2,B - Moderate,2/4,0
MSME106236,83.7,86.4,,,84.8,A - Strong,2/4,0
MSME106237,,,34.2,39.7,35.6,C - Weak,2/4,0
MSME106238,48.1,51.2,,,49.4,C - Weak,2/4,0
MSME106239,,83.4,71.9,,77.1,A - Strong,2/4,0
MSME106240,52.8,,,54.0,53.1,C - Weak,2/4,0
MSME106241,43.1,40.0,40.9,,41.5,C - Weak,3/4,0
MSME106242,55.3,72.9,,,62.6,B - Moderate,2/4,0
MSME106243,70.3,,,,70.3,B - Moderate,1/4,0
MSME106244,50.0,49.0,,,49.6,C - Weak,2/4,0
MSME106245,40.4,47.1,52.7,,46.4,C - Weak,3/4,0
MSME106246,79.8,80.8,,68.9,78.6,A - Strong,3/4,0
MSME106247,,51.6,,,51.6,C - Weak,1/4,0
MSME106248,,35.0,,,35.0,C - Weak,1/4,1
MSME106249,,64.5,,,64.5,B - Moderate,1/4,0
MSME106250,32.9,,24.5,,29.0,D - High Risk,2/4,1
MSME106251,18.3,33.9,,,24.8,D - High Risk,2/4,1
MSME106252,,28.0,,,28.0,D - High Risk,1/4,0
MSME106253,,48.9,,,48.9,C - Weak,1/4,0
MSME106254,45.2,,,58.5,48.2,C - Weak,2/4,0
MSME106255,87.8,88.1,88.8,,88.2,A - Strong,3/4,0
MSME106256,89.7,92.7,89.1,,90.3,A - Strong,3/4,0
MSME106257,41.0,58.4,,,48.2,C - Weak,2/4,0
MSME106258,86.4,88.5,82.1,,85.6,A - Strong,3/4,0
MSME106259,,17.8,14.5,,16.0,D - High Risk,2/4,0
MSME106260,86.3,87.0,,,86.6,A - Strong,2/4,0
MSME106261,,41.3,,,41.3,C - Weak,1/4,0
MSME106262,67.3,74.1,89.3,,76.5,A - Strong,3/4,0
MSME106263,57.7,,49.8,,54.1,C - Weak,2/4,1
MSME106264,82.6,80.1,,,81.6,A - Strong,2/4,0
MSME106265,52.7,57.7,,41.0,52.8,C - Weak,3/4,0
MSME106266,,70.1,,,70.1,B - Moderate,1/4,0
MSME106267,67.1,82.4,,,73.5,B - Moderate,2/4,0
MSME106268,29.3,34.8,25.2,,29.5,D - High Risk,3/4,1
MSME106269,,43.9,35.2,,39.2,C - Weak,2/4,0
MSME106270,41.6,52.7,,44.1,45.9,C - Weak,3/4,0
MSME106271,73.2,68.3,62.7,,68.3,B - Moderate,3/4,0
MSME106272,,46.1,77.5,,63.2,B - Moderate,2/4,0
MSME106273,,30.3,32.6,,31.6,D - High Risk,2/4,0
MSME106274,,60.5,51.9,,55.8,B - Moderate,2/4,0
MSME106275,68.9,73.8,,,70.9,B - Moderate,2/4,0
MSME106276,54.0,53.1,,,53.6,C - Weak,2/4,0
MSME106277,,,68.9,,68.9,B - Moderate,1/4,0
MSME106278,69.9,,76.7,,73.0,B - Moderate,2/4,0
MSME106279,,56.0,46.2,,50.7,C - Weak,2/4,0
MSME106280,,53.7,78.5,,67.2,B - Moderate,2/4,0
MSME106281,,87.5,68.1,,76.9,A - Strong,2/4,0
MSME106282,57.8,72.0,58.4,73.9,63.1,B - Moderate,4/4,0
MSME106283,82.9,80.0,88.5,,84.0,A - Strong,3/4,0
MSME106284,41.7,,55.7,,48.2,C - Weak,2/4,0
MSME106285,,,,,,Unscoreable,0/4,0
MSME106286,88.6,93.1,,,90.5,A - Strong,2/4,0
MSME106287,75.1,81.9,77.4,,77.8,A - Strong,3/4,0
MSME106288,,51.9,42.5,,46.8,C - Weak,2/4,0
MSME106289,,44.9,42.7,,43.7,C - Weak,2/4,0
MSME106290,37.6,52.0,,30.7,41.8,C - Weak,3/4,0
MSME106291,79.8,77.8,82.8,,80.2,A - Strong,3/4,0
MSME106292,,33.0,,43.1,35.9,C - Weak,2/4,1
MSME106293,56.5,,61.8,50.4,57.8,B - Moderate,3/4,0
MSME106294,,42.0,23.3,,31.8,D - High Risk,2/4,1
MSME106295,28.4,45.3,,,35.4,C - Weak,2/4,0
MSME106296,73.3,,,77.3,74.2,B - Moderate,2/4,0
MSME106297,41.1,46.8,,,43.5,C - Weak,2/4,0
MSME106298,55.3,44.1,,74.1,54.0,C - Weak,3/4,0
MSME106299,71.0,,73.8,74.5,72.6,B - Moderate,3/4,0
MSME106300,,24.3,30.5,45.4,30.4,D - High Risk,3/4,0
MSME106301,86.0,90.4,79.2,81.1,84.6,A - Strong,4/4,0
MSME106302,,34.7,,33.8,34.4,D - High Risk,2/4,0
MSME106303,,,53.4,,53.4,C - Weak,1/4,0
MSME106304,,,,59.8,59.8,B - Moderate,1/4,0
MSME106305,48.0,63.5,49.7,,52.9,C - Weak,3/4,0
MSME106306,68.0,90.3,,,77.3,A - Strong,2/4,0
MSME106307,,30.9,32.6,,31.8,D - High Risk,2/4,0
MSME106308,,78.6,78.5,,78.5,A - Strong,2/4,0
MSME106309,54.6,65.8,,55.6,58.7,B - Moderate,3/4,0
MSME106310,,19.0,,,19.0,D - High Risk,1/4,0
MSME106311,70.2,74.3,66.7,68.2,70.0,B - Moderate,4/4,0
MSME106312,81.3,,90.6,88.7,86.0,A - Strong,3/4,0
MSME106313,,40.5,,,40.5,C - Weak,1/4,0
MSME106314,74.2,,70.4,,72.4,B - Moderate,2/4,0
MSME106315,43.2,51.2,,,46.5,C - Weak,2/4,0
MSME106316,78.6,88.5,85.0,,83.5,A - Strong,3/4,0
MSME106317,78.8,84.6,92.5,,85.0,A - Strong,3/4,0
MSME106318,,20.7,,,20.7,D - High Risk,1/4,1
MSME106319,,68.7,,,68.7,B - Moderate,1/4,0
MSME106320,53.8,42.7,60.7,,53.0,C - Weak,3/4,0
MSME106321,53.1,61.0,,54.9,56.2,B - Moderate,3/4,0
MSME106322,,,,,,Unscoreable,0/4,0
MSME106323,,52.8,41.5,,46.6,C - Weak,2/4,0
MSME106324,88.0,93.4,77.0,,85.8,A - Strong,3/4,0
MSME106325,,67.5,,,67.5,B - Moderate,1/4,0
MSME106326,89.3,92.5,,,90.6,A - Strong,2/4,0
MSME106327,89.6,91.6,90.9,,90.6,A - Strong,3/4,0
MSME106328,80.0,82.3,,80.2,80.8,A - Strong,3/4,0
MSME106329,,30.3,,,30.3,D - High Risk,1/4,1
MSME106330,41.7,51.1,59.7,57.7,51.1,C - Weak,4/4,0
MSME106331,,,74.7,87.7,78.0,A - Strong,2/4,0
MSME106332,,25.0,,,25.0,D - High Risk,1/4,0
MSME106333,,71.0,63.6,,67.0,B - Moderate,2/4,0
MSME106334,87.5,91.2,,,89.0,A - Strong,2/4,0
MSME106335,33.3,25.9,32.9,,31.1,D - High Risk,3/4,0
MSME106336,48.5,72.6,,,58.5,B - Moderate,2/4,0
MSME106337,,,29.1,,29.1,D - High Risk,1/4,0
MSME106338,42.8,48.0,,,45.0,C - Weak,2/4,0
MSME106339,87.3,88.6,81.6,,85.8,A - Strong,3/4,0
MSME106340,89.6,92.9,,80.7,89.5,A - Strong,3/4,0
MSME106341,84.4,,82.0,,83.3,A - Strong,2/4,0
MSME106342,,59.6,61.2,61.7,60.7,B - Moderate,3/4,0
MSME106343,23.0,37.8,15.9,,24.7,D - High Risk,3/4,0
MSME106344,,60.6,,,60.6,B - Moderate,1/4,0
MSME106345,88.3,82.7,86.4,,86.1,A - Strong,3/4,0
MSME106346,88.6,,90.7,,89.6,A - Strong,2/4,0
MSME106347,,60.6,60.9,52.7,59.5,B - Moderate,3/4,0
MSME106348,21.9,44.0,,,31.1,D - High Risk,2/4,0
MSME106349,67.7,,64.6,,66.3,B - Moderate,2/4,0
MSME106350,,46.8,38.0,,42.0,C - Weak,2/4,0
MSME106351,86.9,85.7,,,86.4,A - Strong,2/4,1
MSME106352,80.7,92.5,84.6,,85.3,A - Strong,3/4,0
MSME106353,77.6,83.1,83.4,,81.1,A - Strong,3/4,0
MSME106354,,64.7,,,64.7,B - Moderate,1/4,0
MSME106355,,85.3,80.0,,82.4,A - Strong,2/4,0
MSME106356,80.0,85.6,65.5,,76.7,A - Strong,3/4,0
MSME106357,,,85.3,90.0,86.5,A - Strong,2/4,0
MSME106358,63.6,68.9,69.9,,67.2,B - Moderate,3/4,0
MSME106359,56.7,56.4,,,56.6,B - Moderate,2/4,0
MSME106360,32.2,48.5,,,39.0,C - Weak,2/4,0
MSME106361,69.1,68.5,73.8,,70.5,B - Moderate,3/4,0
MSME106362,36.7,,46.6,,41.3,C - Weak,2/4,1
MSME106363,83.9,92.7,77.5,,84.2,A - Strong,3/4,0
MSME106364,54.2,69.5,,67.0,61.5,B - Moderate,3/4,0
MSME106365,,78.5,79.5,,79.0,A - Strong,2/4,0
MSME106366,,,33.2,,33.2,D - High Risk,1/4,0
MSME106367,41.3,29.5,23.0,33.6,32.1,D - High Risk,4/4,0
MSME106368,28.9,21.9,,,26.0,D - High Risk,2/4,1
MSME106369,86.7,87.4,,66.6,84.1,A - Strong,3/4,0
MSME106370,84.8,86.0,88.0,,86.2,A - Strong,3/4,0
MSME106371,,71.3,,,71.3,B - Moderate,1/4,0
MSME106372,92.2,91.9,,,92.1,A - Strong,2/4,0
MSME106373,,,,73.2,73.2,B - Moderate,1/4,0
MSME106374,82.4,82.9,77.7,,81.0,A - Strong,3/4,0
MSME106375,90.1,91.7,,,90.8,A - Strong,2/4,0
MSME106376,,26.0,,,26.0,D - High Risk,1/4,0
MSME106377,74.8,,83.6,,78.9,A - Strong,2/4,0
MSME106378,42.6,40.5,,,41.7,C - Weak,2/4,0
MSME106379,,29.6,,,29.6,D - High Risk,1/4,0
MSME106380,,,28.7,,28.7,D - High Risk,1/4,0
MSME106381,83.3,,89.8,,86.3,A - Strong,2/4,0
MSME106382,90.9,92.2,88.1,,90.3,A - Strong,3/4,0
MSME106383,,46.6,59.5,65.0,55.4,B - Moderate,3/4,0
MSME106384,76.2,85.5,72.6,,77.6,A - Strong,3/4,0
MSME106385,,69.5,73.4,,71.6,B - Moderate,2/4,0
MSME106386,,53.6,,,53.6,C - Weak,1/4,0
MSME106387,37.9,64.8,,,49.1,C - Weak,2/4,0
MSME106388,78.0,,88.0,78.2,82.0,A - Strong,3/4,0
MSME106389,54.3,67.3,,,59.7,B - Moderate,2/4,0
MSME106390,88.8,94.3,,,91.1,A - Strong,2/4,0
MSME106391,69.1,77.1,74.0,,73.0,B - Moderate,3/4,0
MSME106392,,,,55.4,55.4,B - Moderate,1/4,1
MSME106393,,22.5,19.7,,21.0,D - High Risk,2/4,1
MSME106394,77.7,92.0,,,83.7,A - Strong,2/4,0
MSME106395,63.1,71.3,,66.4,66.5,B - Moderate,3/4,0
MSME106396,89.0,90.1,89.9,93.5,90.0,A - Strong,4/4,0
MSME106397,,41.4,56.5,,49.6,C - Weak,2/4,0
MSME106398,76.5,83.2,85.5,,81.4,A - Strong,3/4,0
MSME106399,88.5,91.3,,77.1,87.9,A - Strong,3/4,0
MSME106400,57.5,62.8,41.2,,53.5,C - Weak,3/4,1
MSME106401,68.4,50.1,79.7,46.1,65.0,B - Moderate,4/4,0
MSME106402,38.9,,,50.3,41.4,C - Weak,2/4,0
MSME106403,,,41.1,62.4,46.4,C - Weak,2/4,0
MSME106404,66.1,,38.9,,53.5,C - Weak,2/4,0
MSME106405,,81.7,81.2,,81.4,A - Strong,2/4,0
MSME106406,65.4,,61.3,,63.5,B - Moderate,2/4,0
MSME106407,78.5,63.8,,,72.4,B - Moderate,2/4,0
MSME106408,,51.9,50.7,,51.2,C - Weak,2/4,0
MSME106409,,21.8,16.0,,18.6,D - High Risk,2/4,1
MSME106410,82.3,90.5,,,85.7,A - Strong,2/4,0
MSME106411,71.2,,73.5,,72.3,B - Moderate,2/4,0
MSME106412,,57.6,59.4,62.6,59.2,B - Moderate,3/4,0
MSME106413,87.6,90.2,88.9,,88.8,A - Strong,3/4,0
MSME106414,79.9,89.4,74.9,,80.9,A - Strong,3/4,0
MSME106415,,75.0,,,75.0,A - Strong,1/4,1
MSME106416,45.0,49.7,,21.3,43.3,C - Weak,3/4,1
MSME106417,67.7,67.9,64.3,,66.6,B - Moderate,3/4,1
MSME106418,,62.9,66.6,,64.9,B - Moderate,2/4,0
MSME106419,56.0,56.1,,52.7,55.6,B - Moderate,3/4,0
MSME106420,65.5,62.2,,,64.1,B - Moderate,2/4,0
MSME106421,24.0,,22.8,,23.4,D - High Risk,2/4,0
MSME106422,,,,61.7,61.7,B - Moderate,1/4,0
MSME106423,81.2,92.8,74.2,,82.1,A - Strong,3/4,0
MSME106424,39.8,56.6,,,46.8,C - Weak,2/4,0
MSME106425,19.6,39.9,,,28.1,D - High Risk,2/4,1
MSME106426,39.8,38.4,36.9,,38.4,C - Weak,3/4,0
MSME106427,,66.4,57.4,,61.5,B - Moderate,2/4,0
MSME106428,,58.6,,,58.6,B - Moderate,1/4,0
MSME106429,,53.3,58.1,,55.9,B - Moderate,2/4,0
MSME106430,,60.3,,,60.3,B - Moderate,1/4,0
MSME106431,,24.1,,,24.1,D - High Risk,1/4,1
MSME106432,72.0,77.2,,85.2,75.7,A - Strong,3/4,0
MSME106433,57.7,,,61.2,58.5,B - Moderate,2/4,0
MSME106434,,31.5,26.8,,28.9,D - High Risk,2/4,1
MSME106435,83.9,80.0,,,82.3,A - Strong,2/4,0
MSME106436,52.7,45.8,,,49.8,C - Weak,2/4,0
MSME106437,80.3,72.4,,,77.0,A - Strong,2/4,0
MSME106438,84.2,92.3,,,87.6,A - Strong,2/4,0
MSME106439,79.0,92.7,76.7,,82.0,A - Strong,3/4,0
MSME106440,,66.4,73.4,,70.2,B - Moderate,2/4,0
MSME106441,,59.3,44.0,,51.0,C - Weak,2/4,0
MSME106442,62.5,,,,62.5,B - Moderate,1/4,0
MSME106443,86.7,92.4,90.9,,89.7,A - Strong,3/4,0
MSME106444,71.2,64.9,62.2,,66.5,B - Moderate,3/4,0
MSME106445,,83.8,83.0,71.2,81.5,A - Strong,3/4,0
MSME106446,66.9,40.7,39.9,,50.6,C - Weak,3/4,0
MSME106447,24.9,42.1,44.4,66.4,39.2,C - Weak,4/4,0
MSME106448,,,17.5,36.1,22.1,D - High Risk,2/4,1
MSME106449,86.5,92.9,,63.9,85.6,A - Strong,3/4,0
MSME106450,65.9,76.7,70.8,54.6,68.9,B - Moderate,4/4,0
MSME106451,,61.0,44.9,,52.2,C - Weak,2/4,0
MSME106452,,44.9,,,44.9,C - Weak,1/4,0
MSME106453,,34.2,,,34.2,D - High Risk,1/4,0
MSME106454,,43.3,51.7,,47.9,C - Weak,2/4,0
MSME106455,85.6,90.2,,,87.5,A - Strong,2/4,0
MSME106456,43.5,57.0,,,49.1,C - Weak,2/4,0
MSME106457,,68.8,76.5,84.5,74.8,B - Moderate,3/4,0
MSME106458,23.0,,,,23.0,D - High Risk,1/4,0
MSME106459,,23.8,,,23.8,D - High Risk,1/4,1
MSME106460,,25.5,30.4,,28.2,D - High Risk,2/4,1
MSME106461,56.7,85.4,,,68.7,B - Moderate,2/4,0
MSME106462,58.3,,,,58.3,B - Moderate,1/4,0
MSME106463,80.6,73.2,65.0,53.9,71.4,B - Moderate,4/4,0
MSME106464,43.5,50.7,39.7,,44.2,C - Weak,3/4,1
MSME106465,,,68.0,,68.0,B - Moderate,1/4,0
MSME106466,,27.4,,,27.4,D - High Risk,1/4,1
MSME106467,,85.1,,81.8,84.2,A - Strong,2/4,0
MSME106468,,84.9,74.0,87.6,80.3,A - Strong,3/4,0
MSME106469,,,,39.6,39.6,C - Weak,1/4,0
MSME106470,91.0,88.6,92.2,,90.7,A - Strong,3/4,0
MSME106471,37.6,35.0,48.1,,40.4,C - Weak,3/4,0
MSME106472,74.6,,59.1,66.0,67.3,B - Moderate,3/4,0
MSME106473,59.5,,72.4,,65.5,B - Moderate,2/4,0
MSME106474,75.0,81.9,,70.5,76.8,A - Strong,3/4,0
MSME106475,56.0,,,,56.0,B - Moderate,1/4,0
MSME106476,,52.0,56.8,49.7,53.9,C - Weak,3/4,0
MSME106477,50.7,51.1,,,50.9,C - Weak,2/4,0
MSME106478,,56.7,,,56.7,B - Moderate,1/4,0
MSME106479,,53.3,,,53.3,C - Weak,1/4,0
MSME106480,52.3,,56.3,66.9,55.8,B - Moderate,3/4,0
MSME106481,,58.0,62.8,,60.6,B - Moderate,2/4,0
MSME106482,83.5,,80.1,93.1,83.4,A - Strong,3/4,0
MSME106483,75.2,,,,75.2,A - Strong,1/4,1
MSME106484,,61.2,66.3,71.0,65.1,B - Moderate,3/4,0
MSME106485,37.2,,33.0,46.0,36.7,C - Weak,3/4,0
MSME106486,25.8,25.6,24.9,,25.4,D - High Risk,3/4,0
MSME106487,,,,,,Unscoreable,0/4,0
MSME106488,,58.9,69.6,,64.7,B - Moderate,2/4,0
MSME106489,,76.7,92.0,,85.0,A - Strong,2/4,0
MSME106490,66.6,,,,66.6,B - Moderate,1/4,0
MSME106491,77.1,86.3,80.9,,80.9,A - Strong,3/4,0
MSME106492,45.5,,,54.4,47.5,C - Weak,2/4,0
MSME106493,27.0,32.4,,,29.2,D - High Risk,2/4,0
MSME106494,75.7,75.3,72.0,,74.4,B - Moderate,3/4,1
MSME106495,73.5,81.1,76.2,,76.5,A - Strong,3/4,0
MSME106496,,55.1,,42.8,51.6,C - Weak,2/4,1
MSME106497,,39.8,23.3,,30.8,D - High Risk,2/4,1
MSME106498,,41.6,33.8,,37.3,C - Weak,2/4,0
MSME106499,25.8,30.3,,,27.7,D - High Risk,2/4,0
MSME106500,54.2,57.7,,,55.7,B - Moderate,2/4,1
MSME106501,,34.8,,,34.8,D - High Risk,1/4,0
MSME106502,81.7,85.7,86.7,,84.5,A - Strong,3/4,0
MSME106503,27.2,30.3,33.6,,30.2,D - High Risk,3/4,0
MSME106504,,,,,,Unscoreable,0/4,0
MSME106505,17.2,21.6,,,19.0,D - High Risk,2/4,1
MSME106506,81.1,,81.4,82.4,81.4,A - Strong,3/4,0
MSME106507,,75.2,,,75.2,A - Strong,1/4,0
MSME106508,,82.7,,,82.7,A - Strong,1/4,0
MSME106509,,47.8,61.5,,55.3,B - Moderate,2/4,0
MSME106510,71.3,81.1,86.3,,79.0,A - Strong,3/4,0
MSME106511,57.9,43.2,51.2,,51.6,C - Weak,3/4,0
MSME106512,89.3,91.9,85.7,,88.8,A - Strong,3/4,0
MSME106513,36.6,,48.8,54.6,43.9,C - Weak,3/4,0
MSME106514,,88.1,,,88.1,A - Strong,1/4,0
MSME106515,88.0,92.4,85.2,,88.3,A - Strong,3/4,0
MSME106516,88.7,89.6,89.9,,89.4,A - Strong,3/4,0
MSME106517,38.2,,18.5,36.5,30.1,D - High Risk,3/4,0
MSME106518,,76.1,79.5,,78.0,A - Strong,2/4,0
MSME106519,,22.1,,,22.1,D - High Risk,1/4,1
MSME106520,39.3,58.5,,24.6,44.1,C - Weak,3/4,0
MSME106521,,57.3,,,57.3,B - Moderate,1/4,0
MSME106522,21.7,21.3,,,21.5,D - High Risk,2/4,1
MSME106523,,33.8,,,33.8,D - High Risk,1/4,0
MSME106524,25.1,40.4,26.7,,29.9,D - High Risk,3/4,0
MSME106525,76.0,73.1,,,74.8,B - Moderate,2/4,0
MSME106526,62.8,64.5,,,63.5,B - Moderate,2/4,0
MSME106527,45.2,56.8,,,50.0,C - Weak,2/4,0
MSME106528,,24.5,,,24.5,D - High Risk,1/4,1
MSME106529,32.2,,30.7,,31.5,D - High Risk,2/4,0
MSME106530,47.2,43.4,,,45.6,C - Weak,2/4,1
MSME106531,72.6,,79.0,90.6,77.6,A - Strong,3/4,0
MSME106532,87.0,89.6,86.7,92.6,88.1,A - Strong,4/4,0
MSME106533,62.2,70.5,79.3,,70.2,B - Moderate,3/4,0
MSME106534,,,,,,Unscoreable,0/4,0
MSME106535,74.8,76.7,,,75.6,A - Strong,2/4,0
MSME106536,41.7,31.7,,46.6,38.8,C - Weak,3/4,0
MSME106537,,23.0,26.2,,24.7,D - High Risk,2/4,0
MSME106538,40.2,38.4,,,39.5,C - Weak,2/4,0
MSME106539,86.1,93.3,82.0,,86.7,A - Strong,3/4,0
MSME106540,40.3,,54.1,,46.7,C - Weak,2/4,0
MSME106541,,23.2,,,23.2,D - High Risk,1/4,1
MSME106542,,,57.1,67.4,59.7,B - Moderate,2/4,1
MSME106543,,43.0,,,43.0,C - Weak,1/4,0
MSME106544,48.3,67.1,,,56.1,B - Moderate,2/4,0
MSME106545,28.9,44.1,38.4,43.2,37.0,C - Weak,4/4,0
MSME106546,20.5,18.9,,,19.8,D - High Risk,2/4,1
MSME106547,,62.7,44.7,,52.9,C - Weak,2/4,0
MSME106548,75.9,66.1,,,71.8,B - Moderate,2/4,0
MSME106549,76.6,77.8,,,77.1,A - Strong,2/4,0
MSME106550,,73.8,73.2,,73.5,B - Moderate,2/4,0
MSME106551,,,84.2,92.2,86.2,A - Strong,2/4,0
MSME106552,68.3,47.5,,57.1,59.3,B - Moderate,3/4,0
MSME106553,,62.6,,,62.6,B - Moderate,1/4,0
MSME106554,46.7,46.2,,36.4,45.1,C - Weak,3/4,0
MSME106555,,20.2,20.6,,20.4,D - High Risk,2/4,0
MSME106556,75.3,,87.2,89.2,81.9,A - Strong,3/4,0
MSME106557,,82.9,,,82.9,A - Strong,1/4,0
MSME106558,28.4,41.2,23.9,,30.5,D - High Risk,3/4,0
MSME106559,85.9,87.6,86.5,,86.6,A - Strong,3/4,0
MSME106560,,57.9,59.7,,58.9,B - Moderate,2/4,0
MSME106561,58.8,66.1,50.0,,57.9,B - Moderate,3/4,1
MSME106562,43.0,39.0,,,41.3,C - Weak,2/4,0
MSME106563,62.8,50.9,54.5,71.4,58.2,B - Moderate,4/4,0
MSME106564,,72.5,55.8,,63.4,B - Moderate,2/4,0
MSME106565,50.8,72.6,51.5,68.5,58.2,B - Moderate,4/4,0
MSME106566,68.3,59.4,70.6,61.1,66.0,B - Moderate,4/4,0
MSME106567,42.9,44.4,33.5,,40.2,C - Weak,3/4,0
MSME106568,,21.7,,,21.7,D - High Risk,1/4,0
MSME106569,34.4,29.2,36.7,,33.7,D - High Risk,3/4,0
MSME106570,42.2,44.3,23.3,,36.5,C - Weak,3/4,0
MSME106571,,55.7,63.0,,59.7,B - Moderate,2/4,0
MSME106572,,,77.5,,77.5,A - Strong,1/4,0
MSME106573,22.3,22.5,,,22.4,D - High Risk,2/4,1
MSME106574,33.6,49.1,,,40.1,C - Weak,2/4,0
MSME106575,90.9,87.7,,93.6,90.1,A - Strong,3/4,0
MSME106576,73.2,81.9,,,76.8,A - Strong,2/4,0
MSME106577,,,,56.1,56.1,B - Moderate,1/4,1
MSME106578,43.1,53.1,,45.4,47.0,C - Weak,3/4,1
MSME106579,82.0,,85.2,87.8,84.1,A - Strong,3/4,0
MSME106580,75.9,,83.7,88.1,80.6,A - Strong,3/4,0
MSME106581,53.2,41.3,23.5,,40.0,C - Weak,3/4,0
MSME106582,86.7,91.5,,,88.7,A - Strong,2/4,0
MSME106583,,32.3,,,32.3,D - High Risk,1/4,0
MSME106584,20.1,34.0,,,25.9,D - High Risk,2/4,1
MSME106585,,64.4,,,64.4,B - Moderate,1/4,0
MSME106586,28.4,29.5,,,28.9,D - High Risk,2/4,0
MSME106587,,64.7,62.7,54.0,62.1,B - Moderate,3/4,0
MSME106588,,,35.8,,35.8,C - Weak,1/4,0
MSME106589,,59.0,72.1,,66.1,B - Moderate,2/4,0
MSME106590,46.1,52.3,58.0,,51.8,C - Weak,3/4,0
MSME106591,85.5,91.6,82.9,,86.3,A - Strong,3/4,0
MSME106592,64.1,,54.3,,59.6,B - Moderate,2/4,0
MSME106593,71.7,,79.3,,75.2,A - Strong,2/4,0
MSME106594,82.6,92.6,,69.1,84.2,A - Strong,3/4,0
MSME106595,76.3,90.6,61.7,,75.4,A - Strong,3/4,0
MSME106596,64.1,46.2,,,56.6,B - Moderate,2/4,0
MSME106597,,55.5,54.8,76.2,58.4,B - Moderate,3/4,0
MSME106598,,78.4,60.1,75.9,69.6,B - Moderate,3/4,0
MSME106599,30.4,32.0,,,31.1,D - High Risk,2/4,0
MSME106600,55.6,61.1,,,57.9,B - Moderate,2/4,0
MSME106601,43.4,53.4,42.7,,45.9,C - Weak,3/4,0
MSME106602,66.5,76.0,,,70.5,B - Moderate,2/4,0
MSME106603,,40.1,,,40.1,C - Weak,1/4,0
MSME106604,85.8,,87.5,89.5,87.0,A - Strong,3/4,0
MSME106605,29.5,32.6,,,30.8,D - High Risk,2/4,1
MSME106606,54.6,65.4,52.6,,56.9,B - Moderate,3/4,0
MSME106607,,48.2,54.3,,51.5,C - Weak,2/4,0
MSME106608,83.5,90.2,71.6,,81.4,A - Strong,3/4,0
MSME106609,80.5,90.3,,,84.6,A - Strong,2/4,0
MSME106610,,,,39.6,39.6,C - Weak,1/4,1
MSME106611,,72.8,65.4,,68.8,B - Moderate,2/4,1
MSME106612,30.1,40.8,,,34.6,D - High Risk,2/4,0
MSME106613,,82.4,75.0,,78.4,A - Strong,2/4,0
MSME106614,58.4,79.1,,,67.0,B - Moderate,2/4,0
MSME106615,85.9,92.6,81.9,,86.4,A - Strong,3/4,0
MSME106616,,35.7,35.7,,35.7,C - Weak,2/4,1
MSME106617,56.5,77.1,,,65.1,B - Moderate,2/4,0
MSME106618,85.4,90.5,,,87.5,A - Strong,2/4,0
MSME106619,70.7,79.7,56.1,,68.3,B - Moderate,3/4,0
MSME106620,64.1,53.5,58.2,38.4,57.1,B - Moderate,4/4,0
MSME106621,38.8,43.5,49.2,,43.6,C - Weak,3/4,1
MSME106622,48.9,65.7,58.6,,56.8,B - Moderate,3/4,0
MSME106623,65.9,59.7,,,63.3,B - Moderate,2/4,0
MSME106624,71.1,67.6,,,69.6,B - Moderate,2/4,1
MSME106625,28.4,24.4,19.5,,24.3,D - High Risk,3/4,1
MSME106626,52.1,,,41.4,49.7,C - Weak,2/4,1
MSME106627,,,,,,Unscoreable,0/4,0
MSME106628,86.6,90.7,85.8,,87.5,A - Strong,3/4,0
MSME106629,19.0,24.0,,17.7,20.6,D - High Risk,3/4,1
MSME106630,38.4,,,53.8,41.8,C - Weak,2/4,0
MSME106631,,36.9,,,36.9,C - Weak,1/4,1
MSME106632,83.7,86.2,,,84.7,A - Strong,2/4,0
MSME106633,78.0,,,,78.0,A - Strong,1/4,0
MSME106634,,49.8,,,49.8,C - Weak,1/4,1
MSME106635,64.5,51.5,64.3,,60.8,B - Moderate,3/4,0
MSME106636,26.4,41.2,,,32.6,D - High Risk,2/4,0
MSME106637,37.9,71.3,54.8,57.1,53.2,C - Weak,4/4,0
MSME106638,69.6,57.8,76.5,,68.6,B - Moderate,3/4,0
MSME106639,,,,46.4,46.4,C - Weak,1/4,0
MSME106640,,,,,,Unscoreable,0/4,0
MSME106641,77.8,80.2,,,78.8,A - Strong,2/4,0
MSME106642,,36.8,,,36.8,C - Weak,1/4,0
MSME106643,74.5,73.3,70.0,,72.7,B - Moderate,3/4,0
MSME106644,83.7,85.9,87.0,93.7,86.2,A - Strong,4/4,0
MSME106645,,89.6,,,89.6,A - Strong,1/4,0
MSME106646,32.5,34.7,,,33.4,D - High Risk,2/4,0
MSME106647,,77.4,82.3,,80.1,A - Strong,2/4,0
MSME106648,,,17.4,,17.4,D - High Risk,1/4,1
MSME106649,,63.7,80.4,,72.8,B - Moderate,2/4,0
MSME106650,,62.5,,,62.5,B - Moderate,1/4,0
MSME106651,,,46.5,52.0,47.9,C - Weak,2/4,0
MSME106652,79.6,83.0,78.3,,80.1,A - Strong,3/4,0
MSME106653,,31.5,55.5,,44.6,C - Weak,2/4,0
MSME106654,48.8,47.6,,,48.3,C - Weak,2/4,0
MSME106655,71.5,66.4,,,69.4,B - Moderate,2/4,0
MSME106656,,49.2,,,49.2,C - Weak,1/4,0
MSME106657,56.6,74.0,73.9,73.1,67.8,B - Moderate,4/4,0
MSME106658,84.4,85.1,89.2,,86.2,A - Strong,3/4,0
MSME106659,59.0,79.4,54.3,,63.1,B - Moderate,3/4,0
MSME106660,67.7,59.0,,,64.1,B - Moderate,2/4,0
MSME106661,68.7,,69.0,85.0,71.0,B - Moderate,3/4,0
MSME106662,,53.7,62.7,,58.6,B - Moderate,2/4,0
MSME106663,,,61.6,,61.6,B - Moderate,1/4,0
MSME106664,87.6,90.3,88.3,,88.6,A - Strong,3/4,0
MSME106665,58.5,,57.8,65.9,59.2,B - Moderate,3/4,0
MSME106666,32.7,27.7,16.4,33.5,26.6,D - High Risk,4/4,1
MSME106667,77.8,91.3,77.2,,81.4,A - Strong,3/4,0
MSME106668,63.7,63.0,79.4,53.3,67.2,B - Moderate,4/4,0
MSME106669,73.2,,87.6,,79.8,A - Strong,2/4,0
MSME106670,,73.4,,,73.4,B - Moderate,1/4,0
MSME106671,,28.9,,,28.9,D - High Risk,1/4,1
MSME106672,,41.0,53.8,,48.0,C - Weak,2/4,0
MSME106673,87.9,87.3,87.6,,87.6,A - Strong,3/4,0
MSME106674,66.0,77.1,,,70.6,B - Moderate,2/4,0
MSME106675,,24.0,50.2,,38.3,C - Weak,2/4,0
MSME106676,75.1,55.5,72.2,,68.7,B - Moderate,3/4,0
MSME106677,67.9,64.9,48.6,,60.6,B - Moderate,3/4,0
MSME106678,,22.2,16.5,,19.1,D - High Risk,2/4,1
MSME106679,,,,,,Unscoreable,0/4,0
MSME106680,67.3,,,,67.3,B - Moderate,1/4,0
MSME106681,,29.2,,,29.2,D - High Risk,1/4,1
MSME106682,41.3,,,,41.3,C - Weak,1/4,0
MSME106683,69.9,73.8,71.1,59.6,70.2,B - Moderate,4/4,0
MSME106684,71.4,65.6,,,69.0,B - Moderate,2/4,0
MSME106685,34.5,41.0,,,37.2,C - Weak,2/4,0
MSME106686,,,,,,Unscoreable,0/4,0
MSME106687,,,23.5,,23.5,D - High Risk,1/4,0
MSME106688,,84.0,75.7,,79.5,A - Strong,2/4,0
MSME106689,53.0,46.1,,,50.1,C - Weak,2/4,0
MSME106690,75.4,74.9,,,75.2,A - Strong,2/4,0
MSME106691,34.0,47.9,26.6,35.2,35.4,C - Weak,4/4,0
MSME106692,34.5,,,21.2,31.5,D - High Risk,2/4,0
MSME106693,88.5,92.6,74.5,,85.0,A - Strong,3/4,0
MSME106694,76.8,79.5,,,77.9,A - Strong,2/4,0
MSME106695,,24.7,,,24.7,D - High Risk,1/4,0
MSME106696,39.8,39.3,,,39.6,C - Weak,2/4,1
MSME106697,,58.8,,,58.8,B - Moderate,1/4,0
MSME106698,,50.1,31.6,50.9,41.7,C - Weak,3/4,0
MSME106699,,64.0,,,64.0,B - Moderate,1/4,0
MSME106700,31.7,,,,31.7,D - High Risk,1/4,0
MSME106701,33.5,,,19.4,30.4,D - High Risk,2/4,1
MSME106702,74.9,,,75.7,75.1,A - Strong,2/4,0
MSME106703,55.7,61.5,59.6,73.6,60.1,B - Moderate,4/4,0
MSME106704,,66.1,52.3,,58.6,B - Moderate,2/4,0
MSME106705,70.9,75.0,,,72.6,B - Moderate,2/4,0
MSME106706,81.0,85.6,68.9,,78.2,A - Strong,3/4,0
MSME106707,79.1,73.5,81.0,,78.2,A - Strong,3/4,0
MSME106708,52.5,62.7,53.8,,55.8,B - Moderate,3/4,0
MSME106709,76.5,63.7,,,71.2,B - Moderate,2/4,0
MSME106710,50.0,80.7,,,62.8,B - Moderate,2/4,0
MSME106711,65.8,81.8,,,72.5,B - Moderate,2/4,0
MSME106712,,38.8,37.2,,37.9,C - Weak,2/4,0
MSME106713,59.4,77.5,64.5,,66.1,B - Moderate,3/4,0
MSME106714,64.7,,74.3,,69.1,B - Moderate,2/4,0
MSME106715,47.8,,,,47.8,C - Weak,1/4,0
MSME106716,67.1,,86.0,80.4,76.4,A - Strong,3/4,0
MSME106717,,,84.5,,84.5,A - Strong,1/4,0
MSME106718,68.5,,61.1,,65.1,B - Moderate,2/4,0
MSME106719,,47.9,50.6,,49.4,C - Weak,2/4,1
MSME106720,,48.6,,,48.6,C - Weak,1/4,0
MSME106721,19.0,33.8,,,25.2,D - High Risk,2/4,0
MSME106722,35.8,52.1,53.1,,46.1,C - Weak,3/4,0
MSME106723,,24.9,,,24.9,D - High Risk,1/4,0
MSME106724,,42.0,24.9,,32.7,D - High Risk,2/4,0
MSME106725,73.5,68.5,,,71.4,B - Moderate,2/4,0
MSME106726,69.9,69.8,51.9,,63.9,B - Moderate,3/4,0
MSME106727,85.0,92.8,,,88.2,A - Strong,2/4,0
MSME106728,,,67.1,74.6,69.0,B - Moderate,2/4,0
MSME106729,,53.1,,,53.1,C - Weak,1/4,0
MSME106730,61.6,,66.2,67.9,64.3,B - Moderate,3/4,0
MSME106731,57.2,67.0,58.4,,60.3,B - Moderate,3/4,0
MSME106732,49.3,,32.4,,41.5,C - Weak,2/4,1
MSME106733,82.2,91.0,74.8,91.9,83.2,A - Strong,4/4,0
MSME106734,63.0,,62.1,,62.6,B - Moderate,2/4,0
MSME106735,,,76.2,81.2,77.5,A - Strong,2/4,0
MSME106736,58.1,59.9,65.4,,61.0,B - Moderate,3/4,0
MSME106737,70.7,81.8,61.7,,70.8,B - Moderate,3/4,0
MSME106738,60.3,68.0,64.5,58.0,63.3,B - Moderate,4/4,1
MSME106739,17.5,17.6,,19.2,17.8,D - High Risk,3/4,1
MSME106740,,54.2,61.8,,58.3,B - Moderate,2/4,1
MSME106741,,61.1,,,61.1,B - Moderate,1/4,0
MSME106742,44.8,38.5,,,42.2,C - Weak,2/4,0
MSME106743,,22.6,,,22.6,D - High Risk,1/4,0
MSME106744,90.8,92.7,,,91.6,A - Strong,2/4,0
MSME106745,,76.7,79.2,62.9,75.7,A - Strong,3/4,0
MSME106746,36.5,40.2,,,38.0,C - Weak,2/4,0
MSME106747,,36.2,51.4,,44.5,C - Weak,2/4,0
MSME106748,72.2,77.0,,,74.2,B - Moderate,2/4,0
MSME106749,68.1,58.5,70.5,,66.2,B - Moderate,3/4,0
MSME106750,32.0,35.3,25.8,,30.9,D - High Risk,3/4,1
MSME106751,,43.6,60.2,79.3,56.8,B - Moderate,3/4,0
MSME106752,39.2,61.1,,33.8,46.2,C - Weak,3/4,0
MSME106753,78.1,85.4,69.7,,77.3,A - Strong,3/4,0
MSME106754,31.5,44.8,,,37.0,C - Weak,2/4,0
MSME106755,64.9,55.4,,,60.9,B - Moderate,2/4,0
MSME106756,90.9,91.8,88.5,,90.4,A - Strong,3/4,0
MSME106757,32.5,,,,32.5,D - High Risk,1/4,0
MSME106758,,47.9,,,47.9,C - Weak,1/4,1
MSME106759,48.7,43.3,,,46.5,C - Weak,2/4,0
MSME106760,54.3,60.0,54.5,,56.0,B - Moderate,3/4,0
MSME106761,35.1,35.4,32.4,58.8,36.7,C - Weak,4/4,0
MSME106762,90.3,91.3,,81.7,89.4,A - Strong,3/4,0
MSME106763,64.4,93.4,82.9,84.1,79.2,A - Strong,4/4,0
MSME106764,26.7,42.1,35.8,,34.0,D - High Risk,3/4,0
MSME106765,67.1,83.4,,,73.9,B - Moderate,2/4,0
MSME106766,42.4,40.1,58.3,,47.1,C - Weak,3/4,0
MSME106767,29.1,34.3,,,31.3,D - High Risk,2/4,1
MSME106768,,,81.6,69.3,78.5,A - Strong,2/4,0
MSME106769,,51.6,46.2,,48.7,C - Weak,2/4,1
MSME106770,39.3,51.3,,,44.3,C - Weak,2/4,0
MSME106771,29.6,33.4,,,31.2,D - High Risk,2/4,0
MSME106772,,47.1,44.5,,45.7,C - Weak,2/4,0
MSME106773,77.5,,85.7,83.3,81.6,A - Strong,3/4,0
MSME106774,47.7,73.3,,,58.4,B - Moderate,2/4,0
MSME106775,,72.0,69.0,,70.4,B - Moderate,2/4,0
MSME106776,,19.0,,,19.0,D - High Risk,1/4,1
MSME106777,,43.2,62.4,,53.7,C - Weak,2/4,0
MSME106778,62.2,85.2,,,71.8,B - Moderate,2/4,0
MSME106779,55.6,44.4,,,50.9,C - Weak,2/4,0
MSME106780,,25.6,34.3,,30.3,D - High Risk,2/4,0
MSME106781,75.6,82.0,,,78.3,A - Strong,2/4,0
MSME106782,,,,24.8,24.8,D - High Risk,1/4,1
MSME106783,,42.4,,,42.4,C - Weak,1/4,0
MSME106784,87.0,,85.9,,86.5,A - Strong,2/4,0
MSME106785,,85.3,73.9,,79.1,A - Strong,2/4,0
MSME106786,,86.9,,,86.9,A - Strong,1/4,0
MSME106787,,,30.8,,30.8,D - High Risk,1/4,0
MSME106788,90.9,87.7,87.8,,89.0,A - Strong,3/4,0
MSME106789,73.0,85.5,80.8,,79.1,A - Strong,3/4,0
MSME106790,,,,,,Unscoreable,0/4,0
MSME106791,62.9,72.2,,,66.8,B - Moderate,2/4,0
MSME106792,79.9,85.7,,68.9,80.4,A - Strong,3/4,0
MSME106793,,58.3,,,58.3,B - Moderate,1/4,0
MSME106794,,63.0,,,63.0,B - Moderate,1/4,0
MSME106795,,50.5,51.5,,51.0,C - Weak,2/4,0
MSME106796,85.9,,,87.9,86.3,A - Strong,2/4,0
MSME106797,,,,,,Unscoreable,0/4,0
MSME106798,39.1,26.3,38.7,,35.4,C - Weak,3/4,0
MSME106799,53.2,50.3,35.1,70.1,48.7,C - Weak,4/4,0
MSME106800,63.2,83.2,66.0,,69.7,B - Moderate,3/4,0
MSME106801,33.4,,,38.0,34.4,D - High Risk,2/4,0
MSME106802,90.2,93.8,81.3,,88.2,A - Strong,3/4,0
MSME106803,89.8,91.7,90.9,,90.7,A - Strong,3/4,0
MSME106804,,37.1,54.3,63.0,49.0,C - Weak,3/4,0
MSME106805,58.7,,,75.6,62.5,B - Moderate,2/4,0
MSME106806,,63.6,66.9,,65.4,B - Moderate,2/4,0
MSME106807,88.1,,91.0,93.1,89.9,A - Strong,3/4,0
MSME106808,,69.1,63.3,66.5,66.0,B - Moderate,3/4,0
MSME106809,47.1,,81.7,53.6,61.8,B - Moderate,3/4,0
MSME106810,,81.3,,,81.3,A - Strong,1/4,0
MSME106811,49.4,54.1,51.3,,51.3,C - Weak,3/4,0
MSME106812,,29.2,43.1,,36.8,C - Weak,2/4,0
MSME106813,,52.4,,,52.4,C - Weak,1/4,0
MSME106814,,39.7,,,39.7,C - Weak,1/4,0
MSME106815,46.5,52.0,60.5,,52.7,C - Weak,3/4,0
MSME106816,,25.7,,23.3,25.0,D - High Risk,2/4,0
MSME106817,39.0,32.4,46.1,,39.5,C - Weak,3/4,0
MSME106818,,23.3,26.1,,24.8,D - High Risk,2/4,0
MSME106819,68.8,,,65.5,68.1,B - Moderate,2/4,0
MSME106820,84.0,92.9,,,87.7,A - Strong,2/4,0
MSME106821,47.8,41.3,27.4,,39.2,C - Weak,3/4,1
MSME106822,65.1,70.0,76.8,70.2,70.3,B - Moderate,4/4,0
MSME106823,22.9,37.5,,,29.0,D - High Risk,2/4,0
MSME106824,,62.7,,,62.7,B - Moderate,1/4,0
MSME106825,26.8,51.4,,,37.0,C - Weak,2/4,0
MSME106826,,24.0,,,24.0,D - High Risk,1/4,0
MSME106827,72.5,84.4,68.1,,74.3,B - Moderate,3/4,0
MSME106828,,32.6,42.4,,37.9,C - Weak,2/4,0
MSME106829,66.3,,71.0,,68.5,B - Moderate,2/4,0
MSME106830,24.6,29.7,,,26.7,D - High Risk,2/4,0
MSME106831,60.5,53.4,64.3,63.1,60.1,B - Moderate,4/4,0
MSME106832,,30.0,28.4,33.0,29.7,D - High Risk,3/4,0
MSME106833,83.7,,86.2,88.7,85.4,A - Strong,3/4,0
MSME106834,,26.6,30.9,,28.9,D - High Risk,2/4,0
MSME106835,,33.2,29.0,,30.9,D - High Risk,2/4,0
MSME106836,33.3,38.9,31.9,36.4,34.6,D - High Risk,4/4,0
MSME106837,,47.6,,45.5,47.0,C - Weak,2/4,0
MSME106838,73.6,76.5,57.1,59.8,68.0,B - Moderate,4/4,0
MSME106839,,84.9,,75.5,82.2,A - Strong,2/4,0
MSME106840,82.2,86.3,,72.3,82.2,A - Strong,3/4,0
MSME106841,,79.0,78.1,89.8,80.2,A - Strong,3/4,0
MSME106842,73.1,88.2,87.1,89.2,82.7,A - Strong,4/4,0
MSME106843,,42.4,,,42.4,C - Weak,1/4,0
MSME106844,85.0,86.3,83.9,,85.0,A - Strong,3/4,0
MSME106845,81.8,70.8,90.9,93.4,82.9,A - Strong,4/4,0
MSME106846,,72.4,,,72.4,B - Moderate,1/4,1
MSME106847,,,,,,Unscoreable,0/4,0
MSME106848,,37.8,76.8,,59.1,B - Moderate,2/4,0
MSME106849,90.2,92.5,87.7,,90.0,A - Strong,3/4,0
MSME106850,87.3,,88.0,,87.6,A - Strong,2/4,0
MSME106851,37.9,57.8,37.7,,43.4,C - Weak,3/4,0
MSME106852,,43.2,,38.9,42.0,C - Weak,2/4,0
MSME106853,,31.9,,,31.9,D - High Risk,1/4,0
MSME106854,,38.8,,,38.8,C - Weak,1/4,1
MSME106855,,84.6,,,84.6,A - Strong,1/4,0
MSME106856,45.3,44.0,54.9,,48.1,C - Weak,3/4,1
MSME106857,81.2,89.0,,,84.5,A - Strong,2/4,0
MSME106858,,45.8,31.5,,38.0,C - Weak,2/4,1
MSME106859,43.9,29.5,,,37.9,C - Weak,2/4,0
MSME106860,24.4,41.6,,,31.6,D - High Risk,2/4,0
MSME106861,87.7,89.8,78.3,80.7,84.7,A - Strong,4/4,0
MSME106862,,27.5,,51.9,34.5,D - High Risk,2/4,0
MSME106863,,,,,,Unscoreable,0/4,1
MSME106864,,29.0,24.5,,26.5,D - High Risk,2/4,0
MSME106865,22.5,24.7,,,23.4,D - High Risk,2/4,0
MSME106866,46.1,68.1,44.4,,51.6,C - Weak,3/4,0
MSME106867,19.4,,,,19.4,D - High Risk,1/4,1
MSME106868,71.1,86.9,60.7,,72.0,B - Moderate,3/4,0
MSME106869,18.3,23.4,38.1,,26.3,D - High Risk,3/4,1
MSME106870,,63.4,,,63.4,B - Moderate,1/4,0
MSME106871,58.3,65.9,60.6,67.9,61.9,B - Moderate,4/4,0
MSME106872,73.2,80.7,66.6,,73.1,B - Moderate,3/4,0
MSME106873,,47.3,48.0,40.1,46.5,C - Weak,3/4,0
MSME106874,,43.7,42.0,,42.8,C - Weak,2/4,0
MSME106875,,56.8,,59.7,57.6,B - Moderate,2/4,0
MSME106876,,,,,,Unscoreable,0/4,0
MSME106877,50.4,69.4,,,58.3,B - Moderate,2/4,0
MSME106878,,,73.8,,73.8,B - Moderate,1/4,0
MSME106879,85.4,83.5,79.8,,83.0,A - Strong,3/4,0
MSME106880,66.9,59.8,59.3,,62.4,B - Moderate,3/4,0
MSME106881,,71.7,,,71.7,B - Moderate,1/4,0
MSME106882,90.0,90.6,85.4,,88.6,A - Strong,3/4,0
MSME106883,61.1,73.0,,,66.1,B - Moderate,2/4,0
MSME106884,26.4,30.5,36.3,,30.8,D - High Risk,3/4,0
MSME106885,,,43.9,45.7,44.3,C - Weak,2/4,0
MSME106886,,67.3,,,67.3,B - Moderate,1/4,0
MSME106887,,35.9,,,35.9,C - Weak,1/4,0
MSME106888,66.7,52.5,67.3,,63.0,B - Moderate,3/4,0
MSME106889,68.0,77.3,70.1,76.2,71.8,B - Moderate,4/4,0
MSME106890,,35.5,,,35.5,C - Weak,1/4,1
MSME106891,68.5,70.8,57.5,,65.5,B - Moderate,3/4,0
MSME106892,,24.2,,,24.2,D - High Risk,1/4,1
MSME106893,52.7,67.3,54.4,59.4,57.5,B - Moderate,4/4,0
MSME106894,50.2,57.7,,,53.3,C - Weak,2/4,0
MSME106895,21.5,,,,21.5,D - High Risk,1/4,1
MSME106896,68.9,,69.0,70.7,69.2,B - Moderate,3/4,0
MSME106897,59.3,73.5,71.0,,67.1,B - Moderate,3/4,0
MSME106898,79.5,69.1,73.6,83.0,75.5,A - Strong,4/4,0
MSME106899,66.8,79.5,,,72.1,B - Moderate,2/4,0
MSME106900,,23.7,26.4,,25.2,D - High Risk,2/4,0
MSME106901,51.0,46.5,57.7,,52.0,C - Weak,3/4,0
MSME106902,83.6,77.7,88.0,87.2,83.8,A - Strong,4/4,0
MSME106903,,,,,,Unscoreable,0/4,0
MSME106904,,28.1,21.8,,24.7,D - High Risk,2/4,0
MSME106905,,,28.1,,28.1,D - High Risk,1/4,0
MSME106906,54.1,66.6,54.7,,57.8,B - Moderate,3/4,0
MSME106907,84.8,86.3,77.4,64.1,80.9,A - Strong,4/4,0
MSME106908,51.4,56.0,,,53.3,C - Weak,2/4,0
MSME106909,,60.2,59.7,,59.9,B - Moderate,2/4,0
MSME106910,,30.2,,,30.2,D - High Risk,1/4,0
MSME106911,,45.3,,60.7,49.7,C - Weak,2/4,0
MSME106912,77.2,,,,77.2,A - Strong,1/4,0
MSME106913,35.7,38.4,20.6,32.3,31.5,D - High Risk,4/4,1
MSME106914,,,33.6,,33.6,D - High Risk,1/4,0
MSME106915,50.4,67.1,,,57.4,B - Moderate,2/4,0
MSME106916,,49.8,46.9,,48.2,C - Weak,2/4,0
MSME106917,,,,,,Unscoreable,0/4,1
MSME106918,66.6,65.0,,,65.9,B - Moderate,2/4,0
MSME106919,83.0,73.4,84.1,91.9,81.8,A - Strong,4/4,0
MSME106920,81.7,90.1,77.8,88.1,83.3,A - Strong,4/4,0
MSME106921,,57.8,,,57.8,B - Moderate,1/4,0
MSME106922,46.0,56.1,,43.7,49.3,C - Weak,3/4,0
MSME106923,83.4,91.5,,,86.8,A - Strong,2/4,0
MSME106924,60.9,60.9,,,60.9,B - Moderate,2/4,0
MSME106925,69.0,74.7,,55.0,69.0,B - Moderate,3/4,0
MSME106926,44.3,55.9,,,49.1,C - Weak,2/4,0
MSME106927,41.4,64.5,,,51.0,C - Weak,2/4,0
MSME106928,,36.6,,,36.6,C - Weak,1/4,1
MSME106929,82.4,,,,82.4,A - Strong,1/4,0
MSME106930,,59.5,,,59.5,B - Moderate,1/4,0
MSME106931,36.5,63.5,57.4,50.1,50.9,C - Weak,4/4,0
MSME106932,,59.1,,,59.1,B - Moderate,1/4,0
MSME106933,84.3,91.4,86.0,,86.8,A - Strong,3/4,0
MSME106934,28.5,,,19.0,26.4,D - High Risk,2/4,1
MSME106935,57.0,61.8,,51.8,58.0,B - Moderate,3/4,1
MSME106936,73.6,,,,73.6,B - Moderate,1/4,0
MSME106937,,,,,,Unscoreable,0/4,0
MSME106938,,37.5,,48.1,40.5,C - Weak,2/4,1
MSME106939,,28.0,,,28.0,D - High Risk,1/4,0
MSME106940,,61.7,,,61.7,B - Moderate,1/4,0
MSME106941,29.6,55.9,,,40.6,C - Weak,2/4,0
MSME106942,,80.7,,,80.7,A - Strong,1/4,0
MSME106943,91.2,91.9,90.9,,91.3,A - Strong,3/4,0
MSME106944,,23.2,,,23.2,D - High Risk,1/4,1
MSME106945,81.5,,,,81.5,A - Strong,1/4,0
MSME106946,63.9,81.9,,,71.4,B - Moderate,2/4,0
MSME106947,54.1,,,64.6,56.4,B - Moderate,2/4,0
MSME106948,69.4,84.3,,,75.6,A - Strong,2/4,0
MSME106949,32.9,,,,32.9,D - High Risk,1/4,0
MSME106950,,32.7,,,32.7,D - High Risk,1/4,0
MSME106951,68.8,,58.5,87.5,67.2,B - Moderate,3/4,0
MSME106952,24.7,47.1,,,34.0,D - High Risk,2/4,0
MSME106953,89.4,93.1,84.8,,88.9,A - Strong,3/4,0
MSME106954,59.6,,64.2,,61.7,B - Moderate,2/4,0
MSME106955,51.6,42.4,,,47.8,C - Weak,2/4,0
MSME106956,,41.8,,,41.8,C - Weak,1/4,0
MSME106957,,45.4,,,45.4,C - Weak,1/4,0
MSME106958,,45.7,,,45.7,C - Weak,1/4,1
MSME106959,63.0,,77.5,83.6,71.5,B - Moderate,3/4,0
MSME106960,43.8,53.0,67.6,,54.3,C - Weak,3/4,0
MSME106961,57.1,44.0,76.4,,59.9,B - Moderate,3/4,0
MSME106962,75.5,69.4,,,73.0,B - Moderate,2/4,1
MSME106963,62.8,66.6,,,64.4,B - Moderate,2/4,0
MSME106964,,30.4,,,30.4,D - High Risk,1/4,0
MSME106965,,,26.8,,26.8,D - High Risk,1/4,0
MSME106966,15.9,18.7,,,17.1,D - High Risk,2/4,0
MSME106967,,29.4,,21.7,27.2,D - High Risk,2/4,1
MSME106968,,27.1,17.7,,22.0,D - High Risk,2/4,1
MSME106969,,79.3,72.1,,75.4,A - Strong,2/4,0
MSME106970,,56.2,76.1,,67.1,B - Moderate,2/4,0
MSME106971,,46.2,,,46.2,C - Weak,1/4,1
MSME106972,,82.3,,,82.3,A - Strong,1/4,0
MSME106973,62.1,61.9,,,62.0,B - Moderate,2/4,0
MSME106974,,25.6,,,25.6,D - High Risk,1/4,0
MSME106975,,38.5,,,38.5,C - Weak,1/4,0
MSME106976,,,48.1,57.7,50.5,C - Weak,2/4,0
MSME106977,27.9,52.6,,,38.2,C - Weak,2/4,0
MSME106978,30.1,31.4,26.3,,29.2,D - High Risk,3/4,0
MSME106979,33.6,,,26.0,31.9,D - High Risk,2/4,0
MSME106980,77.2,,80.5,,78.7,A - Strong,2/4,0
MSME106981,,70.9,,80.6,73.7,B - Moderate,2/4,0
MSME106982,,,,,,Unscoreable,0/4,0
MSME106983,,42.7,,59.2,47.4,C - Weak,2/4,0
MSME106984,68.7,54.7,,,62.9,B - Moderate,2/4,0
MSME106985,43.4,55.6,52.8,,49.9,C - Weak,3/4,0
MSME106986,,78.1,,,78.1,A - Strong,1/4,0
MSME106987,,63.4,68.3,,66.1,B - Moderate,2/4,0
MSME106988,,36.2,32.1,,34.0,D - High Risk,2/4,0
MSME106989,82.1,93.6,87.2,,87.0,A - Strong,3/4,0
MSME106990,,64.7,83.0,67.9,73.6,B - Moderate,3/4,0
MSME106991,63.6,72.1,71.8,,68.7,B - Moderate,3/4,0
MSME106992,69.2,,,,69.2,B - Moderate,1/4,0
MSME106993,,66.0,,,66.0,B - Moderate,1/4,0
MSME106994,88.6,89.3,84.4,,87.4,A - Strong,3/4,0
MSME106995,74.5,80.4,76.3,82.8,77.3,A - Strong,4/4,0
MSME106996,31.9,,,,31.9,D - High Risk,1/4,1
MSME106997,,49.1,,,49.1,C - Weak,1/4,0
MSME106998,63.1,65.8,,34.5,60.0,B - Moderate,3/4,0
MSME106999,65.8,82.9,62.4,,69.4,B - Moderate,3/4,0
MSME107000,64.1,,,,64.1,B - Moderate,1/4,0
MSME107001,58.5,60.2,59.1,,59.2,B - Moderate,3/4,0
MSME107002,,19.4,,,19.4,D - High Risk,1/4,1
MSME107003,51.4,44.1,,,48.4,C - Weak,2/4,0
MSME107004,86.3,,,,86.3,A - Strong,1/4,0
MSME107005,37.0,45.8,48.8,,43.4,C - Weak,3/4,0
MSME107006,55.2,,,,55.2,B - Moderate,1/4,0
MSME107007,,68.2,74.7,89.6,74.5,B - Moderate,3/4,0
MSME107008,86.5,88.9,84.0,93.6,87.1,A - Strong,4/4,0
MSME107009,51.3,67.1,,,57.9,B - Moderate,2/4,0
MSME107010,56.5,70.4,,,62.3,B - Moderate,2/4,0
MSME107011,32.8,39.2,22.0,17.8,29.7,D - High Risk,4/4,1
MSME107012,53.5,41.0,,,48.3,C - Weak,2/4,0
MSME107013,,,,21.7,21.7,D - High Risk,1/4,0
MSME107014,40.2,,29.8,,35.4,C - Weak,2/4,0
MSME107015,,44.2,,56.0,47.6,C - Weak,2/4,0
MSME107016,,81.5,,,81.5,A - Strong,1/4,0
MSME107017,77.5,83.7,,,80.1,A - Strong,2/4,0
MSME107018,,84.9,,,84.9,A - Strong,1/4,0
MSME107019,47.8,59.8,,,52.8,C - Weak,2/4,0
MSME107020,52.1,78.6,,49.4,61.2,B - Moderate,3/4,0
MSME107021,82.7,,,,82.7,A - Strong,1/4,0
MSME107022,81.7,93.1,,,86.4,A - Strong,2/4,0
MSME107023,,60.3,,,60.3,B - Moderate,1/4,0
MSME107024,68.2,65.9,,76.8,68.6,B - Moderate,3/4,1
MSME107025,59.2,50.9,45.2,,52.2,C - Weak,3/4,0
MSME107026,63.5,,,,63.5,B - Moderate,1/4,1
MSME107027,28.8,35.2,,,31.5,D - High Risk,2/4,0
MSME107028,15.2,17.9,,,16.3,D - High Risk,2/4,0
MSME107029,83.4,86.0,72.6,94.0,81.9,A - Strong,4/4,0
MSME107030,,28.7,,,28.7,D - High Risk,1/4,0
MSME107031,,20.7,,30.9,23.6,D - High Risk,2/4,0
MSME107032,,37.5,,,37.5,C - Weak,1/4,1
MSME107033,,67.3,,,67.3,B - Moderate,1/4,0
MSME107034,21.4,24.9,,,22.9,D - High Risk,2/4,0
MSME107035,,47.0,34.8,,40.3,C - Weak,2/4,1
MSME107036,,25.2,46.3,,36.7,C - Weak,2/4,0
MSME107037,89.7,93.3,89.1,88.8,90.3,A - Strong,4/4,0
MSME107038,73.3,,79.3,78.6,76.4,A - Strong,3/4,0
MSME107039,72.7,,,58.4,69.5,B - Moderate,2/4,0
MSME107040,85.5,,,,85.5,A - Strong,1/4,0
MSME107041,,31.4,30.4,,30.9,D - High Risk,2/4,0
MSME107042,,76.9,,,76.9,A - Strong,1/4,0
MSME107043,,31.2,26.7,,28.7,D - High Risk,2/4,0
MSME107044,,55.4,44.7,54.3,50.3,C - Weak,3/4,0
MSME107045,69.1,85.8,71.7,,74.6,B - Moderate,3/4,0
MSME107046,37.0,35.0,37.1,,36.5,C - Weak,3/4,0
MSME107047,,,,,,Unscoreable,0/4,0
MSME107048,,66.5,,43.8,60.0,B - Moderate,2/4,0
MSME107049,62.6,78.8,,,69.3,B - Moderate,2/4,0
MSME107050,82.2,81.5,87.5,82.6,83.7,A - Strong,4/4,0
MSME107051,,78.7,82.4,,80.7,A - Strong,2/4,0
MSME107052,77.1,77.4,,,77.2,A - Strong,2/4,0
MSME107053,,25.0,24.0,23.4,24.3,D - High Risk,3/4,1
MSME107054,71.8,79.3,,,74.9,B - Moderate,2/4,0
MSME107055,84.1,85.7,87.4,,85.6,A - Strong,3/4,0
MSME107056,60.4,,,49.3,57.9,B - Moderate,2/4,0
MSME107057,81.9,90.8,76.2,,82.5,A - Strong,3/4,0
MSME107058,,41.7,,,41.7,C - Weak,1/4,0
MSME107059,,63.5,71.5,,67.9,B - Moderate,2/4,0
MSME107060,61.2,78.0,,,68.2,B - Moderate,2/4,0
MSME107061,61.7,82.0,,,70.2,B - Moderate,2/4,0
MSME107062,,74.6,81.6,,78.4,A - Strong,2/4,0
MSME107063,72.2,79.7,,,75.3,A - Strong,2/4,0
MSME107064,69.9,56.6,79.6,,69.4,B - Moderate,3/4,0
MSME107065,58.1,,66.0,,61.7,B - Moderate,2/4,0
MSME107066,79.4,78.8,,84.4,79.9,A - Strong,3/4,0
MSME107067,,36.4,,54.6,41.6,C - Weak,2/4,1
MSME107068,57.8,50.2,,,54.6,C - Weak,2/4,0
MSME107069,27.8,,35.3,,31.3,D - High Risk,2/4,0
MSME107070,87.7,88.8,,69.5,85.5,A - Strong,3/4,0
MSME107071,39.7,50.0,35.5,,41.2,C - Weak,3/4,0
MSME107072,86.2,91.2,,,88.3,A - Strong,2/4,0
MSME107073,42.8,52.0,,,46.6,C - Weak,2/4,0
MSME107074,,51.6,,,51.6,C - Weak,1/4,0
MSME107075,59.0,49.5,69.6,,59.9,B - Moderate,3/4,0
MSME107076,,27.9,,,27.9,D - High Risk,1/4,1
MSME107077,53.2,34.9,,58.7,47.5,C - Weak,3/4,0
MSME107078,78.5,75.0,80.7,,78.3,A - Strong,3/4,0
MSME107079,53.8,78.8,69.1,72.4,66.5,B - Moderate,4/4,0
MSME107080,,,41.3,63.9,46.9,C - Weak,2/4,0
MSME107081,,28.5,,22.0,26.6,D - High Risk,2/4,0
MSME107082,,81.8,,,81.8,A - Strong,1/4,0
MSME107083,,85.8,77.8,91.5,83.0,A - Strong,3/4,0
MSME107084,,,,,,Unscoreable,0/4,0
MSME107085,85.3,,,91.8,86.7,A - Strong,2/4,0
MSME107086,70.8,62.8,85.4,,73.4,B - Moderate,3/4,0
MSME107087,54.8,57.2,,,55.8,B - Moderate,2/4,0
MSME107088,69.4,76.4,69.6,,71.4,B - Moderate,3/4,0
MSME107089,,39.5,18.5,,28.0,D - High Risk,2/4,1
MSME107090,,59.2,,,59.2,B - Moderate,1/4,0
MSME107091,55.3,67.9,,,60.6,B - Moderate,2/4,0
MSME107092,47.7,45.2,39.7,,44.3,C - Weak,3/4,0
MSME107093,25.8,28.9,33.9,,29.4,D - High Risk,3/4,0
MSME107094,,,69.3,,69.3,B - Moderate,1/4,0
MSME107095,86.3,77.0,90.8,,85.2,A - Strong,3/4,0
MSME107096,,,,,,Unscoreable,0/4,0
MSME107097,,64.9,,,64.9,B - Moderate,1/4,0
MSME107098,49.7,49.7,50.4,,49.9,C - Weak,3/4,1
MSME107099,57.7,69.3,47.8,,57.6,B - Moderate,3/4,0
MSME107100,83.8,91.0,72.4,,82.0,A - Strong,3/4,0
MSME107101,,,,,,Unscoreable,0/4,0
MSME107102,33.2,43.1,20.9,,31.9,D - High Risk,3/4,0
MSME107103,51.9,54.0,,,52.8,C - Weak,2/4,0
MSME107104,31.9,,,,31.9,D - High Risk,1/4,0
MSME107105,31.1,39.6,,,34.6,D - High Risk,2/4,1
MSME107106,37.3,,,,37.3,C - Weak,1/4,0
MSME107107,,29.4,57.6,,44.8,C - Weak,2/4,0
MSME107108,,,53.7,60.9,55.5,B - Moderate,2/4,0
MSME107109,,25.1,,,25.1,D - High Risk,1/4,1
MSME107110,75.7,,,77.1,76.0,A - Strong,2/4,0
MSME107111,30.2,38.3,,,33.6,D - High Risk,2/4,0
MSME107112,69.0,,,,69.0,B - Moderate,1/4,0
MSME107113,,68.6,,,68.6,B - Moderate,1/4,0
MSME107114,83.1,87.6,,64.2,82.0,A - Strong,3/4,0
MSME107115,83.2,,,,83.2,A - Strong,1/4,0
MSME107116,69.0,,74.0,,71.3,B - Moderate,2/4,0
MSME107117,78.1,66.5,79.8,,75.4,A - Strong,3/4,0
MSME107118,74.1,87.4,,,79.6,A - Strong,2/4,0
MSME107119,87.1,,88.5,91.9,88.3,A - Strong,3/4,0
MSME107120,,67.0,86.1,,77.4,A - Strong,2/4,0
MSME107121,42.5,48.9,,,45.2,C - Weak,2/4,0
MSME107122,33.1,,,,33.1,D - High Risk,1/4,0
MSME107123,87.8,90.6,92.1,,90.0,A - Strong,3/4,0
MSME107124,50.4,61.9,,,55.2,B - Moderate,2/4,0
MSME107125,,,,,,Unscoreable,0/4,0
MSME107126,,82.5,76.2,,79.1,A - Strong,2/4,0
MSME107127,,41.1,,,41.1,C - Weak,1/4,0
MSME107128,83.4,84.3,,,83.8,A - Strong,2/4,0
MSME107129,84.8,81.8,,,83.5,A - Strong,2/4,0
MSME107130,57.5,55.2,49.1,,54.1,C - Weak,3/4,0
MSME107131,86.9,,90.9,,88.7,A - Strong,2/4,0
MSME107132,66.2,56.7,,53.1,60.9,B - Moderate,3/4,0
MSME107133,37.7,63.0,59.3,,51.9,C - Weak,3/4,0
MSME107134,,33.7,45.8,43.6,40.8,C - Weak,3/4,0
MSME107135,39.5,,24.7,,32.7,D - High Risk,2/4,0
MSME107136,49.2,64.5,,,55.6,B - Moderate,2/4,0
MSME107137,,37.8,32.0,,34.6,D - High Risk,2/4,0
MSME107138,,37.9,24.0,,30.3,D - High Risk,2/4,0
MSME107139,83.1,91.0,79.2,,84.0,A - Strong,3/4,0
MSME107140,,66.2,,,66.2,B - Moderate,1/4,0
MSME107141,84.2,81.5,,,83.1,A - Strong,2/4,0
MSME107142,24.3,,,26.7,24.8,D - High Risk,2/4,0
MSME107143,,35.9,,,35.9,C - Weak,1/4,1
MSME107144,57.4,,,,57.4,B - Moderate,1/4,0
MSME107145,49.7,,,68.9,54.0,C - Weak,2/4,0
MSME107146,30.1,46.2,54.0,,42.5,C - Weak,3/4,0
MSME107147,75.7,87.6,70.1,54.4,74.9,B - Moderate,4/4,0
MSME107148,,,83.3,,83.3,A - Strong,1/4,0
MSME107149,51.6,31.2,,40.3,42.7,C - Weak,3/4,1
MSME107150,30.1,28.3,24.2,,27.6,D - High Risk,3/4,0
MSME107151,,36.6,38.7,31.6,36.8,C - Weak,3/4,0
MSME107152,70.1,,,59.3,67.7,B - Moderate,2/4,0
MSME107153,,72.1,,41.9,63.5,B - Moderate,2/4,0
MSME107154,30.1,,,32.8,30.7,D - High Risk,2/4,1
MSME107155,29.6,,29.8,,29.7,D - High Risk,2/4,0
MSME107156,,,73.1,70.2,72.4,B - Moderate,2/4,0
MSME107157,,,,42.5,42.5,C - Weak,1/4,0
MSME107158,,22.9,,,22.9,D - High Risk,1/4,0
MSME107159,46.3,55.6,52.4,,50.9,C - Weak,3/4,0
MSME107160,,,,,,Unscoreable,0/4,1
MSME107161,57.6,73.5,67.1,,65.2,B - Moderate,3/4,0
MSME107162,,49.0,,,49.0,C - Weak,1/4,0
MSME107163,65.1,64.2,36.5,66.3,56.4,B - Moderate,4/4,0
MSME107164,68.1,,62.7,70.4,66.2,B - Moderate,3/4,0
MSME107165,82.3,90.7,,,85.8,A - Strong,2/4,0
MSME107166,89.5,91.7,86.3,90.1,89.1,A - Strong,4/4,0
MSME107167,,26.7,,,26.7,D - High Risk,1/4,1
MSME107168,,64.3,,,64.3,B - Moderate,1/4,0
MSME107169,85.1,91.8,85.5,,87.1,A - Strong,3/4,0
MSME107170,42.6,43.5,43.8,,43.2,C - Weak,3/4,1
MSME107171,,21.7,16.8,,19.0,D - High Risk,2/4,1
MSME107172,74.9,,68.2,,71.8,B - Moderate,2/4,0
MSME107173,,,,,,Unscoreable,0/4,0
MSME107174,70.2,69.1,55.1,,64.9,B - Moderate,3/4,0
MSME107175,,68.4,,,68.4,B - Moderate,1/4,0
MSME107176,,,33.0,,33.0,D - High Risk,1/4,0
MSME107177,60.1,,70.9,72.4,66.1,B - Moderate,3/4,0
MSME107178,,28.6,,,28.6,D - High Risk,1/4,0
MSME107179,,35.5,,,35.5,C - Weak,1/4,0
MSME107180,53.1,61.3,61.0,,58.0,B - Moderate,3/4,0
MSME107181,64.7,68.6,77.6,,70.1,B - Moderate,3/4,0
MSME107182,89.2,79.2,,,85.0,A - Strong,2/4,0
MSME107183,,67.4,,,67.4,B - Moderate,1/4,0
MSME107184,70.8,72.7,78.4,,73.9,B - Moderate,3/4,0
MSME107185,,54.6,,,54.6,C - Weak,1/4,0
MSME107186,41.8,30.7,,,37.2,C - Weak,2/4,1
MSME107187,34.9,26.6,,,31.4,D - High Risk,2/4,1
MSME107188,26.9,25.8,,,26.4,D - High Risk,2/4,0
MSME107189,91.7,86.6,92.8,,90.7,A - Strong,3/4,0
MSME107190,,30.9,40.2,,36.0,C - Weak,2/4,1
MSME107191,,89.7,86.2,,87.8,A - Strong,2/4,0
MSME107192,,62.4,55.8,56.8,58.5,B - Moderate,3/4,1
MSME107193,19.1,28.3,,,22.9,D - High Risk,2/4,0
MSME107194,,,88.0,92.7,89.2,A - Strong,2/4,0
MSME107195,79.3,83.8,75.9,84.3,79.9,A - Strong,4/4,0
MSME107196,21.8,30.0,,,25.2,D - High Risk,2/4,1
MSME107197,,81.2,74.5,,77.5,A - Strong,2/4,0
MSME107198,,24.6,21.7,21.1,22.7,D - High Risk,3/4,0
MSME107199,74.6,85.2,,86.3,80.1,A - Strong,3/4,0
MSME107200,18.8,21.7,,,20.0,D - High Risk,2/4,0
MSME107201,72.7,73.1,,,72.9,B - Moderate,2/4,0
MSME107202,,51.3,,,51.3,C - Weak,1/4,0
MSME107203,84.8,86.9,,92.0,86.6,A - Strong,3/4,0
MSME107204,35.7,35.8,33.0,,34.8,D - High Risk,3/4,0
MSME107205,83.1,88.5,86.7,87.1,85.9,A - Strong,4/4,0
MSME107206,,29.5,,,29.5,D - High Risk,1/4,0
MSME107207,,62.1,,52.2,59.3,B - Moderate,2/4,0
MSME107208,31.4,50.1,,,39.2,C - Weak,2/4,0
MSME107209,79.3,,91.3,83.8,84.7,A - Strong,3/4,0
MSME107210,54.7,56.6,,,55.5,B - Moderate,2/4,0
MSME107211,63.1,,,64.6,63.4,B - Moderate,2/4,0
MSME107212,87.2,,83.4,,85.4,A - Strong,2/4,0
MSME107213,,61.2,,,61.2,B - Moderate,1/4,0
MSME107214,84.2,88.6,75.1,,82.4,A - Strong,3/4,0
MSME107215,,31.3,16.6,,23.3,D - High Risk,2/4,1
MSME107216,69.7,,,,69.7,B - Moderate,1/4,0
MSME107217,,32.6,40.3,,36.8,C - Weak,2/4,0
MSME107218,27.5,23.6,,,25.9,D - High Risk,2/4,0
MSME107219,,,,,,Unscoreable,0/4,0
MSME107220,43.2,50.9,,,46.4,C - Weak,2/4,0
MSME107221,57.9,56.6,,,57.4,B - Moderate,2/4,0
MSME107222,,,,,,Unscoreable,0/4,0
MSME107223,17.3,35.5,,,24.9,D - High Risk,2/4,0
MSME107224,35.6,41.2,,30.4,36.9,C - Weak,3/4,0
MSME107225,,52.7,52.9,,52.8,C - Weak,2/4,0
MSME107226,25.8,35.4,22.2,,27.3,D - High Risk,3/4,1
MSME107227,68.3,64.3,74.5,,69.3,B - Moderate,3/4,0
MSME107228,50.3,58.5,,,53.7,C - Weak,2/4,0
MSME107229,85.2,91.5,79.7,,85.1,A - Strong,3/4,0
MSME107230,77.7,,85.1,,81.1,A - Strong,2/4,0
MSME107231,,20.4,14.1,,17.0,D - High Risk,2/4,1
MSME107232,,54.3,68.4,,62.0,B - Moderate,2/4,0
MSME107233,,20.5,25.4,,23.2,D - High Risk,2/4,1
MSME107234,40.2,,,,40.2,C - Weak,1/4,0
MSME107235,46.7,62.7,36.7,45.5,47.6,C - Weak,4/4,0
MSME107236,,83.7,78.9,,81.1,A - Strong,2/4,0
MSME107237,40.7,,67.1,55.5,53.2,C - Weak,3/4,0
MSME107238,,61.3,,,61.3,B - Moderate,1/4,0
MSME107239,54.6,65.0,63.0,,60.3,B - Moderate,3/4,0
MSME107240,44.3,,43.3,,43.8,C - Weak,2/4,1
MSME107241,24.7,26.0,,,25.2,D - High Risk,2/4,1
MSME107242,55.7,,66.8,,60.8,B - Moderate,2/4,0
MSME107243,,,,33.0,33.0,D - High Risk,1/4,0
MSME107244,,42.7,27.7,,34.5,D - High Risk,2/4,1
MSME107245,,,,65.4,65.4,B - Moderate,1/4,1
MSME107246,77.4,88.5,,,82.0,A - Strong,2/4,0
MSME107247,75.8,77.8,,69.7,75.6,A - Strong,3/4,0
MSME107248,63.9,70.9,56.0,60.0,62.9,B - Moderate,4/4,0
MSME107249,,71.0,66.1,,68.3,B - Moderate,2/4,0
MSME107250,,33.6,48.2,,41.6,C - Weak,2/4,1
MSME107251,75.2,80.3,,,77.3,A - Strong,2/4,0
MSME107252,69.3,87.7,,82.5,77.8,A - Strong,3/4,0
MSME107253,,31.4,,,31.4,D - High Risk,1/4,0
MSME107254,66.0,76.9,,,70.5,B - Moderate,2/4,0
MSME107255,,47.0,,,47.0,C - Weak,1/4,0
MSME107256,42.0,56.5,,,48.0,C - Weak,2/4,0
MSME107257,,,54.2,,54.2,C - Weak,1/4,0
MSME107258,50.8,57.3,,43.2,52.0,C - Weak,3/4,0
MSME107259,,33.4,,,33.4,D - High Risk,1/4,0
MSME107260,65.0,,,77.2,67.7,B - Moderate,2/4,0
MSME107261,73.1,,79.0,,75.8,A - Strong,2/4,1
MSME107262,,52.9,,,52.9,C - Weak,1/4,0
MSME107263,26.2,34.3,,,29.6,D - High Risk,2/4,1
MSME107264,,26.5,26.7,,26.6,D - High Risk,2/4,1
MSME107265,76.7,75.6,79.2,,77.2,A - Strong,3/4,0
MSME107266,,83.2,86.6,,85.1,A - Strong,2/4,0
MSME107267,68.2,,81.3,,74.2,B - Moderate,2/4,0
MSME107268,84.5,,86.4,,85.4,A - Strong,2/4,0
MSME107269,,79.9,70.0,,74.5,B - Moderate,2/4,0
MSME107270,68.8,,,57.7,66.3,B - Moderate,2/4,0
MSME107271,61.6,,76.2,,68.3,B - Moderate,2/4,0
MSME107272,16.9,21.8,16.6,,18.2,D - High Risk,3/4,1
MSME107273,,25.2,,16.3,22.7,D - High Risk,2/4,0
MSME107274,59.5,,,44.7,56.2,B - Moderate,2/4,0
MSME107275,85.5,,92.0,90.2,88.7,A - Strong,3/4,0
MSME107276,65.1,72.3,,,68.1,B - Moderate,2/4,0
MSME107277,,60.1,,,60.1,B - Moderate,1/4,0
MSME107278,,23.2,,17.7,21.6,D - High Risk,2/4,0
MSME107279,,62.3,,,62.3,B - Moderate,1/4,0
MSME107280,73.3,,,88.5,76.7,A - Strong,2/4,0
MSME107281,,68.5,,68.9,68.6,B - Moderate,2/4,0
MSME107282,49.5,42.6,,,46.6,C - Weak,2/4,0
MSME107283,,62.9,85.9,,75.4,A - Strong,2/4,0
MSME107284,,76.0,87.1,90.4,83.3,A - Strong,3/4,0
MSME107285,69.5,83.2,,75.1,75.2,A - Strong,3/4,0
MSME107286,45.6,50.4,,,47.6,C - Weak,2/4,0
MSME107287,,81.8,,,81.8,A - Strong,1/4,0
MSME107288,,27.8,,,27.8,D - High Risk,1/4,0
MSME107289,,46.8,47.5,,47.2,C - Weak,2/4,0
MSME107290,,36.0,,,36.0,C - Weak,1/4,0
MSME107291,,36.3,45.1,,41.1,C - Weak,2/4,0
MSME107292,35.7,,,,35.7,C - Weak,1/4,0
MSME107293,47.9,67.5,,,56.1,B - Moderate,2/4,0
MSME107294,,50.6,57.5,64.5,55.9,B - Moderate,3/4,0
MSME107295,80.4,,82.1,79.9,81.0,A - Strong,3/4,0
MSME107296,47.3,55.5,53.7,,51.7,C - Weak,3/4,0
MSME107297,,,82.9,,82.9,A - Strong,1/4,0
MSME107298,66.3,72.5,,,68.9,B - Moderate,2/4,0
MSME107299,51.6,66.9,39.0,69.1,53.4,C - Weak,4/4,0
MSME107300,,24.3,,17.4,22.3,D - High Risk,2/4,1
MSME107301,71.4,71.2,59.3,64.6,67.0,B - Moderate,4/4,0
MSME107302,30.6,,34.6,,32.4,D - High Risk,2/4,0
MSME107303,,46.2,,20.4,38.8,C - Weak,2/4,0
MSME107304,,86.0,,,86.0,A - Strong,1/4,1
MSME107305,81.9,81.5,,,81.7,A - Strong,2/4,0
MSME107306,,,32.8,,32.8,D - High Risk,1/4,0
MSME107307,,69.9,,,69.9,B - Moderate,1/4,0
MSME107308,90.6,88.7,90.3,,90.0,A - Strong,3/4,0
MSME107309,,,,,,Unscoreable,0/4,0
MSME107310,,57.2,68.8,,63.5,B - Moderate,2/4,0
MSME107311,,80.0,,,80.0,A - Strong,1/4,0
MSME107312,76.7,83.2,73.6,,77.5,A - Strong,3/4,1
MSME107313,79.0,90.1,83.1,,83.5,A - Strong,3/4,0
MSME107314,16.3,23.0,,,19.1,D - High Risk,2/4,1
MSME107315,47.0,63.4,,,53.8,C - Weak,2/4,0
MSME107316,69.2,89.8,,64.5,75.9,A - Strong,3/4,0
MSME107317,82.9,88.0,92.1,90.2,87.7,A - Strong,4/4,0
MSME107318,,21.7,30.2,,26.3,D - High Risk,2/4,0
MSME107319,,49.4,,,49.4,C - Weak,1/4,0
MSME107320,80.2,80.2,75.6,,78.7,A - Strong,3/4,0
MSME107321,29.6,44.1,,,35.6,C - Weak,2/4,0
MSME107322,,63.0,75.7,,69.9,B - Moderate,2/4,0
MSME107323,,,84.8,,84.8,A - Strong,1/4,0
MSME107324,84.2,,81.0,,82.7,A - Strong,2/4,0
MSME107325,42.0,57.3,,,48.4,C - Weak,2/4,0
MSME107326,,,53.0,54.2,53.3,C - Weak,2/4,1
MSME107327,24.4,23.0,,,23.8,D - High Risk,2/4,0
MSME107328,21.5,28.1,24.4,,24.3,D - High Risk,3/4,1
MSME107329,,33.7,49.1,,42.1,C - Weak,2/4,0
MSME107330,59.5,53.9,,,57.2,B - Moderate,2/4,0
MSME107331,54.1,71.6,,,61.4,B - Moderate,2/4,0
MSME107332,,19.6,23.6,,21.8,D - High Risk,2/4,1
MSME107333,85.3,82.5,,91.9,85.2,A - Strong,3/4,0
MSME107334,67.0,73.6,76.1,,71.9,B - Moderate,3/4,0
MSME107335,40.7,50.0,49.7,60.6,47.7,C - Weak,4/4,0
MSME107336,,,,,,Unscoreable,0/4,0
MSME107337,80.1,78.8,,,79.6,A - Strong,2/4,0
MSME107338,,44.7,,,44.7,C - Weak,1/4,0
MSME107339,,,,,,Unscoreable,0/4,0
MSME107340,,53.0,,,53.0,C - Weak,1/4,0
MSME107341,,60.5,,,60.5,B - Moderate,1/4,0
MSME107342,55.9,,,,55.9,B - Moderate,1/4,0
MSME107343,58.8,52.1,66.5,59.5,59.5,B - Moderate,4/4,0
MSME107344,,50.4,,,50.4,C - Weak,1/4,0
MSME107345,62.0,53.4,53.5,49.6,56.1,B - Moderate,4/4,0
MSME107346,,53.0,43.4,,47.8,C - Weak,2/4,1
MSME107347,,90.3,,,90.3,A - Strong,1/4,0
MSME107348,33.4,,46.8,55.0,41.6,C - Weak,3/4,0
MSME107349,,68.1,73.3,70.2,70.8,B - Moderate,3/4,0
MSME107350,,28.4,41.3,,35.4,C - Weak,2/4,0
MSME107351,,33.7,,,33.7,D - High Risk,1/4,0
MSME107352,83.7,91.3,76.3,,83.3,A - Strong,3/4,0
MSME107353,,87.5,81.6,,84.3,A - Strong,2/4,0
MSME107354,43.0,52.2,39.5,,44.4,C - Weak,3/4,0
MSME107355,,22.9,,,22.9,D - High Risk,1/4,1
MSME107356,44.5,51.3,,35.3,45.6,C - Weak,3/4,1
MSME107357,,55.8,52.1,,53.8,C - Weak,2/4,0
MSME107358,62.9,63.2,63.6,,63.2,B - Moderate,3/4,0
MSME107359,60.5,75.6,,,66.8,B - Moderate,2/4,0
MSME107360,88.5,92.4,,,90.1,A - Strong,2/4,0
MSME107361,66.3,81.6,63.9,,69.8,B - Moderate,3/4,0
MSME107362,76.4,,73.9,,75.2,A - Strong,2/4,0
MSME107363,,27.9,41.1,34.3,35.0,C - Weak,3/4,0
MSME107364,81.6,80.8,,,81.3,A - Strong,2/4,0
MSME107365,,84.2,,,84.2,A - Strong,1/4,0
MSME107366,66.3,56.8,,,62.3,B - Moderate,2/4,1
MSME107367,,,66.2,60.0,64.7,B - Moderate,2/4,0
MSME107368,29.9,32.1,31.6,,31.1,D - High Risk,3/4,0
MSME107369,,78.1,,71.1,76.1,A - Strong,2/4,0
MSME107370,89.3,83.1,,,86.7,A - Strong,2/4,0
MSME107371,,81.5,73.1,87.2,78.5,A - Strong,3/4,0
MSME107372,,60.2,70.2,,65.7,B - Moderate,2/4,0
MSME107373,81.7,90.5,57.4,57.4,74.2,B - Moderate,4/4,0
MSME107374,,40.1,,,40.1,C - Weak,1/4,0
MSME107375,64.6,,46.6,,56.3,B - Moderate,2/4,0
MSME107376,40.6,52.2,,,45.4,C - Weak,2/4,1
MSME107377,,67.8,,85.8,72.9,B - Moderate,2/4,0
MSME107378,73.3,69.5,77.6,,73.7,B - Moderate,3/4,0
MSME107379,,28.8,,,28.8,D - High Risk,1/4,0
MSME107380,86.6,88.3,,81.4,86.5,A - Strong,3/4,0
MSME107381,75.3,83.0,,,78.5,A - Strong,2/4,0
MSME107382,,,34.1,,34.1,D - High Risk,1/4,0
MSME107383,66.9,68.5,59.4,,64.8,B - Moderate,3/4,0
MSME107384,70.9,69.3,,,70.2,B - Moderate,2/4,0
MSME107385,44.2,41.2,40.9,61.7,44.2,C - Weak,4/4,0
MSME107386,82.1,79.2,86.1,,82.6,A - Strong,3/4,0
MSME107387,,89.8,87.2,,88.4,A - Strong,2/4,0
MSME107388,50.4,59.3,,,54.1,C - Weak,2/4,0
MSME107389,,80.9,,,80.9,A - Strong,1/4,0
MSME107390,52.4,64.1,,,57.3,B - Moderate,2/4,0
MSME107391,41.6,32.5,52.1,,42.6,C - Weak,3/4,1
MSME107392,,62.2,87.2,,75.8,A - Strong,2/4,0
MSME107393,33.1,33.8,,,33.4,D - High Risk,2/4,0
MSME107394,74.8,,72.8,81.6,74.9,B - Moderate,3/4,0
MSME107395,45.8,,,49.6,46.6,C - Weak,2/4,0
MSME107396,60.5,,,79.8,64.8,B - Moderate,2/4,0
MSME107397,,,34.4,25.3,32.1,D - High Risk,2/4,0
MSME107398,,49.8,,,49.8,C - Weak,1/4,0
MSME107399,,67.8,65.8,,66.7,B - Moderate,2/4,0
MSME107400,23.4,37.0,,,29.1,D - High Risk,2/4,0
MSME107401,,35.1,,,35.1,C - Weak,1/4,0
MSME107402,64.9,,69.2,61.7,66.2,B - Moderate,3/4,0
MSME107403,46.8,,,,46.8,C - Weak,1/4,0
MSME107404,80.7,81.8,,89.7,82.4,A - Strong,3/4,0
MSME107405,,71.6,67.3,,69.3,B - Moderate,2/4,0
MSME107406,30.5,,,34.3,31.3,D - High Risk,2/4,1
MSME107407,,85.3,,80.3,83.9,A - Strong,2/4,0
MSME107408,,48.6,28.1,21.3,34.9,D - High Risk,3/4,1
MSME107409,,40.8,,,40.8,C - Weak,1/4,0
MSME107410,73.0,,,,73.0,B - Moderate,1/4,0
MSME107411,86.6,,,,86.6,A - Strong,1/4,0
MSME107412,,79.4,66.7,,72.5,B - Moderate,2/4,1
MSME107413,,80.6,,,80.6,A - Strong,1/4,0
MSME107414,68.3,87.1,69.6,,74.0,B - Moderate,3/4,0
MSME107415,44.1,,52.8,43.9,47.6,C - Weak,3/4,0
MSME107416,,55.5,57.0,,56.3,B - Moderate,2/4,0
MSME107417,74.3,84.5,64.7,,73.9,B - Moderate,3/4,0
MSME107418,65.6,71.6,59.4,,65.2,B - Moderate,3/4,0
MSME107419,,27.4,,,27.4,D - High Risk,1/4,0
MSME107420,,80.6,,,80.6,A - Strong,1/4,0
MSME107421,,37.0,,,37.0,C - Weak,1/4,1
MSME107422,48.3,59.5,,,53.0,C - Weak,2/4,0
MSME107423,61.6,62.0,62.4,37.0,59.5,B - Moderate,4/4,1
MSME107424,75.4,,,69.5,74.1,B - Moderate,2/4,0
MSME107425,,45.9,,,45.9,C - Weak,1/4,0
MSME107426,90.7,93.4,,,91.8,A - Strong,2/4,0
MSME107427,,80.6,66.2,,72.7,B - Moderate,2/4,0
MSME107428,36.3,49.8,,43.8,42.2,C - Weak,3/4,1
MSME107429,91.8,87.9,67.3,,82.5,A - Strong,3/4,1
MSME107430,84.1,,,,84.1,A - Strong,1/4,0
MSME107431,,36.1,31.9,,33.8,D - High Risk,2/4,0
MSME107432,78.5,80.8,65.8,,74.9,B - Moderate,3/4,0
MSME107433,,26.8,,,26.8,D - High Risk,1/4,0
MSME107434,,38.2,47.2,,43.1,C - Weak,2/4,1
MSME107435,,23.3,,,23.3,D - High Risk,1/4,1
MSME107436,,,,,,Unscoreable,0/4,0
MSME107437,91.6,91.0,,,91.3,A - Strong,2/4,0
MSME107438,72.0,68.4,65.4,72.8,69.2,B - Moderate,4/4,0
MSME107439,,,77.2,85.7,79.3,A - Strong,2/4,0
MSME107440,,46.5,30.9,,38.0,C - Weak,2/4,0
MSME107441,40.6,42.1,,,41.2,C - Weak,2/4,0
MSME107442,19.8,39.9,,31.6,28.7,D - High Risk,3/4,0
MSME107443,,26.2,,,26.2,D - High Risk,1/4,1
MSME107444,51.5,59.5,,,54.8,C - Weak,2/4,0
MSME107445,75.1,85.4,81.0,,79.9,A - Strong,3/4,0
MSME107446,47.9,45.1,,,46.7,C - Weak,2/4,1
MSME107447,,89.6,,,89.6,A - Strong,1/4,0
MSME107448,,31.0,45.5,,38.9,C - Weak,2/4,0
MSME107449,,46.9,,,46.9,C - Weak,1/4,0
MSME107450,,73.5,76.8,,75.3,A - Strong,2/4,0
MSME107451,,75.5,78.9,83.6,78.3,A - Strong,3/4,0
MSME107452,,32.3,38.7,,35.8,C - Weak,2/4,0
MSME107453,,18.1,,,18.1,D - High Risk,1/4,1
MSME107454,70.9,,,,70.9,B - Moderate,1/4,0
MSME107455,64.2,60.2,57.2,,60.8,B - Moderate,3/4,0
MSME107456,83.3,88.4,86.5,82.6,85.5,A - Strong,4/4,0
MSME107457,,21.4,17.2,,19.1,D - High Risk,2/4,1
MSME107458,,57.9,64.5,,61.5,B - Moderate,2/4,0
MSME107459,77.1,77.7,87.3,,80.7,A - Strong,3/4,0
MSME107460,,75.4,,,75.4,A - Strong,1/4,0
MSME107461,44.6,57.1,,,49.8,C - Weak,2/4,0
MSME107462,19.7,26.1,17.5,,20.7,D - High Risk,3/4,0
MSME107463,,47.4,,63.5,52.0,C - Weak,2/4,0
MSME107464,66.6,82.2,,69.9,72.6,B - Moderate,3/4,0
MSME107465,45.0,40.8,,,43.2,C - Weak,2/4,0
MSME107466,,60.9,74.5,,68.3,B - Moderate,2/4,0
MSME107467,57.5,57.6,63.6,,59.6,B - Moderate,3/4,0
MSME107468,38.4,41.9,,,39.9,C - Weak,2/4,0
MSME107469,68.4,48.7,61.7,,60.7,B - Moderate,3/4,1
MSME107470,,88.6,66.5,,76.5,A - Strong,2/4,0
MSME107471,78.1,87.6,,59.8,78.9,A - Strong,3/4,0
MSME107472,,49.5,,,49.5,C - Weak,1/4,0
MSME107473,55.7,48.7,60.3,,55.3,B - Moderate,3/4,0
MSME107474,73.7,73.7,,55.8,71.1,B - Moderate,3/4,0
MSME107475,,55.2,54.3,,54.7,C - Weak,2/4,0
MSME107476,64.7,66.2,,,65.3,B - Moderate,2/4,0
MSME107477,,28.7,,22.9,27.0,D - High Risk,2/4,0
MSME107478,77.0,79.5,,81.8,78.6,A - Strong,3/4,0
MSME107479,68.8,,76.8,88.3,74.6,B - Moderate,3/4,0
MSME107480,32.1,56.9,,,42.4,C - Weak,2/4,0
MSME107481,70.7,,82.2,,76.0,A - Strong,2/4,0
MSME107482,,28.5,,,28.5,D - High Risk,1/4,0
MSME107483,89.9,93.1,89.9,84.2,90.1,A - Strong,4/4,0
MSME107484,,23.4,,,23.4,D - High Risk,1/4,1
MSME107485,46.2,50.8,50.6,49.9,49.0,C - Weak,4/4,0
MSME107486,73.3,85.8,,,78.5,A - Strong,2/4,0
MSME107487,37.4,30.2,,,34.4,D - High Risk,2/4,0
MSME107488,20.3,26.6,,,22.9,D - High Risk,2/4,0
MSME107489,40.4,51.0,,,44.8,C - Weak,2/4,1
MSME107490,,77.8,74.5,81.4,76.8,A - Strong,3/4,0
MSME107491,68.1,,,69.8,68.5,B - Moderate,2/4,0
MSME107492,,62.5,,,62.5,B - Moderate,1/4,0
MSME107493,,56.2,62.1,,59.4,B - Moderate,2/4,0
MSME107494,,50.5,,,50.5,C - Weak,1/4,0
MSME107495,70.4,,72.3,,71.3,B - Moderate,2/4,0
MSME107496,80.3,76.1,79.3,92.2,80.1,A - Strong,4/4,0
MSME107497,,28.5,36.0,,32.6,D - High Risk,2/4,0
MSME107498,22.3,,,22.9,22.4,D - High Risk,2/4,1
MSME107499,46.3,51.7,54.0,,50.4,C - Weak,3/4,0
MSME107500,49.6,55.2,,,51.9,C - Weak,2/4,0
MSME107501,67.7,85.7,82.6,72.3,77.1,A - Strong,4/4,0
MSME107502,,62.6,,,62.6,B - Moderate,1/4,0
MSME107503,15.9,24.1,,,19.3,D - High Risk,2/4,0
MSME107504,23.2,,,,23.2,D - High Risk,1/4,0
MSME107505,,59.1,64.6,,62.1,B - Moderate,2/4,0
MSME107506,91.0,92.8,90.0,,91.2,A - Strong,3/4,0
MSME107507,76.9,,72.3,,74.8,B - Moderate,2/4,0
MSME107508,53.9,,70.2,68.4,62.4,B - Moderate,3/4,0
MSME107509,38.4,51.3,,,43.8,C - Weak,2/4,0
MSME107510,54.5,52.6,82.9,,63.4,B - Moderate,3/4,0
MSME107511,,62.0,,,62.0,B - Moderate,1/4,0
MSME107512,,70.2,74.4,,72.5,B - Moderate,2/4,0
MSME107513,87.1,87.3,87.2,,87.2,A - Strong,3/4,0
MSME107514,,65.4,,,65.4,B - Moderate,1/4,0
MSME107515,67.1,86.7,87.5,,79.3,A - Strong,3/4,0
MSME107516,89.4,93.2,,,91.0,A - Strong,2/4,0
MSME107517,82.8,84.6,82.7,91.0,84.0,A - Strong,4/4,0
MSME107518,76.3,86.2,67.7,,76.2,A - Strong,3/4,0
MSME107519,24.1,37.2,,,29.6,D - High Risk,2/4,0
MSME107520,63.9,77.1,64.2,,67.7,B - Moderate,3/4,0
MSME107521,72.0,48.2,,53.8,60.9,B - Moderate,3/4,1
MSME107522,76.1,74.1,68.6,,73.0,B - Moderate,3/4,0
MSME107523,36.0,58.9,,,45.5,C - Weak,2/4,0
MSME107524,48.2,48.5,50.5,,49.1,C - Weak,3/4,0
MSME107525,,54.2,33.0,,42.6,C - Weak,2/4,0
MSME107526,,,62.9,,62.9,B - Moderate,1/4,0
MSME107527,66.7,73.6,,,69.6,B - Moderate,2/4,0
MSME107528,44.7,48.3,30.9,,41.1,C - Weak,3/4,1
MSME107529,,61.7,71.0,,66.8,B - Moderate,2/4,0
MSME107530,84.9,92.4,82.7,,86.3,A - Strong,3/4,0
MSME107531,27.7,39.6,,,32.7,D - High Risk,2/4,0
MSME107532,,50.9,41.6,,45.8,C - Weak,2/4,0
MSME107533,,61.1,,,61.1,B - Moderate,1/4,0
MSME107534,,,49.5,,49.5,C - Weak,1/4,0
MSME107535,,82.8,,,82.8,A - Strong,1/4,0
MSME107536,,19.7,16.6,,18.0,D - High Risk,2/4,1
MSME107537,83.7,,,,83.7,A - Strong,1/4,0
MSME107538,,58.2,,,58.2,B - Moderate,1/4,0
MSME107539,,24.2,,,24.2,D - High Risk,1/4,1
MSME107540,77.7,,77.7,,77.7,A - Strong,2/4,0
MSME107541,31.3,25.5,30.2,,29.3,D - High Risk,3/4,1
MSME107542,35.5,,,18.0,31.6,D - High Risk,2/4,0
MSME107543,72.0,87.3,,,78.4,A - Strong,2/4,0
MSME107544,51.7,51.0,48.7,,50.5,C - Weak,3/4,0
MSME107545,,37.7,47.8,,43.2,C - Weak,2/4,0
MSME107546,90.6,92.9,89.3,,90.8,A - Strong,3/4,0
MSME107547,,24.0,,,24.0,D - High Risk,1/4,1
MSME107548,,55.4,,,55.4,B - Moderate,1/4,0
MSME107549,,47.2,27.9,,36.7,C - Weak,2/4,0
MSME107550,42.7,51.3,,61.4,48.4,C - Weak,3/4,0
MSME107551,76.1,92.2,68.9,,78.2,A - Strong,3/4,0
MSME107552,,,,,,Unscoreable,0/4,0
MSME107553,82.3,64.4,,,74.8,B - Moderate,2/4,0
MSME107554,42.2,72.1,,,54.7,C - Weak,2/4,0
MSME107555,77.4,90.0,86.3,,83.9,A - Strong,3/4,0
MSME107556,22.1,28.8,,,24.9,D - High Risk,2/4,1
MSME107557,20.7,34.3,,,26.4,D - High Risk,2/4,0
MSME107558,31.6,37.9,,,34.2,D - High Risk,2/4,0
MSME107559,66.9,,67.6,74.1,68.1,B - Moderate,3/4,0
MSME107560,,86.0,80.0,,82.7,A - Strong,2/4,0
MSME107561,,75.2,,,75.2,A - Strong,1/4,0
MSME107562,,50.2,70.3,58.3,60.7,B - Moderate,3/4,0
MSME107563,,78.5,66.8,78.2,73.1,B - Moderate,3/4,0
MSME107564,,85.7,,,85.7,A - Strong,1/4,0
MSME107565,68.0,,,,68.0,B - Moderate,1/4,0
MSME107566,71.8,74.7,60.7,,68.9,B - Moderate,3/4,0
MSME107567,36.4,,,34.4,36.0,C - Weak,2/4,0
MSME107568,,,,,,Unscoreable,0/4,0
MSME107569,76.2,,65.6,88.0,73.5,B - Moderate,3/4,0
MSME107570,,84.1,,,84.1,A - Strong,1/4,0
MSME107571,89.5,91.8,88.2,93.2,90.1,A - Strong,4/4,0
MSME107572,,25.1,,,25.1,D - High Risk,1/4,1
MSME107573,,36.8,21.5,,28.5,D - High Risk,2/4,0
MSME107574,,89.3,80.1,,84.3,A - Strong,2/4,0
MSME107575,,,,51.4,51.4,C - Weak,1/4,0
MSME107576,62.9,,62.7,,62.8,B - Moderate,2/4,0
MSME107577,48.9,44.3,43.4,,45.8,C - Weak,3/4,0
MSME107578,,64.1,,45.7,58.8,B - Moderate,2/4,0
MSME107579,,49.4,,,49.4,C - Weak,1/4,0
MSME107580,,39.3,45.6,58.0,45.1,C - Weak,3/4,0
MSME107581,67.6,,78.7,,72.7,B - Moderate,2/4,0
MSME107582,20.4,22.5,,,21.3,D - High Risk,2/4,1
MSME107583,79.8,86.5,83.2,,82.8,A - Strong,3/4,0
MSME107584,85.9,91.6,87.2,,87.9,A - Strong,3/4,0
MSME107585,,34.5,,,34.5,D - High Risk,1/4,0
MSME107586,16.6,16.6,,16.5,16.6,D - High Risk,3/4,1
MSME107587,40.7,,,41.2,40.8,C - Weak,2/4,0
MSME107588,70.4,62.9,,,67.3,B - Moderate,2/4,0
MSME107589,,52.8,,,52.8,C - Weak,1/4,0
MSME107590,,30.7,42.2,,37.0,C - Weak,2/4,1
MSME107591,60.1,,,,60.1,B - Moderate,1/4,0
MSME107592,,,,,,Unscoreable,0/4,0
MSME107593,,43.4,32.1,,37.2,C - Weak,2/4,0
MSME107594,83.0,86.1,68.6,,79.1,A - Strong,3/4,0
MSME107595,,45.3,38.2,,41.4,C - Weak,2/4,0
MSME107596,26.5,22.5,31.8,,27.2,D - High Risk,3/4,0
MSME107597,,,64.9,71.8,66.6,B - Moderate,2/4,1
MSME107598,25.2,20.0,37.7,,27.9,D - High Risk,3/4,0
MSME107599,44.5,,50.7,,47.4,C - Weak,2/4,0
MSME107600,,,,,,Unscoreable,0/4,1
MSME107601,,,72.8,67.0,71.3,B - Moderate,2/4,0
MSME107602,,59.1,27.7,,42.0,C - Weak,2/4,0
MSME107603,,85.1,68.3,,75.9,A - Strong,2/4,0
MSME107604,40.7,,30.4,50.5,37.9,C - Weak,3/4,0
MSME107605,,59.5,,,59.5,B - Moderate,1/4,0
MSME107606,30.9,29.3,50.3,,36.9,C - Weak,3/4,0
MSME107607,88.8,84.4,,,87.0,A - Strong,2/4,0
MSME107608,,34.3,,25.7,31.8,D - High Risk,2/4,0
MSME107609,87.8,,87.7,,87.8,A - Strong,2/4,0
MSME107610,,82.5,87.0,81.8,84.5,A - Strong,3/4,0
MSME107611,47.4,68.1,48.8,52.4,53.5,C - Weak,4/4,0
MSME107612,74.5,,,,74.5,B - Moderate,1/4,0
MSME107613,,57.7,,,57.7,B - Moderate,1/4,0
MSME107614,61.9,59.5,,,60.9,B - Moderate,2/4,0
MSME107615,34.3,37.0,,29.9,34.6,D - High Risk,3/4,0
MSME107616,63.5,53.0,32.6,,50.3,C - Weak,3/4,0
MSME107617,59.3,,44.0,49.2,51.8,C - Weak,3/4,0
MSME107618,,42.6,,,42.6,C - Weak,1/4,0
MSME107619,65.7,55.4,60.5,,61.1,B - Moderate,3/4,0
MSME107620,,70.2,72.5,89.1,74.2,B - Moderate,3/4,0
MSME107621,52.9,,,55.8,53.5,C - Weak,2/4,0
MSME107622,64.9,59.8,,65.6,63.2,B - Moderate,3/4,1
MSME107623,,44.3,,,44.3,C - Weak,1/4,0
MSME107624,89.6,88.3,92.3,,90.1,A - Strong,3/4,0
MSME107625,,77.4,,,77.4,A - Strong,1/4,0
MSME107626,,25.9,,33.0,27.9,D - High Risk,2/4,0
MSME107627,87.6,85.9,,72.2,84.8,A - Strong,3/4,0
MSME107628,,43.7,59.7,,52.4,C - Weak,2/4,0
MSME107629,,41.9,64.3,62.3,55.4,B - Moderate,3/4,0
MSME107630,,29.4,,,29.4,D - High Risk,1/4,0
MSME107631,48.8,,53.7,41.3,49.8,C - Weak,3/4,1
MSME107632,85.1,,83.1,,84.2,A - Strong,2/4,0
MSME107633,72.9,72.5,,,72.7,B - Moderate,2/4,0
MSME107634,45.7,,59.3,68.7,54.2,C - Weak,3/4,0
MSME107635,,69.6,63.9,,66.5,B - Moderate,2/4,0
MSME107636,71.1,71.8,77.0,,73.3,B - Moderate,3/4,0
MSME107637,64.2,83.5,,66.8,71.5,B - Moderate,3/4,0
MSME107638,,30.7,,,30.7,D - High Risk,1/4,0
MSME107639,64.8,61.0,56.8,,61.1,B - Moderate,3/4,0
MSME107640,,79.6,83.8,,81.9,A - Strong,2/4,0
MSME107641,71.3,,,,71.3,B - Moderate,1/4,0
MSME107642,,38.3,,,38.3,C - Weak,1/4,0
MSME107643,,,82.5,,82.5,A - Strong,1/4,0
MSME107644,80.0,,82.0,,80.9,A - Strong,2/4,0
MSME107645,25.9,25.6,,,25.8,D - High Risk,2/4,0
MSME107646,42.0,50.4,,,45.5,C - Weak,2/4,1
MSME107647,,51.7,,,51.7,C - Weak,1/4,0
MSME107648,38.2,35.5,,18.1,34.4,D - High Risk,3/4,1
MSME107649,,81.6,,86.4,83.0,A - Strong,2/4,0
MSME107650,60.7,,50.5,58.0,56.3,B - Moderate,3/4,0
MSME107651,79.6,80.7,,,80.1,A - Strong,2/4,0
MSME107652,,37.2,,,37.2,C - Weak,1/4,0
MSME107653,,20.3,,,20.3,D - High Risk,1/4,0
MSME107654,74.2,,83.7,,78.6,A - Strong,2/4,0
MSME107655,86.9,,79.5,,83.5,A - Strong,2/4,0
MSME107656,84.8,88.6,82.5,,85.1,A - Strong,3/4,0
MSME107657,78.1,87.2,65.8,,76.5,A - Strong,3/4,0
MSME107658,,58.6,58.5,,58.5,B - Moderate,2/4,0
MSME107659,,35.7,35.4,,35.5,C - Weak,2/4,0
MSME107660,,84.4,85.8,89.1,85.8,A - Strong,3/4,0
MSME107661,82.4,81.0,79.8,,81.1,A - Strong,3/4,0
MSME107662,74.5,,76.0,75.5,75.2,A - Strong,3/4,0
MSME107663,63.0,,79.2,,70.5,B - Moderate,2/4,0
MSME107664,28.5,55.6,19.5,,33.0,D - High Risk,3/4,1
MSME107665,,50.3,,,50.3,C - Weak,1/4,0
MSME107666,66.0,,79.9,,72.4,B - Moderate,2/4,0
MSME107667,57.8,54.5,54.3,,55.7,B - Moderate,3/4,0
MSME107668,71.8,,,92.8,76.5,A - Strong,2/4,0
MSME107669,,49.4,28.2,46.0,39.1,C - Weak,3/4,1
MSME107670,32.3,,31.3,22.9,30.6,D - High Risk,3/4,0
MSME107671,75.4,,,,75.4,A - Strong,1/4,0
MSME107672,40.6,,36.1,37.6,38.4,C - Weak,3/4,0
MSME107673,21.8,45.6,,47.0,33.9,D - High Risk,3/4,0
MSME107674,,48.5,46.9,,47.6,C - Weak,2/4,0
MSME107675,76.1,76.3,,,76.2,A - Strong,2/4,0
MSME107676,55.3,49.9,,,53.0,C - Weak,2/4,0
MSME107677,80.7,,,72.5,78.9,A - Strong,2/4,0
MSME107678,,,,,,Unscoreable,0/4,0
MSME107679,81.5,,78.8,,80.3,A - Strong,2/4,0
MSME107680,49.4,,50.9,,50.1,C - Weak,2/4,0
MSME107681,23.2,28.8,16.5,24.6,22.7,D - High Risk,4/4,0
MSME107682,76.1,82.5,69.2,,75.6,A - Strong,3/4,0
MSME107683,46.7,53.1,40.3,,46.3,C - Weak,3/4,0
MSME107684,76.6,77.0,66.9,,73.5,B - Moderate,3/4,0
MSME107685,52.5,59.5,,60.9,56.2,B - Moderate,3/4,0
MSME107686,91.8,93.6,87.2,,90.8,A - Strong,3/4,0
MSME107687,31.4,43.4,,,36.4,C - Weak,2/4,1
MSME107688,,35.9,,,35.9,C - Weak,1/4,0
MSME107689,82.4,84.5,62.2,,76.2,A - Strong,3/4,0
MSME107690,,,,,,Unscoreable,0/4,0
MSME107691,,51.3,,,51.3,C - Weak,1/4,1
MSME107692,,42.1,41.8,,41.9,C - Weak,2/4,1
MSME107693,,60.9,,,60.9,B - Moderate,1/4,0
MSME107694,,33.9,,,33.9,D - High Risk,1/4,0
MSME107695,37.1,37.5,,,37.3,C - Weak,2/4,0
MSME107696,,36.1,,,36.1,C - Weak,1/4,0
MSME107697,,64.9,64.2,,64.5,B - Moderate,2/4,0
MSME107698,,37.6,,,37.6,C - Weak,1/4,0
MSME107699,59.9,81.3,,,68.8,B - Moderate,2/4,0
MSME107700,20.1,28.6,,16.5,22.6,D - High Risk,3/4,1
MSME107701,,83.2,82.6,,82.9,A - Strong,2/4,0
MSME107702,75.3,84.0,,,78.9,A - Strong,2/4,0
MSME107703,,,16.8,,16.8,D - High Risk,1/4,1
MSME107704,,24.2,25.8,32.4,26.2,D - High Risk,3/4,0
MSME107705,43.6,33.1,39.3,,39.2,C - Weak,3/4,0
MSME107706,,23.0,32.2,,28.0,D - High Risk,2/4,1
MSME107707,84.0,89.2,,,86.2,A - Strong,2/4,0
MSME107708,62.6,50.9,40.0,,51.8,C - Weak,3/4,1
MSME107709,85.1,86.3,83.6,,84.9,A - Strong,3/4,0
MSME107710,,43.5,16.4,44.0,31.1,D - High Risk,3/4,0
MSME107711,41.2,,,,41.2,C - Weak,1/4,0
MSME107712,,31.1,,,31.1,D - High Risk,1/4,0
MSME107713,49.2,,,,49.2,C - Weak,1/4,0
MSME107714,69.6,82.0,,81.1,75.7,A - Strong,3/4,0
MSME107715,23.2,46.4,,50.8,35.4,C - Weak,3/4,0
MSME107716,41.3,65.4,,,51.3,C - Weak,2/4,0
MSME107717,,,51.9,,51.9,C - Weak,1/4,0
MSME107718,,38.5,,32.3,36.7,C - Weak,2/4,0
MSME107719,78.1,72.6,67.5,,73.0,B - Moderate,3/4,1
MSME107720,,84.8,,,84.8,A - Strong,1/4,0
MSME107721,59.7,53.2,61.5,,58.5,B - Moderate,3/4,0
MSME107722,,60.4,,,60.4,B - Moderate,1/4,1
MSME107723,,27.0,,,27.0,D - High Risk,1/4,1
MSME107724,32.5,,25.0,31.8,29.4,D - High Risk,3/4,0
MSME107725,42.2,41.2,38.1,,40.6,C - Weak,3/4,0
MSME107726,82.1,77.5,84.9,63.3,79.9,A - Strong,4/4,0
MSME107727,69.2,81.8,,35.5,68.9,B - Moderate,3/4,0
MSME107728,,27.9,,,27.9,D - High Risk,1/4,0
MSME107729,24.7,43.4,,,32.5,D - High Risk,2/4,0
MSME107730,,78.6,64.5,,70.9,B - Moderate,2/4,0
MSME107731,13.8,18.0,,,15.6,D - High Risk,2/4,1
MSME107732,60.6,,,,60.6,B - Moderate,1/4,0
MSME107733,,58.7,,,58.7,B - Moderate,1/4,0
MSME107734,87.2,,88.9,88.2,88.0,A - Strong,3/4,0
MSME107735,,59.4,41.5,,49.6,C - Weak,2/4,0
MSME107736,,81.9,54.2,,66.8,B - Moderate,2/4,0
MSME107737,58.7,44.0,,,52.6,C - Weak,2/4,0
MSME107738,,60.5,55.3,,57.7,B - Moderate,2/4,0
MSME107739,55.1,52.2,,,53.9,C - Weak,2/4,0
MSME107740,82.8,91.8,81.2,,84.8,A - Strong,3/4,0
MSME107741,,45.4,56.4,,51.4,C - Weak,2/4,0
MSME107742,47.3,,45.6,,46.5,C - Weak,2/4,0
MSME107743,53.8,,,55.8,54.2,C - Weak,2/4,0
MSME107744,,,,,,Unscoreable,0/4,0
MSME107745,38.6,32.9,58.9,,43.8,C - Weak,3/4,0
MSME107746,,45.8,54.2,,50.4,C - Weak,2/4,0
MSME107747,83.2,86.5,,90.1,85.4,A - Strong,3/4,0
MSME107748,,60.2,34.1,,46.0,C - Weak,2/4,1
MSME107749,44.8,,,,44.8,C - Weak,1/4,0
MSME107750,81.8,90.8,79.5,,83.5,A - Strong,3/4,0
MSME107751,38.6,52.3,,,44.3,C - Weak,2/4,0
MSME107752,,,41.8,,41.8,C - Weak,1/4,0
MSME107753,84.7,88.7,,82.9,85.9,A - Strong,3/4,0
MSME107754,,,33.7,,33.7,D - High Risk,1/4,0
MSME107755,,37.6,45.1,,41.7,C - Weak,2/4,0
MSME107756,43.5,52.9,,,47.4,C - Weak,2/4,0
MSME107757,,41.5,45.0,,43.4,C - Weak,2/4,0
MSME107758,,55.7,43.1,,48.8,C - Weak,2/4,0
MSME107759,58.0,40.4,62.7,84.9,57.7,B - Moderate,4/4,0
MSME107760,,,,,,Unscoreable,0/4,0
MSME107761,,71.3,80.4,,76.3,A - Strong,2/4,0
MSME107762,71.3,81.3,82.1,72.4,77.1,A - Strong,4/4,0
MSME107763,,28.3,,,28.3,D - High Risk,1/4,1
MSME107764,67.4,,,,67.4,B - Moderate,1/4,0
MSME107765,86.4,77.7,83.2,,82.9,A - Strong,3/4,0
MSME107766,,35.8,49.6,45.3,43.6,C - Weak,3/4,0
MSME107767,80.5,81.5,,,80.9,A - Strong,2/4,0
MSME107768,70.8,,87.2,75.4,78.0,A - Strong,3/4,0
MSME107769,85.2,87.7,77.2,74.2,82.3,A - Strong,4/4,0
MSME107770,71.0,79.4,68.8,,72.6,B - Moderate,3/4,0
MSME107771,46.2,54.6,45.2,,48.2,C - Weak,3/4,0
MSME107772,45.2,34.5,55.1,,45.5,C - Weak,3/4,1
MSME107773,,81.2,,,81.2,A - Strong,1/4,0
MSME107774,40.8,,,,40.8,C - Weak,1/4,0
MSME107775,,32.8,16.2,,23.7,D - High Risk,2/4,0
MSME107776,,35.6,,,35.6,C - Weak,1/4,0
MSME107777,57.5,,62.1,,59.6,B - Moderate,2/4,0
MSME107778,34.7,30.5,,,33.0,D - High Risk,2/4,0
MSME107779,89.9,89.5,78.0,,85.8,A - Strong,3/4,0
MSME107780,86.0,,80.9,,83.6,A - Strong,2/4,0
MSME107781,,20.3,,,20.3,D - High Risk,1/4,0
MSME107782,,27.4,,,27.4,D - High Risk,1/4,1
MSME107783,,68.0,,,68.0,B - Moderate,1/4,0
MSME107784,45.6,61.0,60.4,,54.8,C - Weak,3/4,0
MSME107785,,82.9,,87.9,84.3,A - Strong,2/4,0
MSME107786,33.5,49.4,,47.4,41.2,C - Weak,3/4,0
MSME107787,,,,,,Unscoreable,0/4,0
MSME107788,20.9,18.4,33.2,,24.3,D - High Risk,3/4,1
MSME107789,32.8,41.5,43.1,,38.6,C - Weak,3/4,0
MSME107790,82.3,85.9,,,83.8,A - Strong,2/4,0
MSME107791,,62.4,,43.9,57.1,B - Moderate,2/4,0
MSME107792,,40.1,,,40.1,C - Weak,1/4,0
MSME107793,,58.8,,,58.8,B - Moderate,1/4,0
MSME107794,65.5,59.7,70.8,,65.7,B - Moderate,3/4,0
MSME107795,41.1,40.1,,,40.7,C - Weak,2/4,0
MSME107796,,79.9,79.3,62.1,76.9,A - Strong,3/4,0
MSME107797,30.2,31.8,16.8,,26.2,D - High Risk,3/4,0
MSME107798,73.3,73.3,,,73.3,B - Moderate,2/4,0
MSME107799,,61.9,,50.5,58.6,B - Moderate,2/4,0
MSME107800,,18.7,,,18.7,D - High Risk,1/4,1
MSME107801,80.7,89.2,,,84.2,A - Strong,2/4,0
MSME107802,36.3,52.2,,,42.9,C - Weak,2/4,0
MSME107803,,61.6,55.7,,58.4,B - Moderate,2/4,0
MSME107804,58.1,63.6,66.5,,62.4,B - Moderate,3/4,0
MSME107805,69.7,77.3,65.0,,70.2,B - Moderate,3/4,0
MSME107806,75.2,69.8,,,73.0,B - Moderate,2/4,0
MSME107807,39.2,38.9,24.2,,34.1,D - High Risk,3/4,0
MSME107808,,60.8,,51.2,58.1,B - Moderate,2/4,0
MSME107809,,86.1,90.4,,88.4,A - Strong,2/4,0
MSME107810,76.9,87.4,,,81.3,A - Strong,2/4,0
MSME107811,80.6,86.9,76.1,90.3,81.8,A - Strong,4/4,0
MSME107812,74.4,,,,74.4,B - Moderate,1/4,0
MSME107813,,45.4,,,45.4,C - Weak,1/4,0
MSME107814,67.1,80.3,,,72.6,B - Moderate,2/4,0
MSME107815,15.1,19.8,,,17.1,D - High Risk,2/4,0
MSME107816,,70.5,,,70.5,B - Moderate,1/4,0
MSME107817,78.9,87.3,73.6,84.9,80.0,A - Strong,4/4,0
MSME107818,70.5,71.8,,,71.0,B - Moderate,2/4,0
MSME107819,27.5,32.2,,,29.5,D - High Risk,2/4,1
MSME107820,39.5,,,,39.5,C - Weak,1/4,1
MSME107821,,43.0,,,43.0,C - Weak,1/4,1
MSME107822,72.3,78.5,,71.1,74.3,B - Moderate,3/4,0
MSME107823,,34.0,,,34.0,D - High Risk,1/4,0
MSME107824,83.3,,,81.8,83.0,A - Strong,2/4,0
MSME107825,,,60.1,,60.1,B - Moderate,1/4,0
MSME107826,84.1,92.3,82.6,73.5,84.6,A - Strong,4/4,0
MSME107827,,59.8,72.0,,66.5,B - Moderate,2/4,0
MSME107828,29.5,31.7,,28.1,30.1,D - High Risk,3/4,0
MSME107829,24.2,36.8,27.0,,28.6,D - High Risk,3/4,0
MSME107830,66.8,,73.8,78.7,71.2,B - Moderate,3/4,0
MSME107831,76.7,87.4,,,81.2,A - Strong,2/4,0
MSME107832,50.4,52.9,,,51.4,C - Weak,2/4,0
MSME107833,63.0,,,55.3,61.3,B - Moderate,2/4,0
MSME107834,88.8,89.6,92.3,,90.2,A - Strong,3/4,0
MSME107835,79.2,85.0,,,81.6,A - Strong,2/4,0
MSME107836,,41.8,60.8,,52.2,C - Weak,2/4,0
MSME107837,90.5,91.2,,92.8,91.1,A - Strong,3/4,0
MSME107838,84.8,88.3,81.6,71.2,83.4,A - Strong,4/4,0
MSME107839,76.8,72.1,,56.8,72.3,B - Moderate,3/4,0
MSME107840,,,56.0,63.8,58.0,B - Moderate,2/4,0
MSME107841,66.9,,72.5,,69.5,B - Moderate,2/4,0
MSME107842,91.1,93.4,,,92.1,A - Strong,2/4,0
MSME107843,52.4,46.0,45.9,,48.5,C - Weak,3/4,0
MSME107844,70.3,82.7,76.2,,75.7,A - Strong,3/4,0
MSME107845,,54.1,72.0,,63.9,B - Moderate,2/4,0
MSME107846,,38.8,41.7,,40.4,C - Weak,2/4,0
MSME107847,,52.6,,,52.6,C - Weak,1/4,1
MSME107848,42.4,,,,42.4,C - Weak,1/4,0
MSME107849,80.0,84.3,,67.3,79.7,A - Strong,3/4,0
MSME107850,,38.1,45.8,,42.3,C - Weak,2/4,0
MSME107851,88.8,82.3,89.1,,87.1,A - Strong,3/4,0
MSME107852,83.8,86.4,,,84.9,A - Strong,2/4,0
MSME107853,,78.1,,,78.1,A - Strong,1/4,0
MSME107854,84.0,82.0,,,83.2,A - Strong,2/4,0
MSME107855,,65.5,68.5,,67.1,B - Moderate,2/4,0
MSME107856,24.5,33.5,,,28.2,D - High Risk,2/4,1
MSME107857,,53.1,,,53.1,C - Weak,1/4,0
MSME107858,,,31.4,,31.4,D - High Risk,1/4,1
MSME107859,,83.2,,,83.2,A - Strong,1/4,0
MSME107860,59.2,58.8,,,59.0,B - Moderate,2/4,0
MSME107861,38.4,53.1,,,44.5,C - Weak,2/4,0
MSME107862,,65.3,,,65.3,B - Moderate,1/4,0
MSME107863,82.0,82.2,,,82.1,A - Strong,2/4,0
MSME107864,21.9,,,,21.9,D - High Risk,1/4,0
MSME107865,31.5,,,,31.5,D - High Risk,1/4,1
MSME107866,,,23.4,,23.4,D - High Risk,1/4,0
MSME107867,,83.3,80.0,,81.5,A - Strong,2/4,0
MSME107868,67.2,79.9,75.3,86.1,74.7,B - Moderate,4/4,0
MSME107869,90.0,92.4,86.8,90.3,89.7,A - Strong,4/4,0
MSME107870,88.5,90.5,,,89.3,A - Strong,2/4,0
MSME107871,81.4,93.3,82.3,,85.0,A - Strong,3/4,0
MSME107872,,27.0,,,27.0,D - High Risk,1/4,0
MSME107873,73.7,81.1,,,76.8,A - Strong,2/4,0
MSME107874,,,,,,Unscoreable,0/4,0
MSME107875,,27.6,,,27.6,D - High Risk,1/4,1
MSME107876,80.4,,76.5,,78.6,A - Strong,2/4,0
MSME107877,23.9,33.2,,16.6,26.2,D - High Risk,3/4,1
MSME107878,67.0,79.0,76.3,61.4,72.2,B - Moderate,4/4,0
MSME107879,79.4,,,86.3,80.9,A - Strong,2/4,0
MSME107880,34.8,37.3,,,35.8,C - Weak,2/4,1
MSME107881,34.9,33.8,25.9,,31.6,D - High Risk,3/4,0
MSME107882,68.1,77.9,,80.6,73.4,B - Moderate,3/4,0
MSME107883,,,79.1,,79.1,A - Strong,1/4,0
MSME107884,74.6,86.2,,86.1,80.4,A - Strong,3/4,0
MSME107885,,60.1,,,60.1,B - Moderate,1/4,0
MSME107886,,51.4,,,51.4,C - Weak,1/4,0
MSME107887,33.5,33.1,,,33.3,D - High Risk,2/4,0
MSME107888,59.4,,25.7,51.2,44.8,C - Weak,3/4,1
MSME107889,48.9,64.9,53.9,,55.0,B - Moderate,3/4,0
MSME107890,83.7,87.9,91.7,,87.5,A - Strong,3/4,0
MSME107891,43.4,74.9,54.9,,56.0,B - Moderate,3/4,0
MSME107892,,62.9,,,62.9,B - Moderate,1/4,0
MSME107893,23.4,24.9,,,24.0,D - High Risk,2/4,0
MSME107894,21.5,35.9,,,27.5,D - High Risk,2/4,0
MSME107895,38.3,61.6,,,48.0,C - Weak,2/4,0
MSME107896,79.8,75.0,72.1,,75.9,A - Strong,3/4,0
MSME107897,,25.2,,,25.2,D - High Risk,1/4,1
MSME107898,83.0,,84.4,,83.6,A - Strong,2/4,0
MSME107899,36.1,39.4,36.8,,37.2,C - Weak,3/4,1
MSME107900,,27.2,18.9,,22.7,D - High Risk,2/4,1
MSME107901,87.9,90.3,86.9,,88.2,A - Strong,3/4,0
MSME107902,90.7,91.9,87.6,93.2,90.3,A - Strong,4/4,0
MSME107903,76.4,85.7,57.4,80.0,73.4,B - Moderate,4/4,0
MSME107904,86.4,90.9,90.5,78.7,88.0,A - Strong,4/4,0
MSME107905,,45.4,,49.6,46.6,C - Weak,2/4,1
MSME107906,85.0,,,,85.0,A - Strong,1/4,0
MSME107907,69.0,,68.6,,68.8,B - Moderate,2/4,0
MSME107908,,,,,,Unscoreable,0/4,0
MSME107909,43.2,41.3,,,42.4,C - Weak,2/4,1
MSME107910,43.5,58.4,51.6,48.0,50.1,C - Weak,4/4,0
MSME107911,56.8,69.7,,,62.2,B - Moderate,2/4,0
MSME107912,,28.6,,,28.6,D - High Risk,1/4,0
MSME107913,,55.9,60.2,,58.2,B - Moderate,2/4,1
MSME107914,50.7,61.6,48.6,51.9,52.9,C - Weak,4/4,0
MSME107915,,82.8,74.9,62.4,76.0,A - Strong,3/4,0
MSME107916,78.0,88.6,,78.4,81.8,A - Strong,3/4,0
MSME107917,,68.2,,,68.2,B - Moderate,1/4,0
MSME107918,35.1,49.0,,,40.9,C - Weak,2/4,0
MSME107919,,,,,,Unscoreable,0/4,0
MSME107920,53.4,73.0,53.9,,59.0,B - Moderate,3/4,0
MSME107921,88.4,88.3,81.7,,86.1,A - Strong,3/4,0
MSME107922,26.2,,,24.2,25.8,D - High Risk,2/4,1
MSME107923,,28.8,,,28.8,D - High Risk,1/4,0
MSME107924,21.5,40.7,17.5,,25.5,D - High Risk,3/4,0
MSME107925,43.6,41.2,54.9,,46.7,C - Weak,3/4,0
MSME107926,31.8,27.0,30.1,,29.9,D - High Risk,3/4,1
MSME107927,68.7,84.3,,,75.2,A - Strong,2/4,0
MSME107928,,60.4,,75.5,64.7,B - Moderate,2/4,0
MSME107929,,60.3,,,60.3,B - Moderate,1/4,0
MSME107930,63.2,84.5,,,72.1,B - Moderate,2/4,0
MSME107931,,73.9,69.7,,71.6,B - Moderate,2/4,0
MSME107932,49.7,61.2,,,54.5,C - Weak,2/4,0
MSME107933,,31.9,,,31.9,D - High Risk,1/4,0
MSME107934,46.0,50.2,,,47.8,C - Weak,2/4,1
MSME107935,65.2,58.8,55.7,,60.3,B - Moderate,3/4,0
MSME107936,70.9,62.5,,,67.4,B - Moderate,2/4,1
MSME107937,75.0,65.6,90.2,,77.5,A - Strong,3/4,0
MSME107938,50.3,58.6,53.2,,53.6,C - Weak,3/4,0
MSME107939,87.4,,90.2,,88.7,A - Strong,2/4,0
MSME107940,,73.9,72.8,73.9,73.4,B - Moderate,3/4,0
MSME107941,,66.4,64.5,,65.4,B - Moderate,2/4,0
MSME107942,,52.5,33.4,,42.1,C - Weak,2/4,0
MSME107943,75.6,88.0,75.3,,78.9,A - Strong,3/4,0
MSME107944,,41.6,20.4,,30.0,D - High Risk,2/4,1
MSME107945,26.4,,33.4,,29.6,D - High Risk,2/4,0
MSME107946,70.7,63.4,74.5,79.1,70.9,B - Moderate,4/4,0
MSME107947,,71.0,,83.7,74.6,B - Moderate,2/4,0
MSME107948,,42.9,,36.6,41.1,C - Weak,2/4,0
MSME107949,,42.8,68.1,68.1,58.4,B - Moderate,3/4,0
MSME107950,84.6,90.0,90.1,,87.9,A - Strong,3/4,0
MSME107951,,67.8,,,67.8,B - Moderate,1/4,0
MSME107952,51.8,,72.0,72.3,62.6,B - Moderate,3/4,0
MSME107953,57.9,46.8,50.5,,52.3,C - Weak,3/4,0
MSME107954,74.8,85.6,,,79.3,A - Strong,2/4,0
MSME107955,,71.2,79.7,89.5,77.9,A - Strong,3/4,0
MSME107956,89.7,94.1,91.3,,91.5,A - Strong,3/4,0
MSME107957,,62.4,55.1,,58.4,B - Moderate,2/4,0
MSME107958,,37.7,,44.6,39.7,C - Weak,2/4,0
MSME107959,89.4,89.7,,91.9,89.9,A - Strong,3/4,0
MSME107960,39.7,54.6,,,45.9,C - Weak,2/4,0
MSME107961,,29.4,,,29.4,D - High Risk,1/4,1
MSME107962,78.3,80.2,64.8,59.0,72.8,B - Moderate,4/4,0
MSME107963,,38.6,,44.4,40.3,C - Weak,2/4,0
MSME107964,,46.6,,,46.6,C - Weak,1/4,0
MSME107965,85.2,,77.2,85.3,82.0,A - Strong,3/4,0
MSME107966,,20.0,,,20.0,D - High Risk,1/4,1
MSME107967,90.2,87.1,78.9,,85.6,A - Strong,3/4,0
MSME107968,54.9,64.9,,,59.1,B - Moderate,2/4,0
MSME107969,,35.0,,,35.0,C - Weak,1/4,0
MSME107970,85.5,91.0,78.6,92.4,85.5,A - Strong,4/4,0
MSME107971,17.7,28.6,15.3,,19.9,D - High Risk,3/4,1
MSME107972,,47.3,,,47.3,C - Weak,1/4,0
MSME107973,,64.1,60.1,,61.9,B - Moderate,2/4,0
MSME107974,75.2,88.7,75.3,,79.0,A - Strong,3/4,0
MSME107975,62.1,,,49.1,59.2,B - Moderate,2/4,0
MSME107976,62.9,,62.0,,62.5,B - Moderate,2/4,0
MSME107977,63.9,,68.7,55.6,64.7,B - Moderate,3/4,0
MSME107978,67.0,,70.6,,68.7,B - Moderate,2/4,0
MSME107979,,75.0,53.4,,63.2,B - Moderate,2/4,0
MSME107980,79.7,80.0,74.4,,78.0,A - Strong,3/4,0
MSME107981,89.1,90.4,91.9,,90.4,A - Strong,3/4,0
MSME107982,69.6,79.1,,,73.6,B - Moderate,2/4,0
MSME107983,84.2,88.0,68.0,71.3,79.0,A - Strong,4/4,0
MSME107984,35.0,45.5,50.8,,43.2,C - Weak,3/4,0
MSME107985,36.7,40.3,,,38.2,C - Weak,2/4,0
MSME107986,,,,20.1,20.1,D - High Risk,1/4,1
MSME107987,87.0,80.0,74.4,84.4,81.2,A - Strong,4/4,0
MSME107988,49.0,54.3,44.8,44.5,48.6,C - Weak,4/4,0
MSME107989,66.8,75.2,,75.5,71.0,B - Moderate,3/4,0
MSME107990,43.3,53.1,64.8,,53.2,C - Weak,3/4,0
MSME107991,,34.7,,,34.7,D - High Risk,1/4,0
MSME107992,,58.6,,,58.6,B - Moderate,1/4,0
MSME107993,48.5,62.8,,,54.5,C - Weak,2/4,0
MSME107994,,58.6,,,58.6,B - Moderate,1/4,0
MSME107995,,,,,,Unscoreable,0/4,1
MSME107996,,62.1,38.4,,49.2,C - Weak,2/4,0
MSME107997,26.0,28.4,15.2,,23.1,D - High Risk,3/4,0
MSME107998,33.9,31.1,,,32.7,D - High Risk,2/4,0
MSME107999,87.6,,77.8,,83.1,A - Strong,2/4,0
MSME108000,,,,,,Unscoreable,0/4,0
MSME108001,34.7,48.7,,38.7,40.3,C - Weak,3/4,1
MSME108002,78.9,89.6,,,83.4,A - Strong,2/4,0
MSME108003,77.5,72.7,58.9,75.1,70.5,B - Moderate,4/4,0
MSME108004,,61.4,78.3,83.3,72.6,B - Moderate,3/4,0
MSME108005,37.6,41.7,,,39.3,C - Weak,2/4,0
MSME108006,19.8,24.8,,,21.9,D - High Risk,2/4,1
MSME108007,,53.1,62.2,,58.1,B - Moderate,2/4,0
MSME108008,,,,66.3,66.3,B - Moderate,1/4,0
MSME108009,,26.1,20.9,,23.3,D - High Risk,2/4,1
MSME108010,28.4,,20.4,31.8,25.7,D - High Risk,3/4,0
MSME108011,,,73.3,,73.3,B - Moderate,1/4,0
MSME108012,26.7,55.5,,,38.7,C - Weak,2/4,0
MSME108013,,27.5,,,27.5,D - High Risk,1/4,0
MSME108014,79.0,87.9,76.8,,80.7,A - Strong,3/4,0
MSME108015,,21.4,,,21.4,D - High Risk,1/4,0
MSME108016,,62.6,70.7,,67.0,B - Moderate,2/4,0
MSME108017,,,,,,Unscoreable,0/4,0
MSME108018,64.8,57.5,60.2,,61.2,B - Moderate,3/4,0
MSME108019,46.1,65.8,55.4,40.3,53.2,C - Weak,4/4,0
MSME108020,25.1,30.0,27.8,,27.4,D - High Risk,3/4,1
MSME108021,45.0,60.4,,,51.4,C - Weak,2/4,0
MSME108022,72.1,56.9,70.8,64.9,67.2,B - Moderate,4/4,0
MSME108023,42.1,56.9,,,48.3,C - Weak,2/4,0
MSME108024,,25.9,,28.6,26.7,D - High Risk,2/4,0
MSME108025,51.1,65.3,,,57.0,B - Moderate,2/4,0
MSME108026,,75.5,91.2,91.0,85.1,A - Strong,3/4,0
MSME108027,,55.3,54.5,85.3,59.5,B - Moderate,3/4,0
MSME108028,72.0,,73.5,77.7,73.4,B - Moderate,3/4,0
MSME108029,21.5,30.5,36.3,,28.9,D - High Risk,3/4,0
MSME108030,30.0,52.6,31.6,,36.8,C - Weak,3/4,0
MSME108031,,54.4,39.4,,46.2,C - Weak,2/4,0
MSME108032,,68.0,,,68.0,B - Moderate,1/4,0
MSME108033,,57.9,,,57.9,B - Moderate,1/4,0
MSME108034,70.8,54.6,64.6,,64.2,B - Moderate,3/4,1
MSME108035,71.5,,68.3,,70.0,B - Moderate,2/4,0
MSME108036,35.7,43.6,,,39.0,C - Weak,2/4,0
MSME108037,69.0,75.5,,,71.7,B - Moderate,2/4,0
MSME108038,61.8,71.7,,,65.9,B - Moderate,2/4,0
MSME108039,74.8,78.0,,,76.1,A - Strong,2/4,0
MSME108040,63.3,61.9,,,62.7,B - Moderate,2/4,0
MSME108041,33.9,29.8,,,32.2,D - High Risk,2/4,0
MSME108042,73.8,,76.8,,75.2,A - Strong,2/4,0
MSME108043,,82.8,,88.6,84.5,A - Strong,2/4,0
MSME108044,88.8,91.0,84.3,93.2,88.4,A - Strong,4/4,0
MSME108045,86.1,92.4,,,88.7,A - Strong,2/4,0
MSME108046,34.9,38.1,46.7,,39.7,C - Weak,3/4,0
MSME108047,72.2,,64.9,73.4,69.4,B - Moderate,3/4,0
MSME108048,,36.4,,,36.4,C - Weak,1/4,0
MSME108049,44.8,,22.4,,34.5,D - High Risk,2/4,1
MSME108050,40.3,33.3,,,37.4,C - Weak,2/4,0
MSME108051,69.3,80.3,75.9,80.2,75.1,A - Strong,4/4,0
MSME108052,,63.5,,,63.5,B - Moderate,1/4,1
MSME108053,19.3,24.2,,20.8,21.3,D - High Risk,3/4,1
MSME108054,,76.3,,81.0,77.6,A - Strong,2/4,0
MSME108055,,56.9,68.7,,63.3,B - Moderate,2/4,0
MSME108056,,21.9,,,21.9,D - High Risk,1/4,0
MSME108057,,52.6,57.7,53.7,55.1,B - Moderate,3/4,0
MSME108058,29.4,,,,29.4,D - High Risk,1/4,1
MSME108059,57.6,65.0,54.8,,58.7,B - Moderate,3/4,0
MSME108060,38.4,,,,38.4,C - Weak,1/4,0
MSME108061,38.2,27.1,34.1,,33.8,D - High Risk,3/4,0
MSME108062,,37.8,,45.0,39.9,C - Weak,2/4,0
MSME108063,70.4,85.2,74.9,,76.0,A - Strong,3/4,0
MSME108064,39.4,43.9,,,41.3,C - Weak,2/4,0
MSME108065,,55.4,,55.5,55.4,B - Moderate,2/4,0
MSME108066,,40.8,39.5,,40.1,C - Weak,2/4,0
MSME108067,,80.1,,,80.1,A - Strong,1/4,0
MSME108068,,56.2,,,56.2,B - Moderate,1/4,1
MSME108069,88.7,,89.0,93.5,89.5,A - Strong,3/4,0
MSME108070,62.9,61.0,,,62.1,B - Moderate,2/4,0
MSME108071,77.1,86.1,81.9,83.2,81.4,A - Strong,4/4,0
MSME108072,,74.0,,66.4,71.8,B - Moderate,2/4,0
MSME108073,85.3,81.3,76.0,,81.1,A - Strong,3/4,0
MSME108074,63.0,,69.3,71.9,66.7,B - Moderate,3/4,0
MSME108075,87.6,85.3,,,86.6,A - Strong,2/4,0
MSME108076,,32.5,42.5,,38.0,C - Weak,2/4,0
MSME108077,49.2,52.4,,,50.5,C - Weak,2/4,0
MSME108078,92.1,92.7,87.1,92.9,90.8,A - Strong,4/4,0
MSME108079,80.1,75.7,,68.6,76.9,A - Strong,3/4,0
MSME108080,,35.5,,,35.5,C - Weak,1/4,0
MSME108081,79.0,78.7,90.1,,82.6,A - Strong,3/4,0
MSME108082,,23.7,15.1,,19.0,D - High Risk,2/4,0
MSME108083,,48.3,46.5,53.8,48.3,C - Weak,3/4,0
MSME108084,,57.7,,,57.7,B - Moderate,1/4,0
MSME108085,31.9,,,,31.9,D - High Risk,1/4,0
MSME108086,70.7,76.2,69.5,77.0,72.3,B - Moderate,4/4,1
MSME108087,65.0,64.3,77.5,,69.0,B - Moderate,3/4,1
MSME108088,,,,,,Unscoreable,0/4,0
MSME108089,47.8,60.1,,,52.9,C - Weak,2/4,0
MSME108090,19.0,24.9,,,21.5,D - High Risk,2/4,1
MSME108091,,25.1,31.2,,28.4,D - High Risk,2/4,1
MSME108092,75.4,78.8,,,76.8,A - Strong,2/4,1
MSME108093,74.8,,,74.2,74.7,B - Moderate,2/4,0
MSME108094,,87.8,,,87.8,A - Strong,1/4,0
MSME108095,,37.1,36.1,,36.6,C - Weak,2/4,1
MSME108096,,44.1,29.2,,36.0,C - Weak,2/4,0
MSME108097,52.5,74.6,,,61.7,B - Moderate,2/4,0
MSME108098,25.1,33.7,,,28.7,D - High Risk,2/4,1
MSME108099,79.3,,76.1,89.6,79.4,A - Strong,3/4,0
MSME108100,74.6,90.3,91.4,,84.6,A - Strong,3/4,0
MSME108101,89.8,91.1,,,90.3,A - Strong,2/4,0
MSME108102,33.5,36.6,,,34.8,D - High Risk,2/4,1
MSME108103,,30.4,42.3,33.1,36.3,C - Weak,3/4,1
MSME108104,62.0,79.4,62.9,,67.1,B - Moderate,3/4,0
MSME108105,16.6,15.2,,,16.0,D - High Risk,2/4,1
MSME108106,,84.9,,,84.9,A - Strong,1/4,0
MSME108107,,47.7,43.0,,45.1,C - Weak,2/4,1
MSME108108,,,45.5,,45.5,C - Weak,1/4,1
MSME108109,41.7,41.6,,,41.7,C - Weak,2/4,0
MSME108110,,51.1,,21.2,42.6,C - Weak,2/4,1
MSME108111,,71.1,67.4,,69.1,B - Moderate,2/4,0
MSME108112,21.2,23.5,15.6,,20.0,D - High Risk,3/4,1
MSME108113,30.1,37.3,20.6,,28.9,D - High Risk,3/4,1
MSME108114,,35.8,,42.7,37.8,C - Weak,2/4,0
MSME108115,52.0,60.7,50.1,66.1,55.0,B - Moderate,4/4,0
MSME108116,68.2,82.0,73.2,,73.7,B - Moderate,3/4,0
MSME108117,81.8,91.3,,,85.8,A - Strong,2/4,0
MSME108118,78.6,85.5,,,81.5,A - Strong,2/4,0
MSME108119,74.5,88.5,88.4,,83.0,A - Strong,3/4,0
MSME108120,,,,,,Unscoreable,0/4,0
MSME108121,,45.8,38.5,,41.8,C - Weak,2/4,0
MSME108122,89.6,91.4,,85.5,89.7,A - Strong,3/4,0
MSME108123,59.7,62.0,,,60.7,B - Moderate,2/4,0
MSME108124,77.4,77.2,71.4,,75.3,A - Strong,3/4,0
MSME108125,68.0,79.6,,,72.8,B - Moderate,2/4,0
MSME108126,59.0,,,,59.0,B - Moderate,1/4,0
MSME108127,66.7,,,49.4,62.9,B - Moderate,2/4,1
MSME108128,26.9,34.9,21.8,,27.4,D - High Risk,3/4,1
MSME108129,,30.1,,,30.1,D - High Risk,1/4,1
MSME108130,35.4,,36.1,,35.7,C - Weak,2/4,1
MSME108131,,,18.0,,18.0,D - High Risk,1/4,1
MSME108132,42.7,46.5,,,44.3,C - Weak,2/4,0
MSME108133,85.3,89.6,89.2,94.8,88.5,A - Strong,4/4,0
MSME108134,,58.2,,,58.2,B - Moderate,1/4,0
MSME108135,,53.5,,,53.5,C - Weak,1/4,0
MSME108136,78.3,70.2,83.8,,77.9,A - Strong,3/4,0
MSME108137,62.8,53.3,62.5,81.8,62.2,B - Moderate,4/4,1
MSME108138,,67.3,,,67.3,B - Moderate,1/4,0
MSME108139,46.3,54.9,56.5,,52.1,C - Weak,3/4,0
MSME108140,,45.8,,,45.8,C - Weak,1/4,0
MSME108141,51.8,73.6,,,60.9,B - Moderate,2/4,0
MSME108142,90.2,91.2,,,90.6,A - Strong,2/4,0
MSME108143,,27.6,,,27.6,D - High Risk,1/4,1
MSME108144,,54.0,38.0,,45.3,C - Weak,2/4,0
MSME108145,60.2,52.2,59.2,,57.6,B - Moderate,3/4,0
MSME108146,,78.2,75.9,,76.9,A - Strong,2/4,0
MSME108147,,38.3,,,38.3,C - Weak,1/4,1
MSME108148,20.2,23.8,40.7,,28.0,D - High Risk,3/4,0
MSME108149,80.1,90.4,,,84.4,A - Strong,2/4,0
MSME108150,,53.9,77.1,,66.6,B - Moderate,2/4,0
MSME108151,76.5,78.3,,,77.2,A - Strong,2/4,0
MSME108152,40.5,,,,40.5,C - Weak,1/4,0
MSME108153,79.0,87.5,,,82.5,A - Strong,2/4,0
MSME108154,47.8,66.2,,,55.5,B - Moderate,2/4,0
MSME108155,65.0,,72.8,,68.6,B - Moderate,2/4,0
MSME108156,57.2,67.7,70.8,60.8,64.3,B - Moderate,4/4,0
MSME108157,44.5,29.9,26.4,,34.4,D - High Risk,3/4,0
MSME108158,40.6,,31.1,,36.2,C - Weak,2/4,0
MSME108159,87.0,91.5,,76.3,87.1,A - Strong,3/4,0
MSME108160,65.6,46.4,58.4,,57.9,B - Moderate,3/4,0
MSME108161,,59.7,,,59.7,B - Moderate,1/4,0
MSME108162,81.7,89.7,,,85.0,A - Strong,2/4,1
MSME108163,,68.9,65.5,,67.0,B - Moderate,2/4,0
MSME108164,,,,,,Unscoreable,0/4,0
MSME108165,65.9,82.1,69.1,,71.5,B - Moderate,3/4,0
MSME108166,25.0,34.6,28.5,32.0,29.1,D - High Risk,4/4,1
MSME108167,72.1,85.3,,,77.6,A - Strong,2/4,0
MSME108168,77.5,72.7,,44.7,71.1,B - Moderate,3/4,0
MSME108169,70.4,62.3,,,67.0,B - Moderate,2/4,0
MSME108170,,,70.1,68.8,69.8,B - Moderate,2/4,0
MSME108171,,42.8,49.8,58.1,48.4,C - Weak,3/4,0
MSME108172,,33.7,,,33.7,D - High Risk,1/4,0
MSME108173,,,34.1,,34.1,D - High Risk,1/4,0
MSME108174,64.9,70.9,71.1,,68.6,B - Moderate,3/4,0
MSME108175,,,,,,Unscoreable,0/4,0
MSME108176,56.0,,67.6,,61.4,B - Moderate,2/4,0
MSME108177,83.1,91.3,85.4,,86.1,A - Strong,3/4,0
MSME108178,31.4,37.4,,,33.9,D - High Risk,2/4,1
MSME108179,,44.4,63.7,,54.9,C - Weak,2/4,0
MSME108180,,,,,,Unscoreable,0/4,0
MSME108181,,,41.3,,41.3,C - Weak,1/4,0
MSME108182,61.2,74.3,72.1,,68.5,B - Moderate,3/4,0
MSME108183,33.0,55.0,34.9,,39.7,C - Weak,3/4,1
MSME108184,84.0,92.1,89.8,91.1,88.5,A - Strong,4/4,0
MSME108185,,76.0,74.8,85.7,76.9,A - Strong,3/4,0
MSME108186,,60.2,,,60.2,B - Moderate,1/4,0
MSME108187,66.0,74.8,,,69.7,B - Moderate,2/4,0
MSME108188,,,,,,Unscoreable,0/4,0
MSME108189,66.4,82.9,,,73.3,B - Moderate,2/4,0
MSME108190,67.9,67.2,82.1,71.0,72.3,B - Moderate,4/4,0
MSME108191,63.5,59.0,,56.8,60.9,B - Moderate,3/4,0
MSME108192,,79.4,,,79.4,A - Strong,1/4,0
MSME108193,72.5,,,67.4,71.4,B - Moderate,2/4,0
MSME108194,56.9,,53.8,,55.5,B - Moderate,2/4,0
MSME108195,37.9,59.8,,,47.0,C - Weak,2/4,0
MSME108196,66.2,,64.2,67.1,65.5,B - Moderate,3/4,0
MSME108197,,51.0,,,51.0,C - Weak,1/4,1
MSME108198,43.8,48.7,,,45.8,C - Weak,2/4,1
MSME108199,38.0,,,55.5,41.9,C - Weak,2/4,0
MSME108200,79.1,91.0,,,84.1,A - Strong,2/4,0
MSME108201,73.3,72.5,50.6,56.6,64.6,B - Moderate,4/4,0
MSME108202,,28.6,,,28.6,D - High Risk,1/4,0
MSME108203,16.1,25.3,,,19.9,D - High Risk,2/4,1
MSME108204,,27.2,,,27.2,D - High Risk,1/4,0
MSME108205,,65.8,48.2,,56.2,B - Moderate,2/4,1
MSME108206,,43.1,,,43.1,C - Weak,1/4,0
MSME108207,27.0,20.4,,,24.2,D - High Risk,2/4,0
MSME108208,67.7,77.2,54.3,61.6,65.4,B - Moderate,4/4,0
MSME108209,,47.9,,,47.9,C - Weak,1/4,0
MSME108210,41.9,48.1,,41.4,44.0,C - Weak,3/4,0
MSME108211,81.9,,90.9,,86.1,A - Strong,2/4,0
MSME108212,,37.5,48.8,64.1,46.8,C - Weak,3/4,0
MSME108213,,25.5,,,25.5,D - High Risk,1/4,0
MSME108214,,60.9,55.2,,57.8,B - Moderate,2/4,0
MSME108215,87.1,84.1,,,85.8,A - Strong,2/4,0
MSME108216,72.4,,71.7,74.5,72.4,B - Moderate,3/4,0
MSME108217,,22.7,,,22.7,D - High Risk,1/4,0
MSME108218,,23.2,,38.6,27.6,D - High Risk,2/4,1
MSME108219,58.8,73.8,,,65.0,B - Moderate,2/4,0
MSME108220,84.9,93.6,75.3,,84.1,A - Strong,3/4,0
MSME108221,,78.0,61.3,,68.9,B - Moderate,2/4,0
MSME108222,,39.3,,,39.3,C - Weak,1/4,0
MSME108223,69.9,,77.5,75.0,73.6,B - Moderate,3/4,0
MSME108224,,65.6,78.3,,72.5,B - Moderate,2/4,0
MSME108225,,43.0,53.5,,48.7,C - Weak,2/4,0
MSME108226,,31.6,,,31.6,D - High Risk,1/4,0
MSME108227,,40.5,27.2,,33.2,D - High Risk,2/4,0
MSME108228,42.6,,,,42.6,C - Weak,1/4,1
MSME108229,,60.7,66.4,44.3,60.8,B - Moderate,3/4,0
MSME108230,,35.0,,,35.0,C - Weak,1/4,0
MSME108231,64.2,65.7,65.1,,64.9,B - Moderate,3/4,0
MSME108232,82.8,78.3,80.3,91.1,81.8,A - Strong,4/4,0
MSME108233,,,,,,Unscoreable,0/4,0
MSME108234,66.2,,,61.0,65.0,B - Moderate,2/4,0
MSME108235,,23.7,,23.4,23.6,D - High Risk,2/4,0
MSME108236,49.1,64.2,,49.4,54.5,C - Weak,3/4,0
MSME108237,,,69.3,,69.3,B - Moderate,1/4,0
MSME108238,83.5,91.2,75.7,,83.0,A - Strong,3/4,0
MSME108239,47.1,63.1,,,53.8,C - Weak,2/4,0
MSME108240,46.6,51.2,,,48.5,C - Weak,2/4,0
MSME108241,91.0,93.5,91.8,92.9,92.1,A - Strong,4/4,0
MSME108242,,30.8,38.8,44.4,36.6,C - Weak,3/4,0
MSME108243,,31.5,,,31.5,D - High Risk,1/4,0
MSME108244,90.1,91.3,89.6,82.0,89.4,A - Strong,4/4,0
MSME108245,42.7,50.2,42.8,,44.8,C - Weak,3/4,0
MSME108246,,25.5,,,25.5,D - High Risk,1/4,0
MSME108247,43.5,53.4,,,47.6,C - Weak,2/4,1
MSME108248,39.1,66.7,,,50.6,C - Weak,2/4,0
MSME108249,82.7,91.0,,,86.2,A - Strong,2/4,0
MSME108250,,49.7,33.6,,40.9,C - Weak,2/4,0
MSME108251,74.8,78.2,,,76.2,A - Strong,2/4,0
MSME108252,,,76.3,94.1,80.7,A - Strong,2/4,0
MSME108253,32.9,51.5,35.2,,38.8,C - Weak,3/4,0
MSME108254,28.3,29.5,,17.9,27.2,D - High Risk,3/4,1
MSME108255,77.5,89.6,,,82.5,A - Strong,2/4,0
MSME108256,69.7,,,67.1,69.1,B - Moderate,2/4,0
MSME108257,,46.9,,,46.9,C - Weak,1/4,0
MSME108258,,27.6,,29.5,28.1,D - High Risk,2/4,0
MSME108259,,65.5,,,65.5,B - Moderate,1/4,0
MSME108260,75.2,86.0,70.6,,76.7,A - Strong,3/4,0
MSME108261,,72.5,78.8,,75.9,A - Strong,2/4,0
MSME108262,82.7,,83.7,,83.2,A - Strong,2/4,0
MSME108263,71.9,,,72.6,72.1,B - Moderate,2/4,0
MSME108264,67.3,64.0,,,65.9,B - Moderate,2/4,0
MSME108265,,27.2,15.3,,20.7,D - High Risk,2/4,0
MSME108266,62.1,60.7,73.8,70.2,66.1,B - Moderate,4/4,0
MSME108267,,66.0,,57.3,63.5,B - Moderate,2/4,0
MSME108268,88.2,90.1,86.3,93.8,88.7,A - Strong,4/4,0
MSME108269,,30.5,,,30.5,D - High Risk,1/4,1
MSME108270,,30.5,18.8,,24.1,D - High Risk,2/4,0
MSME108271,61.0,64.4,69.3,,64.7,B - Moderate,3/4,0
MSME108272,,57.7,76.5,70.9,68.4,B - Moderate,3/4,0
MSME108273,30.5,,,,30.5,D - High Risk,1/4,1
MSME108274,14.6,18.6,,,16.3,D - High Risk,2/4,1
MSME108275,,56.1,,,56.1,B - Moderate,1/4,0
MSME108276,,43.1,,,43.1,C - Weak,1/4,0
MSME108277,36.9,,35.6,,36.3,C - Weak,2/4,0
MSME108278,,,85.4,76.2,83.1,A - Strong,2/4,0
MSME108279,78.8,87.1,77.5,,80.7,A - Strong,3/4,0
MSME108280,58.7,68.0,,,62.6,B - Moderate,2/4,1
MSME108281,50.3,,,,50.3,C - Weak,1/4,0
MSME108282,81.2,70.4,89.9,,81.1,A - Strong,3/4,0
MSME108283,38.5,58.0,,,46.6,C - Weak,2/4,0
MSME108284,32.0,,38.9,,35.2,C - Weak,2/4,0
MSME108285,77.3,86.2,70.8,,77.6,A - Strong,3/4,0
MSME108286,,41.6,48.1,,45.1,C - Weak,2/4,0
MSME108287,,32.4,,,32.4,D - High Risk,1/4,1
MSME108288,40.7,56.2,,,47.2,C - Weak,2/4,0
MSME108289,47.4,43.2,33.7,,41.7,C - Weak,3/4,0
MSME108290,69.4,,,59.5,67.2,B - Moderate,2/4,0
MSME108291,78.8,84.3,87.5,81.7,83.1,A - Strong,4/4,0
MSME108292,73.7,66.9,85.0,,75.6,A - Strong,3/4,0
MSME108293,,21.0,18.8,,19.8,D - High Risk,2/4,1
MSME108294,,,74.2,56.9,69.9,B - Moderate,2/4,0
MSME108295,62.4,61.0,35.6,,53.1,C - Weak,3/4,0
MSME108296,,29.4,,31.3,29.9,D - High Risk,2/4,0
MSME108297,,21.8,,,21.8,D - High Risk,1/4,0
MSME108298,,65.9,,,65.9,B - Moderate,1/4,0
MSME108299,79.2,91.1,,,84.2,A - Strong,2/4,0
MSME108300,53.8,,61.1,55.2,56.9,B - Moderate,3/4,0
MSME108301,30.4,38.4,,,33.7,D - High Risk,2/4,0
MSME108302,85.0,83.0,,92.8,85.4,A - Strong,3/4,0
MSME108303,25.3,37.0,,,30.2,D - High Risk,2/4,1
MSME108304,66.3,66.4,64.9,,65.9,B - Moderate,3/4,0
MSME108305,71.2,65.4,,86.2,71.3,B - Moderate,3/4,0
MSME108306,67.9,78.8,,,72.4,B - Moderate,2/4,0
MSME108307,81.4,93.6,,82.6,85.9,A - Strong,3/4,0
MSME108308,,,,,,Unscoreable,0/4,0
MSME108309,,48.0,85.2,,68.3,B - Moderate,2/4,0
MSME108310,22.8,,,,22.8,D - High Risk,1/4,0
MSME108311,,,60.8,69.1,62.9,B - Moderate,2/4,0
MSME108312,40.8,51.4,37.0,,42.5,C - Weak,3/4,1
MSME108313,73.0,72.1,55.1,,66.8,B - Moderate,3/4,0
MSME108314,,31.3,50.1,,41.6,C - Weak,2/4,0
MSME108315,,83.6,,,83.6,A - Strong,1/4,0
MSME108316,,51.8,59.7,,56.1,B - Moderate,2/4,0
MSME108317,,38.2,26.9,,32.0,D - High Risk,2/4,0
MSME108318,,72.8,,,72.8,B - Moderate,1/4,0
MSME108319,75.7,74.0,85.6,,78.5,A - Strong,3/4,0
MSME108320,37.9,37.3,27.0,,34.1,D - High Risk,3/4,0
MSME108321,,65.0,,75.2,67.9,B - Moderate,2/4,0
MSME108322,,23.5,,,23.5,D - High Risk,1/4,1
MSME108323,39.8,32.5,27.2,26.1,32.8,D - High Risk,4/4,1
MSME108324,71.6,,,,71.6,B - Moderate,1/4,0
MSME108325,,29.0,22.2,,25.3,D - High Risk,2/4,1
MSME108326,56.3,65.8,46.3,57.5,55.8,B - Moderate,4/4,0
MSME108327,,68.1,,,68.1,B - Moderate,1/4,0
MSME108328,70.8,80.2,,,74.7,B - Moderate,2/4,0
MSME108329,53.0,77.4,66.0,,64.1,B - Moderate,3/4,0
MSME108330,22.3,29.0,,,25.1,D - High Risk,2/4,0
MSME108331,90.4,88.6,90.9,94.1,90.5,A - Strong,4/4,0
MSME108332,76.5,84.3,64.9,,74.8,B - Moderate,3/4,0
MSME108333,77.6,77.3,80.5,,78.5,A - Strong,3/4,0
MSME108334,78.0,85.4,,,81.1,A - Strong,2/4,0
MSME108335,68.1,,60.1,,64.4,B - Moderate,2/4,0
MSME108336,91.7,92.7,,92.6,92.2,A - Strong,3/4,0
MSME108337,83.7,88.5,85.7,,85.7,A - Strong,3/4,0
MSME108338,52.1,73.6,,,61.1,B - Moderate,2/4,0
MSME108339,68.7,,76.6,76.0,72.8,B - Moderate,3/4,0
MSME108340,47.1,48.4,,,47.6,C - Weak,2/4,0
MSME108341,69.4,,,,69.4,B - Moderate,1/4,1
MSME108342,44.3,42.9,32.6,32.9,39.3,C - Weak,4/4,0
MSME108343,,33.1,39.9,,36.8,C - Weak,2/4,1
MSME108344,63.2,,73.8,,68.1,B - Moderate,2/4,0
MSME108345,,,,,,Unscoreable,0/4,1
MSME108346,65.4,81.1,,,71.9,B - Moderate,2/4,1
MSME108347,80.0,84.1,61.0,,74.8,B - Moderate,3/4,0
MSME108348,,51.6,,44.1,49.5,C - Weak,2/4,0
MSME108349,60.4,52.3,,,57.0,B - Moderate,2/4,0
MSME108350,,68.9,,,68.9,B - Moderate,1/4,0
MSME108351,,,,,,Unscoreable,0/4,0
MSME108352,77.8,91.0,66.1,,77.6,A - Strong,3/4,0
MSME108353,55.1,68.0,45.8,,55.6,B - Moderate,3/4,0
MSME108354,51.8,64.8,,,57.2,B - Moderate,2/4,0
MSME108355,,36.8,37.0,44.6,38.1,C - Weak,3/4,0
MSME108356,,62.4,70.0,,66.5,B - Moderate,2/4,0
MSME108357,,69.6,77.3,,73.8,B - Moderate,2/4,0
MSME108358,,,67.9,,67.9,B - Moderate,1/4,0
MSME108359,,86.8,,74.2,83.2,A - Strong,2/4,0
MSME108360,61.9,80.6,57.1,,65.5,B - Moderate,3/4,0
MSME108361,83.9,82.6,89.9,,85.5,A - Strong,3/4,0
MSME108362,68.7,69.5,59.0,,65.7,B - Moderate,3/4,0
MSME108363,70.4,76.2,,,72.8,B - Moderate,2/4,0
MSME108364,,64.6,43.9,,53.3,C - Weak,2/4,0
MSME108365,,71.1,,,71.1,B - Moderate,1/4,0
MSME108366,37.4,41.3,,,39.0,C - Weak,2/4,0
MSME108367,70.7,,70.2,,70.5,B - Moderate,2/4,1
MSME108368,64.8,65.5,,,65.1,B - Moderate,2/4,0
MSME108369,,28.4,,,28.4,D - High Risk,1/4,1
MSME108370,,59.9,,,59.9,B - Moderate,1/4,1
MSME108371,57.1,55.3,56.6,,56.4,B - Moderate,3/4,0
MSME108372,,58.3,47.6,,52.5,C - Weak,2/4,0
MSME108373,,21.9,,,21.9,D - High Risk,1/4,0
MSME108374,53.7,43.8,,42.0,48.5,C - Weak,3/4,0
MSME108375,,81.8,,,81.8,A - Strong,1/4,0
MSME108376,55.8,,64.8,,60.0,B - Moderate,2/4,0
MSME108377,49.8,43.7,,,47.3,C - Weak,2/4,1
MSME108378,38.6,47.0,25.0,,36.4,C - Weak,3/4,1
MSME108379,38.2,38.2,,36.8,38.0,C - Weak,3/4,0
MSME108380,62.7,58.9,67.3,,63.2,B - Moderate,3/4,0
MSME108381,48.3,81.0,60.5,50.6,60.4,B - Moderate,4/4,0
MSME108382,58.5,47.1,45.0,51.3,50.9,C - Weak,4/4,0
MSME108383,43.2,55.6,42.9,,46.5,C - Weak,3/4,0
MSME108384,,87.4,82.1,87.8,85.0,A - Strong,3/4,0
MSME108385,54.7,71.3,,,61.6,B - Moderate,2/4,0
MSME108386,90.7,90.5,,,90.6,A - Strong,2/4,0
MSME108387,78.3,84.5,,,80.9,A - Strong,2/4,0
MSME108388,,40.8,49.2,,45.4,C - Weak,2/4,0
MSME108389,,35.4,34.4,,34.9,D - High Risk,2/4,0
MSME108390,39.2,38.1,,,38.7,C - Weak,2/4,0
MSME108391,,53.8,,,53.8,C - Weak,1/4,0
MSME108392,55.0,37.9,65.4,38.8,52.2,C - Weak,4/4,0
MSME108393,41.3,33.9,34.2,24.6,35.6,C - Weak,4/4,1
MSME108394,,19.3,,,19.3,D - High Risk,1/4,1
MSME108395,37.4,,,,37.4,C - Weak,1/4,0
MSME108396,26.7,30.9,,,28.4,D - High Risk,2/4,1
MSME108397,69.1,,64.8,34.6,62.8,B - Moderate,3/4,0
MSME108398,,,49.5,,49.5,C - Weak,1/4,0
MSME108399,84.7,91.0,85.7,,86.8,A - Strong,3/4,0
MSME108400,,54.2,78.2,,67.3,B - Moderate,2/4,0
MSME108401,,39.0,,,39.0,C - Weak,1/4,0
MSME108402,25.2,35.5,,,29.5,D - High Risk,2/4,0
MSME108403,46.5,58.4,,50.8,51.4,C - Weak,3/4,0
MSME108404,52.6,51.6,57.6,,54.0,C - Weak,3/4,0
MSME108405,,66.4,,,66.4,B - Moderate,1/4,0
MSME108406,,82.4,,,82.4,A - Strong,1/4,0
MSME108407,,27.8,,,27.8,D - High Risk,1/4,0
MSME108408,25.4,,,,25.4,D - High Risk,1/4,0
MSME108409,32.4,39.1,,33.5,35.0,C - Weak,3/4,0
MSME108410,65.8,69.7,76.2,,70.4,B - Moderate,3/4,0
MSME108411,,83.9,,70.4,80.0,A - Strong,2/4,0
MSME108412,70.8,69.4,69.4,,69.9,B - Moderate,3/4,0
MSME108413,,,,,,Unscoreable,0/4,0
MSME108414,,45.8,37.5,72.5,46.1,C - Weak,3/4,0
MSME108415,68.4,,72.7,56.9,68.6,B - Moderate,3/4,0
MSME108416,65.1,54.0,,,60.5,B - Moderate,2/4,0
MSME108417,49.3,,33.4,,42.0,C - Weak,2/4,0
MSME108418,,73.9,35.3,,52.8,C - Weak,2/4,0
MSME108419,60.6,64.5,,,62.2,B - Moderate,2/4,0
MSME108420,32.7,34.8,28.5,,31.9,D - High Risk,3/4,0
MSME108421,60.3,,83.8,63.6,70.1,B - Moderate,3/4,0
MSME108422,48.6,,68.2,66.2,58.8,B - Moderate,3/4,0
MSME108423,89.0,,91.7,,90.2,A - Strong,2/4,0
MSME108424,,48.8,,,48.8,C - Weak,1/4,1
MSME108425,69.8,,,,69.8,B - Moderate,1/4,0
MSME108426,,56.2,35.3,53.1,46.1,C - Weak,3/4,0
MSME108427,66.0,59.8,53.3,,60.0,B - Moderate,3/4,0
MSME108428,,53.9,,85.7,63.0,B - Moderate,2/4,0
MSME108429,33.6,29.3,,,31.8,D - High Risk,2/4,0
MSME108430,,72.9,,,72.9,B - Moderate,1/4,0
MSME108431,,32.5,,,32.5,D - High Risk,1/4,1
MSME108432,62.5,,57.3,,60.1,B - Moderate,2/4,0
MSME108433,88.6,90.7,,,89.5,A - Strong,2/4,0
MSME108434,,49.0,,,49.0,C - Weak,1/4,0
MSME108435,61.8,,57.2,47.5,58.1,B - Moderate,3/4,0
MSME108436,,40.5,,,40.5,C - Weak,1/4,1
MSME108437,,24.9,32.2,45.7,31.5,D - High Risk,3/4,1
MSME108438,52.3,,,60.4,54.1,C - Weak,2/4,0
MSME108439,,34.3,76.4,81.9,61.1,B - Moderate,3/4,0
MSME108440,74.6,80.0,,,76.8,A - Strong,2/4,0
MSME108441,,84.5,,,84.5,A - Strong,1/4,0
MSME108442,64.0,74.2,70.0,,68.8,B - Moderate,3/4,0
MSME108443,,79.5,65.6,,71.9,B - Moderate,2/4,0
MSME108444,59.0,,,61.2,59.5,B - Moderate,2/4,0
MSME108445,,27.1,,48.9,33.3,D - High Risk,2/4,0
MSME108446,83.7,,84.2,81.1,83.6,A - Strong,3/4,0
MSME108447,21.4,,29.4,22.4,24.7,D - High Risk,3/4,1
MSME108448,,26.7,22.5,,24.4,D - High Risk,2/4,0
MSME108449,49.6,68.3,,,57.4,B - Moderate,2/4,0
MSME108450,83.4,,76.6,88.3,81.3,A - Strong,3/4,0
MSME108451,,61.0,,,61.0,B - Moderate,1/4,0
MSME108452,,36.9,49.1,65.1,46.9,C - Weak,3/4,0
MSME108453,57.7,73.8,70.4,,66.4,B - Moderate,3/4,0
MSME108454,,55.2,,,55.2,B - Moderate,1/4,0
MSME108455,84.9,77.6,74.6,,79.4,A - Strong,3/4,0
MSME108456,75.4,,86.0,79.4,80.2,A - Strong,3/4,0
MSME108457,,,34.9,,34.9,D - High Risk,1/4,0
MSME108458,42.7,,,37.3,41.5,C - Weak,2/4,0
MSME108459,62.3,,72.6,,67.1,B - Moderate,2/4,0
MSME108460,38.0,,,,38.0,C - Weak,1/4,1
MSME108461,80.8,90.3,77.7,79.2,82.1,A - Strong,4/4,0
MSME108462,88.2,90.6,,88.7,89.1,A - Strong,3/4,0
MSME108463,54.9,,,75.2,59.4,B - Moderate,2/4,0
MSME108464,91.9,93.0,,92.9,92.4,A - Strong,3/4,0
MSME108465,,55.4,48.1,,51.4,C - Weak,2/4,0
MSME108466,,49.1,,,49.1,C - Weak,1/4,0
MSME108467,,87.4,82.1,87.4,85.0,A - Strong,3/4,0
MSME108468,,77.8,75.7,,76.7,A - Strong,2/4,0
MSME108469,58.5,80.3,,43.4,64.1,B - Moderate,3/4,0
MSME108470,68.4,86.7,,,76.0,A - Strong,2/4,0
MSME108471,,56.6,,48.9,54.4,C - Weak,2/4,0
MSME108472,39.1,70.5,,51.9,52.1,C - Weak,3/4,0
MSME108473,40.2,46.8,34.2,,40.0,C - Weak,3/4,0
MSME108474,46.2,63.3,44.5,,50.4,C - Weak,3/4,0
MSME108475,57.9,75.1,,,65.1,B - Moderate,2/4,0
MSME108476,62.2,67.7,50.2,53.1,59.1,B - Moderate,4/4,0
MSME108477,,47.7,,,47.7,C - Weak,1/4,0
MSME108478,25.5,33.4,38.2,20.5,30.8,D - High Risk,4/4,1
MSME108479,73.7,,72.6,,73.2,B - Moderate,2/4,0
MSME108480,88.3,88.8,,,88.5,A - Strong,2/4,0
MSME108481,,28.2,,,28.2,D - High Risk,1/4,0
MSME108482,,57.1,51.9,39.4,52.0,C - Weak,3/4,0
MSME108483,85.6,88.8,81.2,,85.0,A - Strong,3/4,0
MSME108484,21.9,34.4,,,27.1,D - High Risk,2/4,0
MSME108485,47.6,,68.7,61.8,57.9,B - Moderate,3/4,0
MSME108486,,,72.6,83.0,75.2,A - Strong,2/4,0
MSME108487,,38.5,62.5,,51.6,C - Weak,2/4,0
MSME108488,59.2,67.1,,54.8,61.4,B - Moderate,3/4,0
MSME108489,74.4,82.4,,73.3,77.1,A - Strong,3/4,0
MSME108490,,26.3,,,26.3,D - High Risk,1/4,0
MSME108491,89.7,92.1,,92.9,91.0,A - Strong,3/4,0
MSME108492,,35.7,,,35.7,C - Weak,1/4,0
MSME108493,38.6,,39.3,57.6,41.4,C - Weak,3/4,0
MSME108494,55.3,64.3,,,59.0,B - Moderate,2/4,0
MSME108495,,34.4,46.7,,41.1,C - Weak,2/4,0
MSME108496,32.3,,38.8,,35.3,C - Weak,2/4,1
MSME108497,74.6,,71.4,66.8,72.3,B - Moderate,3/4,0
MSME108498,,22.2,,,22.2,D - High Risk,1/4,1
MSME108499,63.4,82.9,,,71.5,B - Moderate,2/4,0
MSME108500,,52.6,37.9,,44.6,C - Weak,2/4,0
MSME108501,85.9,92.2,76.6,,84.6,A - Strong,3/4,0
MSME108502,,61.7,30.7,,44.8,C - Weak,2/4,0
MSME108503,,56.5,,,56.5,B - Moderate,1/4,0
MSME108504,,,,,,Unscoreable,0/4,0
MSME108505,,31.3,,,31.3,D - High Risk,1/4,1
MSME108506,,39.0,38.5,,38.7,C - Weak,2/4,0
MSME108507,,47.5,,,47.5,C - Weak,1/4,0
MSME108508,84.4,,87.1,86.9,85.8,A - Strong,3/4,0
MSME108509,,,,48.7,48.7,C - Weak,1/4,0
MSME108510,81.9,83.4,74.5,,79.9,A - Strong,3/4,0
MSME108511,,28.7,33.7,,31.4,D - High Risk,2/4,0
MSME108512,,,,,,Unscoreable,0/4,1
MSME108513,,83.7,78.4,67.1,78.7,A - Strong,3/4,0
MSME108514,34.3,32.8,,,33.7,D - High Risk,2/4,0
MSME108515,,,,,,Unscoreable,0/4,1
MSME108516,60.7,64.8,,52.4,61.0,B - Moderate,3/4,1
MSME108517,66.3,63.9,,,65.3,B - Moderate,2/4,0
MSME108518,,,56.5,,56.5,B - Moderate,1/4,0
MSME108519,,33.3,,,33.3,D - High Risk,1/4,0
MSME108520,33.5,31.1,28.6,,31.2,D - High Risk,3/4,1
MSME108521,,45.3,61.7,,54.2,C - Weak,2/4,0
MSME108522,69.4,76.3,,66.1,71.4,B - Moderate,3/4,0
MSME108523,24.3,36.0,,29.1,29.2,D - High Risk,3/4,0
MSME108524,,41.6,,,41.6,C - Weak,1/4,1
MSME108525,,,32.9,,32.9,D - High Risk,1/4,0
MSME108526,,55.2,,61.4,57.0,B - Moderate,2/4,0
MSME108527,80.9,83.3,68.3,76.1,77.2,A - Strong,4/4,0
MSME108528,87.2,78.4,79.6,,82.2,A - Strong,3/4,0
MSME108529,38.3,74.0,,,53.2,C - Weak,2/4,0
MSME108530,64.7,,,,64.7,B - Moderate,1/4,0
MSME108531,,63.2,79.3,,72.0,B - Moderate,2/4,0
MSME108532,,35.7,,,35.7,C - Weak,1/4,0
MSME108533,75.0,84.7,74.0,71.0,76.7,A - Strong,4/4,0
MSME108534,,60.3,82.9,,72.6,B - Moderate,2/4,0
MSME108535,,44.9,,,44.9,C - Weak,1/4,0
MSME108536,,29.5,,,29.5,D - High Risk,1/4,1
MSME108537,90.6,90.9,88.2,80.1,88.9,A - Strong,4/4,0
MSME108538,,25.1,,,25.1,D - High Risk,1/4,0
MSME108539,52.8,59.0,,,55.4,B - Moderate,2/4,0
MSME108540,,43.7,,,43.7,C - Weak,1/4,0
MSME108541,85.6,84.2,68.3,,79.4,A - Strong,3/4,0
MSME108542,16.6,21.5,,,18.6,D - High Risk,2/4,1
MSME108543,27.8,,23.9,45.4,28.6,D - High Risk,3/4,0
MSME108544,33.3,30.0,,,31.9,D - High Risk,2/4,0
MSME108545,,40.3,,,40.3,C - Weak,1/4,0
MSME108546,90.1,91.9,90.5,,90.7,A - Strong,3/4,0
MSME108547,36.3,32.2,39.4,,36.2,C - Weak,3/4,0
MSME108548,39.0,61.4,53.0,,49.9,C - Weak,3/4,0
MSME108549,77.8,85.8,63.6,52.5,73.0,B - Moderate,4/4,0
MSME108550,,59.2,73.8,,67.2,B - Moderate,2/4,0
MSME108551,75.5,87.4,,83.1,80.8,A - Strong,3/4,0
MSME108552,80.2,76.7,65.9,,74.5,B - Moderate,3/4,0
MSME108553,72.1,,67.9,,70.2,B - Moderate,2/4,0
MSME108554,58.7,70.0,,48.5,61.3,B - Moderate,3/4,0
MSME108555,,73.2,,,73.2,B - Moderate,1/4,0
MSME108556,89.9,87.8,86.4,92.7,88.6,A - Strong,4/4,0
MSME108557,,57.6,46.5,,51.5,C - Weak,2/4,0
MSME108558,,,,,,Unscoreable,0/4,0
MSME108559,,65.1,,,65.1,B - Moderate,1/4,0
MSME108560,51.7,60.1,,75.8,58.1,B - Moderate,3/4,0
MSME108561,57.9,81.8,54.6,,63.4,B - Moderate,3/4,0
MSME108562,78.5,,,,78.5,A - Strong,1/4,0
MSME108563,65.1,49.6,60.3,75.0,60.8,B - Moderate,4/4,0
MSME108564,,33.6,52.1,,43.7,C - Weak,2/4,0
MSME108565,,29.4,21.9,,25.3,D - High Risk,2/4,1
MSME108566,88.8,89.2,86.8,92.6,88.7,A - Strong,4/4,0
MSME108567,,61.2,,,61.2,B - Moderate,1/4,0
MSME108568,73.5,,,87.6,76.6,A - Strong,2/4,0
MSME108569,85.0,77.6,,,81.9,A - Strong,2/4,0
MSME108570,,30.9,45.5,51.9,40.9,C - Weak,3/4,0
MSME108571,82.1,90.3,,,85.5,A - Strong,2/4,0
MSME108572,74.0,75.6,87.0,,78.8,A - Strong,3/4,0
MSME108573,,81.1,67.2,,73.5,B - Moderate,2/4,0
MSME108574,73.4,81.2,83.6,84.3,79.5,A - Strong,4/4,0
MSME108575,67.2,63.5,,,65.7,B - Moderate,2/4,0
MSME108576,,57.0,,,57.0,B - Moderate,1/4,0
MSME108577,,37.1,,39.6,37.8,C - Weak,2/4,0
MSME108578,,41.9,32.5,,36.8,C - Weak,2/4,0
MSME108579,,47.7,,,47.7,C - Weak,1/4,0
MSME108580,69.1,68.4,67.7,,68.4,B - Moderate,3/4,0
MSME108581,,,20.3,,20.3,D - High Risk,1/4,0
MSME108582,66.0,,,,66.0,B - Moderate,1/4,0
MSME108583,,53.5,,,53.5,C - Weak,1/4,0
MSME108584,85.3,83.9,82.1,,83.8,A - Strong,3/4,0
MSME108585,,24.6,,,24.6,D - High Risk,1/4,0
MSME108586,,74.1,,,74.1,B - Moderate,1/4,0
MSME108587,,27.9,64.5,,47.9,C - Weak,2/4,0
MSME108588,89.8,88.0,80.1,90.5,86.5,A - Strong,4/4,0
MSME108589,61.7,44.6,,52.3,54.3,C - Weak,3/4,1
MSME108590,83.4,86.6,79.1,84.0,83.0,A - Strong,4/4,0
MSME108591,89.4,88.8,89.8,,89.4,A - Strong,3/4,0
MSME108592,89.7,91.0,91.3,92.4,90.8,A - Strong,4/4,0
MSME108593,,57.8,58.1,,58.0,B - Moderate,2/4,0
MSME108594,47.0,61.0,44.9,,50.2,C - Weak,3/4,0
MSME108595,46.5,,,,46.5,C - Weak,1/4,0
MSME108596,50.4,,,,50.4,C - Weak,1/4,0
MSME108597,90.7,86.0,92.6,,90.0,A - Strong,3/4,0
MSME108598,,20.6,,,20.6,D - High Risk,1/4,1
MSME108599,22.5,,,35.5,25.4,D - High Risk,2/4,0
MSME108600,,47.9,46.3,,47.0,C - Weak,2/4,0
MSME108601,,70.1,65.6,,67.6,B - Moderate,2/4,0
MSME108602,,26.6,17.8,,21.8,D - High Risk,2/4,1
MSME108603,,50.2,,54.2,51.3,C - Weak,2/4,0
MSME108604,88.4,85.3,76.0,90.6,84.1,A - Strong,4/4,0
MSME108605,48.4,44.4,39.6,,44.4,C - Weak,3/4,0
MSME108606,72.5,68.3,88.8,,76.8,A - Strong,3/4,0
MSME108607,74.0,77.9,,77.9,76.0,A - Strong,3/4,0
MSME108608,80.2,92.9,84.7,92.8,86.0,A - Strong,4/4,0
MSME108609,,51.2,,,51.2,C - Weak,1/4,0
MSME108610,21.5,35.5,,,27.3,D - High Risk,2/4,0
MSME108611,85.8,85.2,,,85.5,A - Strong,2/4,0
MSME108612,87.5,91.2,80.2,,86.1,A - Strong,3/4,0
MSME108613,34.3,67.1,,,48.0,C - Weak,2/4,0
MSME108614,58.6,58.7,,,58.6,B - Moderate,2/4,0
MSME108615,,,,80.3,80.3,A - Strong,1/4,0
MSME108616,51.1,71.0,,,59.4,B - Moderate,2/4,0
MSME108617,,38.9,,22.7,34.3,D - High Risk,2/4,0
MSME108618,,30.8,,,30.8,D - High Risk,1/4,0
MSME108619,,70.6,72.4,,71.6,B - Moderate,2/4,0
MSME108620,,69.2,,,69.2,B - Moderate,1/4,0
MSME108621,79.0,91.7,79.8,,82.8,A - Strong,3/4,0
MSME108622,65.8,,70.6,67.6,68.0,B - Moderate,3/4,0
MSME108623,61.4,,,59.5,61.0,B - Moderate,2/4,0
MSME108624,,58.1,,,58.1,B - Moderate,1/4,0
MSME108625,,66.9,,,66.9,B - Moderate,1/4,0
MSME108626,74.6,86.1,71.2,,76.7,A - Strong,3/4,0
MSME108627,89.7,93.0,86.5,,89.6,A - Strong,3/4,0
MSME108628,38.5,49.2,,,43.0,C - Weak,2/4,1
MSME108629,75.9,83.6,68.8,,75.7,A - Strong,3/4,0
MSME108630,,43.6,79.6,,63.2,B - Moderate,2/4,0
MSME108631,,26.5,22.3,,24.2,D - High Risk,2/4,0
MSME108632,74.4,85.3,88.2,,82.0,A - Strong,3/4,0
MSME108633,45.8,52.0,59.5,,52.1,C - Weak,3/4,0
MSME108634,,36.6,,,36.6,C - Weak,1/4,0
MSME108635,62.9,66.6,61.4,,63.4,B - Moderate,3/4,0
MSME108636,,49.0,,,49.0,C - Weak,1/4,0
MSME108637,44.4,58.2,36.8,,45.7,C - Weak,3/4,0
MSME108638,,77.5,70.0,52.5,70.2,B - Moderate,3/4,0
MSME108639,23.9,44.9,,32.8,32.7,D - High Risk,3/4,1
MSME108640,71.8,88.9,,,78.9,A - Strong,2/4,0
MSME108641,75.2,81.6,68.1,,74.6,B - Moderate,3/4,0
MSME108642,,73.2,56.8,,64.3,B - Moderate,2/4,1
MSME108643,,88.1,82.0,,84.8,A - Strong,2/4,0
MSME108644,27.2,33.6,,,29.9,D - High Risk,2/4,0
MSME108645,47.7,66.9,,,55.7,B - Moderate,2/4,0
MSME108646,35.7,38.3,43.4,,39.0,C - Weak,3/4,1
MSME108647,,74.6,,,74.6,B - Moderate,1/4,0
MSME108648,52.2,41.6,40.9,,45.5,C - Weak,3/4,1
MSME108649,63.0,86.0,,,72.6,B - Moderate,2/4,0
MSME108650,30.5,55.8,,,41.0,C - Weak,2/4,0
MSME108651,55.6,41.6,,,49.8,C - Weak,2/4,1
MSME108652,80.3,84.7,74.8,86.2,80.3,A - Strong,4/4,0
MSME108653,76.7,83.6,51.5,,70.2,B - Moderate,3/4,0
MSME108654,,40.1,,,40.1,C - Weak,1/4,0
MSME108655,,55.4,32.7,,43.0,C - Weak,2/4,0
MSME108656,,,20.1,,20.1,D - High Risk,1/4,1
MSME108657,64.9,80.9,74.3,,72.5,B - Moderate,3/4,0
MSME108658,,,,,,Unscoreable,0/4,0
MSME108659,,69.8,,,69.8,B - Moderate,1/4,0
MSME108660,58.8,,53.8,,56.5,B - Moderate,2/4,1
MSME108661,,53.0,,56.2,53.9,C - Weak,2/4,0
MSME108662,,71.7,,,71.7,B - Moderate,1/4,0
MSME108663,64.2,86.7,,70.4,73.1,B - Moderate,3/4,0
MSME108664,,53.2,34.7,,43.1,C - Weak,2/4,0
MSME108665,45.5,57.1,,,50.3,C - Weak,2/4,0
MSME108666,,20.3,23.5,,22.0,D - High Risk,2/4,0
MSME108667,,43.4,51.8,56.3,49.3,C - Weak,3/4,0
MSME108668,,70.4,74.7,,72.7,B - Moderate,2/4,0
MSME108669,67.2,77.9,51.0,57.7,64.1,B - Moderate,4/4,0
MSME108670,,,90.5,,90.5,A - Strong,1/4,0
MSME108671,,26.5,,,26.5,D - High Risk,1/4,0
MSME108672,,54.3,81.7,82.2,71.2,B - Moderate,3/4,0
MSME108673,75.6,82.0,73.9,,76.8,A - Strong,3/4,0
MSME108674,,68.1,,,68.1,B - Moderate,1/4,0
MSME108675,54.9,,,66.2,57.4,B - Moderate,2/4,0
MSME108676,26.2,38.3,22.0,,28.2,D - High Risk,3/4,1
MSME108677,83.8,92.5,,69.8,84.9,A - Strong,3/4,0
MSME108678,85.5,92.3,,,88.3,A - Strong,2/4,0
MSME108679,57.1,,57.4,61.5,57.8,B - Moderate,3/4,0
MSME108680,,63.0,69.3,,66.4,B - Moderate,2/4,0
MSME108681,36.0,,17.1,,27.3,D - High Risk,2/4,0
MSME108682,40.7,,69.4,,53.9,C - Weak,2/4,0
MSME108683,61.5,,57.8,64.2,60.4,B - Moderate,3/4,0
MSME108684,,72.1,83.5,,78.3,A - Strong,2/4,0
MSME108685,87.8,79.1,84.1,,84.2,A - Strong,3/4,0
MSME108686,85.2,,,84.4,85.0,A - Strong,2/4,0
MSME108687,49.8,51.4,,,50.5,C - Weak,2/4,0
MSME108688,,56.0,,,56.0,B - Moderate,1/4,1
MSME108689,86.5,88.9,75.6,,83.5,A - Strong,3/4,0
MSME108690,71.0,,,,71.0,B - Moderate,1/4,0
MSME108691,40.1,40.3,,,40.2,C - Weak,2/4,1
MSME108692,,,27.1,,27.1,D - High Risk,1/4,0
MSME108693,34.4,37.8,,,35.8,C - Weak,2/4,1
MSME108694,53.9,52.1,,,53.2,C - Weak,2/4,0
MSME108695,73.3,66.9,,,70.6,B - Moderate,2/4,0
MSME108696,88.7,89.1,,,88.9,A - Strong,2/4,0
MSME108697,78.9,92.1,87.5,,85.4,A - Strong,3/4,0
MSME108698,35.0,30.3,,,33.0,D - High Risk,2/4,0
MSME108699,39.2,61.3,63.4,,53.4,C - Weak,3/4,0
MSME108700,,62.7,,,62.7,B - Moderate,1/4,0
MSME108701,,76.1,,,76.1,A - Strong,1/4,0
MSME108702,40.6,39.0,47.1,,42.3,C - Weak,3/4,0
MSME108703,72.8,82.1,49.5,,67.6,B - Moderate,3/4,0
MSME108704,85.4,90.8,91.3,,88.9,A - Strong,3/4,0
MSME108705,79.7,88.1,,,83.2,A - Strong,2/4,0
MSME108706,,26.3,,,26.3,D - High Risk,1/4,0
MSME108707,,33.8,,,33.8,D - High Risk,1/4,0
MSME108708,85.1,90.5,87.6,,87.4,A - Strong,3/4,0
MSME108709,82.8,82.2,74.7,,79.9,A - Strong,3/4,0
MSME108710,73.6,76.0,69.6,,72.9,B - Moderate,3/4,0
MSME108711,66.3,68.0,,,67.0,B - Moderate,2/4,0
MSME108712,22.7,32.8,,,26.9,D - High Risk,2/4,1
MSME108713,24.2,36.3,23.7,45.5,29.2,D - High Risk,4/4,0
MSME108714,,25.5,18.4,22.4,21.7,D - High Risk,3/4,0
MSME108715,39.9,45.9,,,42.4,C - Weak,2/4,0
MSME108716,82.9,85.9,70.5,72.5,78.9,A - Strong,4/4,0
MSME108717,26.2,,,16.1,24.0,D - High Risk,2/4,0
MSME108718,,66.6,57.3,,61.5,B - Moderate,2/4,0
MSME108719,59.6,56.0,,,58.1,B - Moderate,2/4,0
MSME108720,,36.9,,22.9,32.9,D - High Risk,2/4,1
MSME108721,85.4,90.3,89.5,,88.1,A - Strong,3/4,0
MSME108722,76.2,84.1,,79.4,79.5,A - Strong,3/4,0
MSME108723,89.7,90.0,91.8,,90.5,A - Strong,3/4,0
MSME108724,,26.9,,,26.9,D - High Risk,1/4,0
MSME108725,87.2,79.9,,86.0,84.4,A - Strong,3/4,0
MSME108726,89.4,90.5,,76.7,88.0,A - Strong,3/4,0
MSME108727,63.5,71.1,,37.7,62.5,B - Moderate,3/4,0
MSME108728,,80.3,74.6,,77.2,A - Strong,2/4,0
MSME108729,,25.8,,,25.8,D - High Risk,1/4,1
MSME108730,,23.8,,,23.8,D - High Risk,1/4,0
MSME108731,,34.3,70.8,,54.2,C - Weak,2/4,0
MSME108732,69.4,58.4,64.6,,64.7,B - Moderate,3/4,0
MSME108733,67.2,82.7,,50.9,70.4,B - Moderate,3/4,0
MSME108734,,62.6,65.6,,64.2,B - Moderate,2/4,0
MSME108735,62.2,49.2,,,56.8,B - Moderate,2/4,0
MSME108736,,62.5,,,62.5,B - Moderate,1/4,0
MSME108737,52.9,60.6,58.3,,56.8,B - Moderate,3/4,0
MSME108738,73.0,70.2,80.8,83.4,75.7,A - Strong,4/4,0
MSME108739,39.5,34.0,,,37.2,C - Weak,2/4,0
MSME108740,,64.1,,,64.1,B - Moderate,1/4,0
MSME108741,56.5,45.8,,,52.0,C - Weak,2/4,0
MSME108742,,21.8,,,21.8,D - High Risk,1/4,0
MSME108743,,38.3,,66.8,46.4,C - Weak,2/4,0
MSME108744,57.6,64.7,,,60.6,B - Moderate,2/4,0
MSME108745,,84.5,,87.1,85.2,A - Strong,2/4,0
MSME108746,63.5,68.2,67.4,,66.1,B - Moderate,3/4,0
MSME108747,,54.8,60.2,,57.7,B - Moderate,2/4,0
MSME108748,,23.6,,,23.6,D - High Risk,1/4,0
MSME108749,26.1,29.5,20.9,,25.3,D - High Risk,3/4,0
MSME108750,80.2,,82.6,87.0,82.1,A - Strong,3/4,0
MSME108751,67.8,70.1,,37.3,64.3,B - Moderate,3/4,0
MSME108752,,,,,,Unscoreable,0/4,0
MSME108753,53.4,,46.9,,50.4,C - Weak,2/4,0
MSME108754,,88.0,,,88.0,A - Strong,1/4,0
MSME108755,62.7,68.5,,,65.1,B - Moderate,2/4,0
MSME108756,66.5,83.1,,,73.4,B - Moderate,2/4,0
MSME108757,40.6,50.6,57.4,,49.0,C - Weak,3/4,0
MSME108758,37.1,33.5,,,35.6,C - Weak,2/4,0
MSME108759,58.6,67.3,57.4,,60.6,B - Moderate,3/4,0
MSME108760,50.8,60.2,,,54.7,C - Weak,2/4,0
MSME108761,,60.4,,,60.4,B - Moderate,1/4,1
MSME108762,,73.1,,,73.1,B - Moderate,1/4,0
MSME108763,64.8,74.7,,71.2,69.2,B - Moderate,3/4,0
MSME108764,,30.0,,,30.0,D - High Risk,1/4,1
MSME108765,,28.4,25.6,,26.9,D - High Risk,2/4,0
MSME108766,,,,58.6,58.6,B - Moderate,1/4,1
MSME108767,45.6,31.5,56.8,38.2,44.7,C - Weak,4/4,0
MSME108768,48.9,60.3,,,53.6,C - Weak,2/4,0
MSME108769,51.1,,60.3,,55.3,B - Moderate,2/4,0
MSME108770,,,,,,Unscoreable,0/4,0
MSME108771,67.7,83.9,73.3,,74.1,B - Moderate,3/4,0
MSME108772,67.4,79.9,61.6,,68.9,B - Moderate,3/4,0
MSME108773,48.9,60.4,42.1,,49.8,C - Weak,3/4,1
MSME108774,66.3,,46.2,,57.0,B - Moderate,2/4,0
MSME108775,41.7,36.4,,,39.5,C - Weak,2/4,0
MSME108776,,65.4,62.7,,63.9,B - Moderate,2/4,0
MSME108777,23.6,,26.3,,24.8,D - High Risk,2/4,0
MSME108778,74.9,85.3,73.9,,77.5,A - Strong,3/4,0
MSME108779,46.5,41.4,,,44.4,C - Weak,2/4,0
MSME108780,,25.7,,,25.7,D - High Risk,1/4,0
MSME108781,52.0,70.0,65.0,,61.3,B - Moderate,3/4,0
MSME108782,34.6,,,20.9,31.6,D - High Risk,2/4,1
MSME108783,,63.2,80.7,,72.7,B - Moderate,2/4,0
MSME108784,86.7,86.9,74.8,86.4,83.2,A - Strong,4/4,0
MSME108785,89.3,86.7,82.6,,86.3,A - Strong,3/4,0
MSME108786,,55.8,,,55.8,B - Moderate,1/4,0
MSME108787,,26.6,41.2,,34.6,D - High Risk,2/4,1
MSME108788,89.9,93.7,82.8,,88.6,A - Strong,3/4,0
MSME108789,,,,,,Unscoreable,0/4,0
MSME108790,45.6,63.0,,,52.8,C - Weak,2/4,0
MSME108791,81.2,90.2,82.2,,84.0,A - Strong,3/4,0
MSME108792,,22.9,,,22.9,D - High Risk,1/4,0
MSME108793,49.5,,,44.6,48.4,C - Weak,2/4,0
MSME108794,16.8,21.2,,,18.6,D - High Risk,2/4,1
MSME108795,,,,,,Unscoreable,0/4,0
MSME108796,,24.5,51.6,,39.3,C - Weak,2/4,0
MSME108797,51.0,77.6,70.2,,64.8,B - Moderate,3/4,0
MSME108798,27.4,35.8,49.3,,37.0,C - Weak,3/4,0
MSME108799,,47.0,,,47.0,C - Weak,1/4,0
MSME108800,48.9,73.0,,,58.9,B - Moderate,2/4,0
MSME108801,22.2,,23.4,,22.8,D - High Risk,2/4,1
MSME108802,88.7,86.0,81.5,,85.6,A - Strong,3/4,0
MSME108803,,34.6,51.2,,43.7,C - Weak,2/4,0
MSME108804,44.1,41.1,49.9,,45.2,C - Weak,3/4,0
MSME108805,31.0,32.5,,,31.6,D - High Risk,2/4,1
MSME108806,69.0,56.8,,,63.9,B - Moderate,2/4,0
MSME108807,54.4,44.6,68.0,,56.2,B - Moderate,3/4,1
MSME108808,,48.1,,,48.1,C - Weak,1/4,0
MSME108809,58.5,67.2,64.7,80.3,64.7,B - Moderate,4/4,0
MSME108810,89.3,86.4,89.4,92.8,89.0,A - Strong,4/4,0
MSME108811,,,,67.7,67.7,B - Moderate,1/4,0
MSME108812,,36.8,,,36.8,C - Weak,1/4,1
MSME108813,73.2,77.2,,,74.9,B - Moderate,2/4,0
MSME108814,36.9,,34.8,42.9,36.9,C - Weak,3/4,0
MSME108815,31.3,28.4,24.3,,28.2,D - High Risk,3/4,0
MSME108816,,,,77.7,77.7,A - Strong,1/4,0
MSME108817,83.5,86.9,81.8,,83.9,A - Strong,3/4,0
MSME108818,79.9,,,,79.9,A - Strong,1/4,0
MSME108819,62.7,47.8,64.3,82.2,61.4,B - Moderate,4/4,0
MSME108820,82.5,92.5,82.0,,85.1,A - Strong,3/4,0
MSME108821,,43.9,,62.1,49.1,C - Weak,2/4,0
MSME108822,80.0,81.6,,60.2,77.7,A - Strong,3/4,0
MSME108823,26.6,,,,26.6,D - High Risk,1/4,1
MSME108824,65.6,,70.4,66.1,67.6,B - Moderate,3/4,0
MSME108825,,63.8,,83.9,69.5,B - Moderate,2/4,0
MSME108826,56.8,83.8,59.4,,65.2,B - Moderate,3/4,0
MSME108827,72.7,,59.1,74.5,67.5,B - Moderate,3/4,0
MSME108828,61.4,83.5,66.2,,69.1,B - Moderate,3/4,0
MSME108829,66.2,,68.2,76.8,68.4,B - Moderate,3/4,0
MSME108830,,,,,,Unscoreable,0/4,0
MSME108831,,58.9,,,58.9,B - Moderate,1/4,0
MSME108832,,62.3,,,62.3,B - Moderate,1/4,0
MSME108833,59.6,47.1,,,54.4,C - Weak,2/4,0
MSME108834,52.8,65.5,45.3,,53.8,C - Weak,3/4,0
MSME108835,,25.7,24.4,,25.0,D - High Risk,2/4,0
MSME108836,,,,36.6,36.6,C - Weak,1/4,0
MSME108837,88.4,92.5,89.7,92.7,90.2,A - Strong,4/4,0
MSME108838,85.8,73.1,,,80.5,A - Strong,2/4,0
MSME108839,,,,65.6,65.6,B - Moderate,1/4,0
MSME108840,84.8,,92.3,,88.3,A - Strong,2/4,0
MSME108841,63.1,79.4,58.8,,66.2,B - Moderate,3/4,0
MSME108842,46.9,70.7,,,56.8,B - Moderate,2/4,0
MSME108843,,52.7,55.0,,54.0,C - Weak,2/4,0
MSME108844,50.0,80.0,57.7,48.2,59.6,B - Moderate,4/4,0
MSME108845,,62.1,,,62.1,B - Moderate,1/4,0
MSME108846,33.7,,,,33.7,D - High Risk,1/4,0
MSME108847,64.3,54.1,,,60.0,B - Moderate,2/4,0
MSME108848,62.7,,87.9,,74.3,B - Moderate,2/4,0
MSME108849,73.4,,64.2,74.6,69.9,B - Moderate,3/4,0
MSME108850,75.0,77.9,,,76.2,A - Strong,2/4,0
MSME108851,72.3,78.5,71.4,,73.7,B - Moderate,3/4,0
MSME108852,30.9,33.9,21.0,,28.4,D - High Risk,3/4,0
MSME108853,55.8,72.1,55.0,,60.1,B - Moderate,3/4,0
MSME108854,,60.7,,69.4,63.2,B - Moderate,2/4,0
MSME108855,53.5,58.1,60.4,71.9,58.6,B - Moderate,4/4,0
MSME108856,,83.2,,,83.2,A - Strong,1/4,0
MSME108857,86.4,,86.0,89.2,86.6,A - Strong,3/4,0
MSME108858,59.5,73.2,,,65.2,B - Moderate,2/4,0
MSME108859,,76.1,,74.6,75.7,A - Strong,2/4,0
MSME108860,43.5,49.2,,,45.9,C - Weak,2/4,0
MSME108861,32.5,39.8,,,35.5,C - Weak,2/4,0
MSME108862,,65.6,,,65.6,B - Moderate,1/4,0
MSME108863,40.7,41.7,,,41.1,C - Weak,2/4,0
MSME108864,,79.1,,86.8,81.3,A - Strong,2/4,0
MSME108865,70.5,92.2,65.2,,74.8,B - Moderate,3/4,0
MSME108866,83.8,76.0,88.9,,83.3,A - Strong,3/4,0
MSME108867,51.1,52.6,,,51.7,C - Weak,2/4,0
MSME108868,74.3,83.5,86.0,,80.8,A - Strong,3/4,0
MSME108869,,56.8,,,56.8,B - Moderate,1/4,0
MSME108870,,32.9,23.6,,27.8,D - High Risk,2/4,0
MSME108871,88.7,88.6,88.3,68.7,86.6,A - Strong,4/4,0
MSME108872,,38.2,,,38.2,C - Weak,1/4,0
MSME108873,49.8,,55.9,,52.6,C - Weak,2/4,0
MSME108874,,66.8,81.9,,75.0,A - Strong,2/4,0
MSME108875,,36.6,41.6,,39.3,C - Weak,2/4,0
MSME108876,83.6,71.4,,,78.5,A - Strong,2/4,0
MSME108877,,70.4,68.1,,69.1,B - Moderate,2/4,0
MSME108878,17.4,22.6,,,19.6,D - High Risk,2/4,0
MSME108879,53.3,63.5,62.0,,59.0,B - Moderate,3/4,0
MSME108880,84.0,93.0,,81.2,86.8,A - Strong,3/4,0
MSME108881,37.9,50.0,,63.4,45.9,C - Weak,3/4,0
MSME108882,,38.1,,,38.1,C - Weak,1/4,0
MSME108883,73.2,80.7,,,76.3,A - Strong,2/4,0
MSME108884,18.4,17.3,38.1,,24.7,D - High Risk,3/4,0
MSME108885,26.7,22.5,,34.2,26.3,D - High Risk,3/4,0
MSME108886,82.5,68.9,89.8,,81.2,A - Strong,3/4,0
MSME108887,,58.0,63.4,,60.9,B - Moderate,2/4,0
MSME108888,84.3,,,,84.3,A - Strong,1/4,0
MSME108889,,85.5,,,85.5,A - Strong,1/4,0
MSME108890,68.7,,,,68.7,B - Moderate,1/4,0
MSME108891,36.3,,,25.9,34.0,D - High Risk,2/4,1
MSME108892,,58.4,,50.9,56.3,B - Moderate,2/4,0
MSME108893,68.9,88.1,62.1,,72.0,B - Moderate,3/4,0
MSME108894,,39.1,,,39.1,C - Weak,1/4,0
MSME108895,,82.6,,,82.6,A - Strong,1/4,0
MSME108896,41.8,54.4,45.6,,46.6,C - Weak,3/4,0
MSME108897,,44.6,38.9,,41.5,C - Weak,2/4,0
MSME108898,,29.4,,,29.4,D - High Risk,1/4,0
MSME108899,,,39.3,,39.3,C - Weak,1/4,1
MSME108900,71.1,71.5,68.3,,70.3,B - Moderate,3/4,0
MSME108901,,,55.3,,55.3,B - Moderate,1/4,0
MSME108902,76.9,84.5,,,80.1,A - Strong,2/4,0
MSME108903,73.1,80.8,,,76.3,A - Strong,2/4,0
MSME108904,,,,41.2,41.2,C - Weak,1/4,1
MSME108905,,60.0,69.8,63.0,65.0,B - Moderate,3/4,0
MSME108906,,28.7,28.7,,28.7,D - High Risk,2/4,0
MSME108907,91.3,85.7,,,89.0,A - Strong,2/4,0
MSME108908,22.3,23.0,,,22.6,D - High Risk,2/4,0
MSME108909,72.8,69.9,,,71.6,B - Moderate,2/4,0
MSME108910,,56.9,,,56.9,B - Moderate,1/4,0
MSME108911,,,89.0,,89.0,A - Strong,1/4,0
MSME108912,,,,58.6,58.6,B - Moderate,1/4,0
MSME108913,,34.9,,,34.9,D - High Risk,1/4,0
MSME108914,,54.9,,,54.9,C - Weak,1/4,0
MSME108915,69.3,84.2,,,75.5,A - Strong,2/4,0
MSME108916,32.5,31.9,,,32.2,D - High Risk,2/4,0
MSME108917,,,,,,Unscoreable,0/4,1
MSME108918,,38.1,,39.7,38.6,C - Weak,2/4,0
MSME108919,74.4,83.5,83.0,,79.8,A - Strong,3/4,0
MSME108920,,49.0,,,49.0,C - Weak,1/4,0
MSME108921,30.0,,,,30.0,D - High Risk,1/4,0
MSME108922,64.0,,64.6,,64.3,B - Moderate,2/4,0
MSME108923,,21.3,,,21.3,D - High Risk,1/4,1
MSME108924,42.2,66.2,46.7,,50.4,C - Weak,3/4,0
MSME108925,21.8,30.8,,,25.6,D - High Risk,2/4,1
MSME108926,33.1,,,42.0,35.1,C - Weak,2/4,0
MSME108927,78.8,,,,78.8,A - Strong,1/4,0
MSME108928,42.6,34.9,55.5,,44.8,C - Weak,3/4,0
MSME108929,,49.9,,,49.9,C - Weak,1/4,0
MSME108930,,50.4,38.8,64.5,47.2,C - Weak,3/4,0
MSME108931,,20.1,,,20.1,D - High Risk,1/4,1
MSME108932,51.8,64.4,52.7,,55.6,B - Moderate,3/4,0
MSME108933,,81.5,72.8,,76.8,A - Strong,2/4,0
MSME108934,90.3,92.6,90.9,94.3,91.5,A - Strong,4/4,0
MSME108935,68.1,,,59.5,66.2,B - Moderate,2/4,0
MSME108936,,,,,,Unscoreable,0/4,0
MSME108937,25.9,37.7,,,30.8,D - High Risk,2/4,1
MSME108938,49.8,55.1,32.6,,45.5,C - Weak,3/4,0
MSME108939,61.7,65.0,57.8,,61.3,B - Moderate,3/4,0
MSME108940,,,30.8,,30.8,D - High Risk,1/4,0
MSME108941,56.1,51.4,68.1,,58.8,B - Moderate,3/4,0
MSME108942,84.3,89.1,,,86.3,A - Strong,2/4,0
MSME108943,88.9,91.7,90.6,,90.2,A - Strong,3/4,0
MSME108944,82.3,92.6,87.3,,86.8,A - Strong,3/4,0
MSME108945,,65.8,69.7,49.8,65.1,B - Moderate,3/4,0
MSME108946,,40.0,,16.8,33.4,D - High Risk,2/4,1
MSME108947,79.4,86.4,,82.7,82.4,A - Strong,3/4,0
MSME108948,22.9,31.1,,,26.3,D - High Risk,2/4,1
MSME108949,,50.4,,,50.4,C - Weak,1/4,1
MSME108950,78.8,81.2,70.0,,76.5,A - Strong,3/4,0
MSME108951,74.2,81.3,78.3,,77.5,A - Strong,3/4,0
MSME108952,39.1,65.6,,45.3,49.5,C - Weak,3/4,0
MSME108953,71.0,,64.6,,68.0,B - Moderate,2/4,0
MSME108954,17.7,25.9,,,21.1,D - High Risk,2/4,1
MSME108955,28.8,40.9,24.1,,30.6,D - High Risk,3/4,0
MSME108956,,,,,,Unscoreable,0/4,0
MSME108957,48.9,78.5,,,61.2,B - Moderate,2/4,0
MSME108958,,44.4,38.1,,41.0,C - Weak,2/4,0
MSME108959,,29.2,,24.7,27.9,D - High Risk,2/4,0
MSME108960,75.8,67.7,,82.0,73.8,B - Moderate,3/4,0
MSME108961,68.0,71.0,,,69.2,B - Moderate,2/4,0
MSME108962,91.3,92.5,88.5,91.8,90.8,A - Strong,4/4,0
MSME108963,,35.4,47.4,,41.9,C - Weak,2/4,0
MSME108964,,79.4,,,79.4,A - Strong,1/4,0
MSME108965,,,36.3,,36.3,C - Weak,1/4,0
MSME108966,,38.0,38.7,,38.4,C - Weak,2/4,0
MSME108967,,21.2,,18.2,20.3,D - High Risk,2/4,1
MSME108968,,59.3,55.6,43.9,55.2,B - Moderate,3/4,0
MSME108969,38.6,52.6,,,44.4,C - Weak,2/4,0
MSME108970,71.5,64.8,,,68.7,B - Moderate,2/4,0
MSME108971,64.1,59.5,66.5,,63.6,B - Moderate,3/4,0
MSME108972,,70.3,72.4,,71.4,B - Moderate,2/4,0
MSME108973,,61.2,,,61.2,B - Moderate,1/4,1
MSME108974,82.7,91.0,,,86.2,A - Strong,2/4,0
MSME108975,,30.9,47.6,,40.0,C - Weak,2/4,0
MSME108976,,52.5,,,52.5,C - Weak,1/4,0
MSME108977,70.2,88.1,68.7,,74.7,B - Moderate,3/4,0
MSME108978,57.0,,63.4,,60.0,B - Moderate,2/4,0
MSME108979,34.4,34.9,31.5,28.1,33.0,D - High Risk,4/4,1
MSME108980,78.2,91.5,84.7,,84.1,A - Strong,3/4,0
MSME108981,46.7,49.5,,,47.9,C - Weak,2/4,0
MSME108982,,25.5,,,25.5,D - High Risk,1/4,0
MSME108983,,,39.2,,39.2,C - Weak,1/4,0
MSME108984,87.6,94.4,,,90.4,A - Strong,2/4,0
MSME108985,,49.2,,,49.2,C - Weak,1/4,0
MSME108986,46.8,71.2,,,57.0,B - Moderate,2/4,0
MSME108987,76.8,,75.0,79.3,76.4,A - Strong,3/4,0
MSME108988,45.8,37.0,,,42.1,C - Weak,2/4,0
MSME108989,79.9,77.0,76.3,,77.9,A - Strong,3/4,0
MSME108990,26.5,26.8,,,26.6,D - High Risk,2/4,1
MSME108991,,20.9,,,20.9,D - High Risk,1/4,0
MSME108992,20.1,20.0,22.6,,20.9,D - High Risk,3/4,1
MSME108993,67.9,63.8,85.3,,72.6,B - Moderate,3/4,0
MSME108994,,38.4,,,38.4,C - Weak,1/4,0
MSME108995,86.2,,91.9,,88.8,A - Strong,2/4,0
MSME108996,,,,,,Unscoreable,0/4,0
MSME108997,,59.2,,,59.2,B - Moderate,1/4,0
MSME108998,86.8,87.8,,73.0,85.2,A - Strong,3/4,0
MSME108999,41.0,,62.1,,50.7,C - Weak,2/4,0
MSME109000,,,59.3,,59.3,B - Moderate,1/4,0
MSME109001,24.6,38.8,,,30.5,D - High Risk,2/4,1
MSME109002,,19.0,34.0,,27.2,D - High Risk,2/4,0
MSME109003,,36.0,,,36.0,C - Weak,1/4,1
MSME109004,41.7,48.1,,,44.4,C - Weak,2/4,1
MSME109005,37.2,34.1,,37.6,36.2,C - Weak,3/4,0
MSME109006,,37.7,,38.6,38.0,C - Weak,2/4,0
MSME109007,68.0,75.4,,,71.1,B - Moderate,2/4,0
MSME109008,90.6,89.0,88.6,,89.5,A - Strong,3/4,0
MSME109009,,36.2,,,36.2,C - Weak,1/4,0
MSME109010,81.6,80.7,,,81.2,A - Strong,2/4,0
MSME109011,67.3,79.3,69.0,,71.2,B - Moderate,3/4,0
MSME109012,,43.7,51.9,,48.2,C - Weak,2/4,0
MSME109013,,26.4,,,26.4,D - High Risk,1/4,0
MSME109014,,54.1,37.4,60.7,47.4,C - Weak,3/4,0
MSME109015,27.6,28.9,24.5,,26.9,D - High Risk,3/4,0
MSME109016,86.0,84.0,81.6,72.0,82.8,A - Strong,4/4,0
MSME109017,42.2,,27.0,22.0,33.4,D - High Risk,3/4,0
MSME109018,83.0,89.7,,,85.8,A - Strong,2/4,0
MSME109019,71.3,76.9,69.8,,72.4,B - Moderate,3/4,0
MSME109020,,42.8,51.9,,47.8,C - Weak,2/4,0
MSME109021,87.4,91.7,,88.0,89.0,A - Strong,3/4,0
MSME109022,75.1,,82.2,75.0,77.9,A - Strong,3/4,0
MSME109023,,36.6,33.2,,34.7,D - High Risk,2/4,0
MSME109024,24.3,33.4,,30.7,28.5,D - High Risk,3/4,1
MSME109025,40.3,50.3,,,44.5,C - Weak,2/4,0
MSME109026,33.5,40.3,,,36.3,C - Weak,2/4,0
MSME109027,24.8,31.7,28.9,,28.1,D - High Risk,3/4,1
MSME109028,18.8,20.0,,,19.3,D - High Risk,2/4,0
MSME109029,,,,,,Unscoreable,0/4,1
MSME109030,40.9,56.5,,,47.4,C - Weak,2/4,1
MSME109031,51.1,38.6,48.1,,46.6,C - Weak,3/4,0
MSME109032,82.2,92.7,,,86.6,A - Strong,2/4,0
MSME109033,55.7,,,46.9,53.7,C - Weak,2/4,0
MSME109034,,42.6,51.2,,47.3,C - Weak,2/4,0
MSME109035,,80.8,75.2,93.2,80.1,A - Strong,3/4,0
MSME109036,89.3,91.7,,85.9,89.7,A - Strong,3/4,0
MSME109037,,29.3,19.7,,24.1,D - High Risk,2/4,0
MSME109038,,29.0,,,29.0,D - High Risk,1/4,0
MSME109039,24.4,31.9,,,27.5,D - High Risk,2/4,1
MSME109040,49.9,53.6,60.2,,54.4,C - Weak,3/4,0
MSME109041,83.4,84.9,,,84.0,A - Strong,2/4,0
MSME109042,65.7,66.1,70.3,,67.3,B - Moderate,3/4,0
MSME109043,,35.8,,,35.8,C - Weak,1/4,1
MSME109044,40.3,47.9,,49.4,44.3,C - Weak,3/4,0
MSME109045,,60.7,55.0,,57.6,B - Moderate,2/4,0
MSME109046,,61.2,,,61.2,B - Moderate,1/4,0
MSME109047,61.1,75.9,,,67.3,B - Moderate,2/4,0
MSME109048,67.2,,,58.8,65.3,B - Moderate,2/4,0
MSME109049,42.1,67.4,,,52.6,C - Weak,2/4,0
MSME109050,38.1,43.2,34.6,,38.4,C - Weak,3/4,0
MSME109051,,22.8,,,22.8,D - High Risk,1/4,0
MSME109052,54.5,47.9,,58.2,52.7,C - Weak,3/4,0
MSME109053,,64.3,,,64.3,B - Moderate,1/4,0
MSME109054,,,63.5,62.7,63.3,B - Moderate,2/4,0
MSME109055,81.5,92.6,,,86.1,A - Strong,2/4,0
MSME109056,,,,,,Unscoreable,0/4,1
MSME109057,80.8,85.6,83.1,90.1,83.6,A - Strong,4/4,0
MSME109058,52.8,59.3,52.5,,54.5,C - Weak,3/4,0
MSME109059,54.2,,,,54.2,C - Weak,1/4,0
MSME109060,,,,,,Unscoreable,0/4,1
MSME109061,84.9,88.0,82.8,,85.1,A - Strong,3/4,0
MSME109062,,71.1,,,71.1,B - Moderate,1/4,0
MSME109063,66.9,,,69.3,67.4,B - Moderate,2/4,0
MSME109064,49.1,57.1,62.2,,55.7,B - Moderate,3/4,0
MSME109065,,24.4,25.9,,25.2,D - High Risk,2/4,0
MSME109066,,25.9,,,25.9,D - High Risk,1/4,1
MSME109067,,32.0,,,32.0,D - High Risk,1/4,0
MSME109068,45.1,63.4,,,52.7,C - Weak,2/4,1
MSME109069,,27.4,29.0,39.4,30.0,D - High Risk,3/4,0
MSME109070,75.4,79.5,,,77.1,A - Strong,2/4,0
MSME109071,51.0,44.7,58.3,,51.7,C - Weak,3/4,0
MSME109072,53.3,79.0,51.9,57.3,59.7,B - Moderate,4/4,0
MSME109073,27.0,,15.8,25.8,22.4,D - High Risk,3/4,1
MSME109074,41.4,56.3,,46.0,47.4,C - Weak,3/4,0
MSME109075,63.1,57.7,66.3,,62.7,B - Moderate,3/4,0
MSME109076,49.7,,,,49.7,C - Weak,1/4,0
MSME109077,,62.8,68.2,55.1,64.1,B - Moderate,3/4,0
MSME109078,49.8,61.6,,,54.7,C - Weak,2/4,0
MSME109079,,54.7,,,54.7,C - Weak,1/4,0
MSME109080,75.0,67.9,,,72.0,B - Moderate,2/4,0
MSME109081,,64.5,,,64.5,B - Moderate,1/4,0
MSME109082,63.0,54.1,72.0,75.2,64.7,B - Moderate,4/4,1
MSME109083,88.4,93.6,87.7,,89.6,A - Strong,3/4,0
MSME109084,,26.1,41.4,,34.4,D - High Risk,2/4,1
MSME109085,,,,,,Unscoreable,0/4,0
MSME109086,,75.5,88.3,,82.5,A - Strong,2/4,0
MSME109087,87.4,,92.4,94.5,90.3,A - Strong,3/4,0
MSME109088,75.9,86.6,,,80.4,A - Strong,2/4,0
MSME109089,,,,,,Unscoreable,0/4,0
MSME109090,86.0,90.5,,,87.9,A - Strong,2/4,0
MSME109091,68.7,69.6,,,69.1,B - Moderate,2/4,0
MSME109092,49.8,45.7,,,48.1,C - Weak,2/4,0
MSME109093,,,15.9,23.2,17.7,D - High Risk,2/4,1
MSME109094,,52.3,,,52.3,C - Weak,1/4,0
MSME109095,37.3,47.3,,,41.5,C - Weak,2/4,1
MSME109096,,71.2,83.1,,77.7,A - Strong,2/4,0
MSME109097,63.9,62.2,,,63.2,B - Moderate,2/4,0
MSME109098,54.3,60.0,,,56.7,B - Moderate,2/4,0
MSME109099,61.1,,,58.2,60.5,B - Moderate,2/4,1
MSME109100,,69.9,,,69.9,B - Moderate,1/4,0
MSME109101,,56.5,43.1,,49.2,C - Weak,2/4,0
MSME109102,66.5,58.5,49.2,,58.5,B - Moderate,3/4,0
MSME109103,,85.7,77.8,,81.4,A - Strong,2/4,0
MSME109104,,43.2,,,43.2,C - Weak,1/4,1
MSME109105,39.8,43.9,36.4,,39.8,C - Weak,3/4,1
MSME109106,,35.7,,,35.7,C - Weak,1/4,0
MSME109107,,51.9,78.5,,66.4,B - Moderate,2/4,0
MSME109108,89.2,86.3,90.6,92.9,89.3,A - Strong,4/4,0
MSME109109,83.5,89.8,84.6,,85.6,A - Strong,3/4,0
MSME109110,87.4,90.8,87.4,78.8,87.4,A - Strong,4/4,0
MSME109111,66.1,65.4,86.5,,72.7,B - Moderate,3/4,0
MSME109112,76.4,90.6,81.3,,82.0,A - Strong,3/4,0
MSME109113,70.2,,,,70.2,B - Moderate,1/4,0
MSME109114,53.1,53.1,,,53.1,C - Weak,2/4,0
MSME109115,62.5,,,,62.5,B - Moderate,1/4,1
MSME109116,57.8,74.5,62.0,,63.8,B - Moderate,3/4,0
MSME109117,54.1,51.0,50.4,,52.0,C - Weak,3/4,0
MSME109118,41.9,50.1,,,45.3,C - Weak,2/4,0
MSME109119,81.7,80.4,,,81.2,A - Strong,2/4,0
MSME109120,,40.3,,,40.3,C - Weak,1/4,0
MSME109121,41.8,,43.1,34.3,41.3,C - Weak,3/4,0
MSME109122,76.3,71.4,82.2,,76.9,A - Strong,3/4,0
MSME109123,60.9,53.3,,,57.7,B - Moderate,2/4,0
MSME109124,,64.4,,,64.4,B - Moderate,1/4,0
MSME109125,,39.0,,63.0,45.9,C - Weak,2/4,0
MSME109126,47.2,60.7,,,52.8,C - Weak,2/4,0
MSME109127,83.3,93.9,,,87.7,A - Strong,2/4,0
MSME109128,,20.7,,,20.7,D - High Risk,1/4,0
MSME109129,86.2,88.1,86.8,93.4,87.6,A - Strong,4/4,0
MSME109130,79.5,84.6,64.9,,76.1,A - Strong,3/4,0
MSME109131,71.1,,,,71.1,B - Moderate,1/4,0
MSME109132,61.2,61.5,63.4,,62.0,B - Moderate,3/4,0
MSME109133,,33.1,,,33.1,D - High Risk,1/4,0
MSME109134,54.0,65.8,68.3,58.1,61.6,B - Moderate,4/4,0
MSME109135,,73.8,83.5,91.7,81.0,A - Strong,3/4,0
MSME109136,88.1,89.1,92.6,,89.9,A - Strong,3/4,0
MSME109137,,,66.9,,66.9,B - Moderate,1/4,0
MSME109138,87.9,90.1,,,88.8,A - Strong,2/4,0
MSME109139,,69.5,69.1,,69.3,B - Moderate,2/4,0
MSME109140,,39.0,35.4,,37.0,C - Weak,2/4,0
MSME109141,85.2,91.0,81.7,,85.6,A - Strong,3/4,0
MSME109142,71.7,77.4,,,74.1,B - Moderate,2/4,0
MSME109143,,84.9,,,84.9,A - Strong,1/4,0
MSME109144,,50.2,42.5,,46.0,C - Weak,2/4,1
MSME109145,87.0,92.6,84.7,,87.8,A - Strong,3/4,0
MSME109146,54.1,52.7,63.1,,56.7,B - Moderate,3/4,0
MSME109147,70.3,46.9,58.9,,60.0,B - Moderate,3/4,0
MSME109148,,20.5,,,20.5,D - High Risk,1/4,0
MSME109149,26.1,46.3,,,34.5,D - High Risk,2/4,0
MSME109150,,57.6,,,57.6,B - Moderate,1/4,0
MSME109151,78.8,82.1,87.4,,82.6,A - Strong,3/4,0
MSME109152,,67.1,,,67.1,B - Moderate,1/4,0
MSME109153,81.2,90.0,85.6,86.6,85.3,A - Strong,4/4,0
MSME109154,,56.0,79.0,,68.5,B - Moderate,2/4,0
MSME109155,,59.6,,51.1,57.2,B - Moderate,2/4,0
MSME109156,66.7,55.9,,67.7,63.0,B - Moderate,3/4,0
MSME109157,,58.6,,,58.6,B - Moderate,1/4,0
MSME109158,,23.3,,,23.3,D - High Risk,1/4,1
MSME109159,21.5,36.8,,,27.9,D - High Risk,2/4,0
MSME109160,37.7,35.4,52.0,,41.8,C - Weak,3/4,1
MSME109161,32.8,,44.9,43.7,39.1,C - Weak,3/4,0
MSME109162,77.1,,75.2,,76.2,A - Strong,2/4,0
MSME109163,,72.3,77.9,,75.4,A - Strong,2/4,0
MSME109164,,64.0,77.4,,71.3,B - Moderate,2/4,0
MSME109165,73.5,83.7,71.2,,75.6,A - Strong,3/4,0
MSME109166,,47.5,21.3,,33.2,D - High Risk,2/4,0
MSME109167,,53.7,60.3,,57.3,B - Moderate,2/4,0
MSME109168,58.2,83.1,,,68.6,B - Moderate,2/4,0
MSME109169,69.1,67.4,66.9,,67.9,B - Moderate,3/4,0
MSME109170,,63.0,65.1,,64.1,B - Moderate,2/4,0
MSME109171,27.8,,,22.4,26.6,D - High Risk,2/4,1
MSME109172,23.8,28.6,,,25.8,D - High Risk,2/4,0
MSME109173,,40.9,45.4,,43.4,C - Weak,2/4,0
MSME109174,74.1,,90.8,,81.8,A - Strong,2/4,0
MSME109175,83.4,,,83.4,83.4,A - Strong,2/4,0
MSME109176,22.2,24.5,22.0,,22.8,D - High Risk,3/4,0
MSME109177,,33.1,,50.6,38.1,C - Weak,2/4,0
MSME109178,89.3,87.9,,78.6,87.3,A - Strong,3/4,0
MSME109179,59.9,75.1,44.5,,59.0,B - Moderate,3/4,0
MSME109180,,30.4,,,30.4,D - High Risk,1/4,1
MSME109181,24.2,26.2,,,25.0,D - High Risk,2/4,1
MSME109182,,43.2,,,43.2,C - Weak,1/4,0
MSME109183,81.8,,83.5,87.3,83.2,A - Strong,3/4,0
MSME109184,42.1,,51.2,,46.3,C - Weak,2/4,0
MSME109185,53.2,48.4,,58.2,52.2,C - Weak,3/4,0
MSME109186,,53.8,,,53.8,C - Weak,1/4,0
MSME109187,37.0,,,,37.0,C - Weak,1/4,0
MSME109188,62.8,,64.9,,63.8,B - Moderate,2/4,0
MSME109189,,,37.1,44.4,38.9,C - Weak,2/4,0
MSME109190,23.9,,24.1,,24.0,D - High Risk,2/4,0
MSME109191,64.2,62.1,,88.2,66.9,B - Moderate,3/4,0
MSME109192,38.8,,,,38.8,C - Weak,1/4,0
MSME109193,71.8,72.6,,71.0,72.0,B - Moderate,3/4,0
MSME109194,30.9,36.4,,,33.2,D - High Risk,2/4,0
MSME109195,,34.0,,,34.0,D - High Risk,1/4,1
MSME109196,,,,,,Unscoreable,0/4,1
MSME109197,,,,,,Unscoreable,0/4,0
MSME109198,,35.0,,,35.0,C - Weak,1/4,0
MSME109199,,47.6,,,47.6,C - Weak,1/4,1
MSME109200,,83.9,78.1,,80.7,A - Strong,2/4,0
MSME109201,85.0,88.3,90.2,90.4,87.9,A - Strong,4/4,0
MSME109202,64.1,55.5,58.7,,59.9,B - Moderate,3/4,0
MSME109203,62.8,60.4,73.7,,65.8,B - Moderate,3/4,0
MSME109204,,30.9,,,30.9,D - High Risk,1/4,0
MSME109205,76.6,78.6,79.1,74.9,77.7,A - Strong,4/4,0
MSME109206,,67.6,45.6,,55.6,B - Moderate,2/4,0
MSME109207,76.5,84.8,80.0,,80.0,A - Strong,3/4,0
MSME109208,,,56.7,,56.7,B - Moderate,1/4,0
MSME109209,83.3,88.2,,,85.3,A - Strong,2/4,0
MSME109210,43.6,,51.1,60.7,48.9,C - Weak,3/4,0
MSME109211,35.1,56.7,,,44.1,C - Weak,2/4,0
MSME109212,21.3,36.9,,,27.8,D - High Risk,2/4,0
MSME109213,,,82.6,,82.6,A - Strong,1/4,0
MSME109214,87.8,86.9,88.1,,87.7,A - Strong,3/4,0
MSME109215,,,,20.7,20.7,D - High Risk,1/4,0
MSME109216,89.9,79.8,80.3,89.8,84.5,A - Strong,4/4,0
MSME109217,86.3,,90.3,93.2,88.8,A - Strong,3/4,0
MSME109218,49.8,,59.8,68.0,56.2,B - Moderate,3/4,0
MSME109219,,69.0,66.0,,67.4,B - Moderate,2/4,0
MSME109220,91.4,90.6,91.5,93.2,91.4,A - Strong,4/4,0
MSME109221,48.2,53.5,,,50.4,C - Weak,2/4,0
MSME109222,,38.8,,,38.8,C - Weak,1/4,0
MSME109223,37.9,,36.8,,37.4,C - Weak,2/4,0
MSME109224,23.6,30.7,,,26.6,D - High Risk,2/4,1
MSME109225,73.9,,,86.8,76.8,A - Strong,2/4,0
MSME109226,91.4,91.7,93.5,92.7,92.2,A - Strong,4/4,0
MSME109227,,,,,,Unscoreable,0/4,0
MSME109228,,78.5,75.2,,76.7,A - Strong,2/4,0
MSME109229,59.8,59.4,,44.9,57.5,B - Moderate,3/4,0
MSME109230,22.8,22.7,,,22.8,D - High Risk,2/4,0
MSME109231,61.9,,57.4,,59.8,B - Moderate,2/4,0
MSME109232,,60.9,42.1,,50.6,C - Weak,2/4,0
MSME109233,28.9,39.5,38.6,,35.1,C - Weak,3/4,0
MSME109234,,58.3,,,58.3,B - Moderate,1/4,0
MSME109235,75.2,81.3,73.2,,76.2,A - Strong,3/4,0
MSME109236,,41.6,,,41.6,C - Weak,1/4,0
MSME109237,72.3,,,,72.3,B - Moderate,1/4,0
MSME109238,,51.8,64.0,,58.5,B - Moderate,2/4,1
MSME109239,75.6,78.8,,68.8,75.8,A - Strong,3/4,0
MSME109240,,34.0,,,34.0,D - High Risk,1/4,0
MSME109241,,65.5,60.3,,62.7,B - Moderate,2/4,0
MSME109242,,70.3,,,70.3,B - Moderate,1/4,0
MSME109243,66.7,65.3,53.5,,61.9,B - Moderate,3/4,0
MSME109244,,34.0,,,34.0,D - High Risk,1/4,0
MSME109245,68.0,58.4,64.1,,64.0,B - Moderate,3/4,0
MSME109246,22.3,34.7,,,27.5,D - High Risk,2/4,0
MSME109247,28.6,46.5,,,36.1,C - Weak,2/4,1
MSME109248,,55.2,,65.3,58.1,B - Moderate,2/4,0
MSME109249,54.8,53.6,,35.2,51.6,C - Weak,3/4,0
MSME109250,,40.0,44.5,,42.5,C - Weak,2/4,0
MSME109251,32.4,42.2,19.2,,30.7,D - High Risk,3/4,0
MSME109252,39.7,,51.5,,45.1,C - Weak,2/4,0
MSME109253,38.4,52.7,,47.2,44.8,C - Weak,3/4,0
MSME109254,65.8,63.5,57.1,38.0,59.8,B - Moderate,4/4,0
MSME109255,79.7,,,,79.7,A - Strong,1/4,0
MSME109256,,75.6,,,75.6,A - Strong,1/4,0
MSME109257,,,67.2,,67.2,B - Moderate,1/4,0
MSME109258,,64.4,,,64.4,B - Moderate,1/4,0
MSME109259,86.8,92.4,,86.7,88.8,A - Strong,3/4,0
MSME109260,,69.4,57.8,,63.1,B - Moderate,2/4,0
MSME109261,82.4,67.4,83.9,,78.7,A - Strong,3/4,0
MSME109262,71.5,78.7,61.1,,70.0,B - Moderate,3/4,0
MSME109263,38.4,,39.6,,39.0,C - Weak,2/4,0
MSME109264,75.5,84.6,70.8,,76.5,A - Strong,3/4,0
MSME109265,91.8,88.8,89.3,91.9,90.3,A - Strong,4/4,0
MSME109266,,,,,,Unscoreable,0/4,1
MSME109267,85.8,83.1,,,84.7,A - Strong,2/4,0
MSME109268,87.0,81.2,90.3,,86.5,A - Strong,3/4,0
MSME109269,,35.1,42.9,,39.4,C - Weak,2/4,1
MSME109270,,32.6,18.0,,24.6,D - High Risk,2/4,1
MSME109271,41.3,,55.9,55.2,49.0,C - Weak,3/4,0
MSME109272,69.0,77.0,57.6,68.2,67.5,B - Moderate,4/4,0
MSME109273,64.4,,75.4,72.3,69.9,B - Moderate,3/4,0
MSME109274,82.5,84.4,,,83.3,A - Strong,2/4,0
MSME109275,41.3,36.2,52.2,,43.5,C - Weak,3/4,1
MSME109276,64.9,75.2,,,69.2,B - Moderate,2/4,1
MSME109277,55.6,83.1,,,67.1,B - Moderate,2/4,0
MSME109278,38.5,,,42.1,39.3,C - Weak,2/4,0
MSME109279,80.0,75.4,,67.3,76.5,A - Strong,3/4,0
MSME109280,78.9,91.5,80.9,,83.1,A - Strong,3/4,0
MSME109281,42.9,53.2,,,47.2,C - Weak,2/4,0
MSME109282,44.4,41.5,,,43.2,C - Weak,2/4,0
MSME109283,,34.6,,,34.6,D - High Risk,1/4,0
MSME109284,,64.5,72.7,,69.0,B - Moderate,2/4,0
MSME109285,87.7,93.4,,,90.1,A - Strong,2/4,0
MSME109286,45.1,51.9,35.9,,43.9,C - Weak,3/4,0
MSME109287,,27.3,,,27.3,D - High Risk,1/4,0
MSME109288,83.4,92.5,85.0,,86.5,A - Strong,3/4,0
MSME109289,,54.7,,,54.7,C - Weak,1/4,0
MSME109290,,55.4,,,55.4,B - Moderate,1/4,0
MSME109291,39.2,,,46.2,40.8,C - Weak,2/4,0
MSME109292,76.2,,,60.4,72.7,B - Moderate,2/4,0
MSME109293,,56.1,37.3,,45.8,C - Weak,2/4,1
MSME109294,,36.1,,,36.1,C - Weak,1/4,1
MSME109295,,81.1,69.7,,74.9,B - Moderate,2/4,0
MSME109296,,36.2,,,36.2,C - Weak,1/4,0
MSME109297,48.8,70.1,52.4,41.5,54.5,C - Weak,4/4,0
MSME109298,,49.0,36.8,,42.3,C - Weak,2/4,0
MSME109299,,54.6,,,54.6,C - Weak,1/4,0
MSME109300,29.9,,51.1,39.5,39.7,C - Weak,3/4,0
MSME109301,,36.1,,,36.1,C - Weak,1/4,0
MSME109302,38.4,42.0,49.1,,43.0,C - Weak,3/4,0
MSME109303,80.8,71.1,79.0,,77.5,A - Strong,3/4,0
MSME109304,86.8,91.1,,,88.6,A - Strong,2/4,0
MSME109305,,47.3,,,47.3,C - Weak,1/4,0
MSME109306,55.6,80.3,65.7,69.5,66.2,B - Moderate,4/4,0
MSME109307,80.2,,,78.8,79.9,A - Strong,2/4,0
MSME109308,,51.6,,,51.6,C - Weak,1/4,0
MSME109309,74.3,86.3,,,79.3,A - Strong,2/4,0
MSME109310,18.8,28.5,,,22.8,D - High Risk,2/4,0
MSME109311,,45.5,38.1,,41.5,C - Weak,2/4,0
MSME109312,55.9,,,,55.9,B - Moderate,1/4,0
MSME109313,,,,70.6,70.6,B - Moderate,1/4,0
MSME109314,37.4,,62.1,,48.8,C - Weak,2/4,0
MSME109315,36.2,33.8,45.8,,38.7,C - Weak,3/4,0
MSME109316,71.4,61.8,,41.0,63.6,B - Moderate,3/4,0
MSME109317,,53.9,48.9,,51.2,C - Weak,2/4,0
MSME109318,72.6,77.0,83.7,87.1,78.5,A - Strong,4/4,0
MSME109319,58.4,70.5,,,63.4,B - Moderate,2/4,1
MSME109320,54.6,57.4,33.7,,48.4,C - Weak,3/4,0
MSME109321,,46.6,,,46.6,C - Weak,1/4,0
MSME109322,,56.2,,,56.2,B - Moderate,1/4,1
MSME109323,62.4,53.2,,67.7,59.9,B - Moderate,3/4,0
MSME109324,,44.8,,,44.8,C - Weak,1/4,0
MSME109325,,22.1,,17.5,20.8,D - High Risk,2/4,1
MSME109326,31.4,53.9,68.0,,49.9,C - Weak,3/4,1
MSME109327,37.5,36.4,30.3,,34.8,D - High Risk,3/4,0
MSME109328,67.8,74.7,,,70.7,B - Moderate,2/4,0
MSME109329,,,72.0,,72.0,B - Moderate,1/4,0
MSME109330,56.0,55.6,,,55.8,B - Moderate,2/4,0
MSME109331,,82.1,71.4,,76.3,A - Strong,2/4,0
MSME109332,32.7,38.7,,,35.2,C - Weak,2/4,1
MSME109333,27.7,22.2,20.5,38.0,25.2,D - High Risk,4/4,0
MSME109334,72.7,,78.8,89.4,77.4,A - Strong,3/4,0
MSME109335,48.6,64.3,,28.5,51.3,C - Weak,3/4,0
MSME109336,75.9,77.2,,71.2,75.7,A - Strong,3/4,0
MSME109337,72.0,90.1,68.4,,75.8,A - Strong,3/4,0
MSME109338,,23.2,,,23.2,D - High Risk,1/4,1
MSME109339,52.8,43.5,36.6,,44.8,C - Weak,3/4,0
MSME109340,,59.3,66.8,,63.4,B - Moderate,2/4,0
MSME109341,41.0,46.0,,,43.1,C - Weak,2/4,0
MSME109342,35.2,,,45.5,37.5,C - Weak,2/4,0
MSME109343,49.9,59.0,60.1,72.8,57.5,B - Moderate,4/4,0
MSME109344,82.0,86.0,81.4,85.4,83.2,A - Strong,4/4,0
MSME109345,85.0,89.3,83.6,,85.7,A - Strong,3/4,0
MSME109346,,22.7,,15.5,20.6,D - High Risk,2/4,1
MSME109347,,44.6,39.2,,41.7,C - Weak,2/4,0
MSME109348,60.8,65.2,62.5,,62.6,B - Moderate,3/4,0
MSME109349,18.3,25.7,24.8,,22.5,D - High Risk,3/4,0
MSME109350,81.8,86.6,,73.4,82.3,A - Strong,3/4,0
MSME109351,,69.5,71.1,,70.4,B - Moderate,2/4,0
MSME109352,,38.2,,,38.2,C - Weak,1/4,1
MSME109353,68.1,,80.7,,73.9,B - Moderate,2/4,0
MSME109354,53.0,,,38.8,49.8,C - Weak,2/4,0
MSME109355,78.2,85.7,,,81.3,A - Strong,2/4,0
MSME109356,75.2,,72.7,80.5,74.9,B - Moderate,3/4,0
MSME109357,,52.2,44.9,,48.2,C - Weak,2/4,0
MSME109358,,46.0,,,46.0,C - Weak,1/4,0
MSME109359,,70.2,73.5,,72.0,B - Moderate,2/4,0
MSME109360,87.4,84.2,90.8,89.1,87.8,A - Strong,4/4,0
MSME109361,30.5,52.3,,,39.6,C - Weak,2/4,0
MSME109362,35.2,40.3,40.4,41.8,38.7,C - Weak,4/4,0
MSME109363,37.1,41.1,,,38.8,C - Weak,2/4,0
MSME109364,,31.1,,,31.1,D - High Risk,1/4,1
MSME109365,,68.7,78.9,80.8,75.3,A - Strong,3/4,0
MSME109366,85.8,,81.8,91.8,85.0,A - Strong,3/4,0
MSME109367,55.9,58.3,,,56.9,B - Moderate,2/4,0
MSME109368,,56.0,44.7,47.2,49.4,C - Weak,3/4,0
MSME109369,56.1,57.1,43.2,,52.1,C - Weak,3/4,0
MSME109370,84.4,81.1,,91.2,84.2,A - Strong,3/4,0
MSME109371,,,37.1,,37.1,C - Weak,1/4,0
MSME109372,29.5,28.9,,,29.2,D - High Risk,2/4,0
MSME109373,,,,64.1,64.1,B - Moderate,1/4,0
MSME109374,,28.4,28.7,,28.6,D - High Risk,2/4,0
MSME109375,76.2,79.3,49.3,,68.1,B - Moderate,3/4,0
MSME109376,84.8,88.8,81.1,,84.7,A - Strong,3/4,0
MSME109377,,38.6,,,38.6,C - Weak,1/4,1
MSME109378,89.1,89.9,,,89.4,A - Strong,2/4,0
MSME109379,69.3,75.1,62.1,,68.5,B - Moderate,3/4,0
MSME109380,50.0,52.6,37.9,,46.7,C - Weak,3/4,1
MSME109381,,31.3,43.8,,38.1,C - Weak,2/4,0
MSME109382,49.7,65.4,,,56.2,B - Moderate,2/4,0
MSME109383,76.0,79.5,69.3,72.2,74.5,B - Moderate,4/4,0
MSME109384,83.5,92.9,74.2,,83.0,A - Strong,3/4,0
MSME109385,,75.6,64.9,,69.8,B - Moderate,2/4,0
MSME109386,,,,,,Unscoreable,0/4,0
MSME109387,,63.2,,,63.2,B - Moderate,1/4,0
MSME109388,,63.8,70.9,,67.7,B - Moderate,2/4,0
MSME109389,,37.1,39.4,,38.4,C - Weak,2/4,1
MSME109390,88.0,91.0,82.8,,87.1,A - Strong,3/4,0
MSME109391,44.3,,,,44.3,C - Weak,1/4,0
MSME109392,70.3,74.9,,67.1,71.5,B - Moderate,3/4,0
MSME109393,,63.4,78.9,,71.9,B - Moderate,2/4,1
MSME109394,26.2,,19.6,44.5,26.0,D - High Risk,3/4,0
MSME109395,,,,,,Unscoreable,0/4,0
MSME109396,85.3,88.6,84.7,,86.0,A - Strong,3/4,0
MSME109397,86.9,86.4,90.3,92.9,88.4,A - Strong,4/4,0
MSME109398,,27.5,34.0,,31.0,D - High Risk,2/4,0
MSME109399,37.0,,,,37.0,C - Weak,1/4,0
MSME109400,83.1,74.2,81.4,,80.1,A - Strong,3/4,0
MSME109401,86.6,78.3,89.3,,85.2,A - Strong,3/4,0
MSME109402,,80.4,40.6,,58.7,B - Moderate,2/4,0
MSME109403,,,,,,Unscoreable,0/4,1
MSME109404,81.1,,73.8,88.2,79.1,A - Strong,3/4,0
MSME109405,54.4,77.8,,,64.2,B - Moderate,2/4,0
MSME109406,51.9,53.1,48.8,,51.2,C - Weak,3/4,0
MSME109407,,40.2,,,40.2,C - Weak,1/4,0
MSME109408,23.4,,40.0,46.2,33.1,D - High Risk,3/4,0
MSME109409,86.1,81.1,93.1,94.2,87.8,A - Strong,4/4,0
MSME109410,56.1,51.9,,,54.4,C - Weak,2/4,0
MSME109411,,53.5,,,53.5,C - Weak,1/4,0
MSME109412,26.9,18.1,,,23.2,D - High Risk,2/4,0
MSME109413,62.3,,75.2,55.0,66.5,B - Moderate,3/4,0
MSME109414,37.4,,34.4,48.6,37.7,C - Weak,3/4,0
MSME109415,75.2,80.0,71.6,85.9,76.4,A - Strong,4/4,0
MSME109416,79.9,59.7,77.3,92.7,75.3,A - Strong,4/4,0
MSME109417,,,60.5,,60.5,B - Moderate,1/4,0
MSME109418,,34.8,,,34.8,D - High Risk,1/4,0
MSME109419,,86.6,91.4,,89.2,A - Strong,2/4,0
MSME109420,56.5,65.4,48.5,55.2,56.2,B - Moderate,4/4,0
MSME109421,48.7,53.1,42.5,,47.9,C - Weak,3/4,0
MSME109422,,33.5,46.3,,40.5,C - Weak,2/4,0
MSME109423,76.2,78.8,77.1,,77.2,A - Strong,3/4,0
MSME109424,66.2,68.3,68.2,,67.5,B - Moderate,3/4,0
MSME109425,,,61.2,,61.2,B - Moderate,1/4,0
MSME109426,66.1,72.9,82.6,78.1,74.0,B - Moderate,4/4,0
MSME109427,29.9,43.1,,,35.4,C - Weak,2/4,0
MSME109428,,60.2,55.3,56.0,57.3,B - Moderate,3/4,0
MSME109429,66.5,87.1,,81.6,76.0,A - Strong,3/4,0
MSME109430,,84.7,72.9,,78.3,A - Strong,2/4,0
MSME109431,49.9,71.7,72.1,,63.4,B - Moderate,3/4,0
MSME109432,71.9,67.5,,,70.1,B - Moderate,2/4,0
MSME109433,49.8,,,,49.8,C - Weak,1/4,0
MSME109434,64.9,77.7,75.5,,72.0,B - Moderate,3/4,0
MSME109435,49.9,56.1,,,52.5,C - Weak,2/4,0
MSME109436,84.6,90.2,,72.6,84.9,A - Strong,3/4,0
MSME109437,23.6,38.4,,,29.8,D - High Risk,2/4,0
MSME109438,,67.4,,,67.4,B - Moderate,1/4,0
MSME109439,35.1,29.2,36.5,56.9,36.2,C - Weak,4/4,0
MSME109440,,76.7,48.8,,61.5,B - Moderate,2/4,0
MSME109441,67.0,,,,67.0,B - Moderate,1/4,0
MSME109442,37.0,,,40.9,37.9,C - Weak,2/4,1
MSME109443,80.3,84.1,,,81.9,A - Strong,2/4,0
MSME109444,71.3,,72.6,64.7,70.9,B - Moderate,3/4,0
MSME109445,,49.6,35.8,,42.1,C - Weak,2/4,1
MSME109446,87.1,85.8,90.4,90.2,88.1,A - Strong,4/4,0
MSME109447,83.0,83.9,,50.5,78.7,A - Strong,3/4,0
MSME109448,53.6,57.0,56.3,,55.4,B - Moderate,3/4,0
MSME109449,,84.3,85.1,,84.7,A - Strong,2/4,0
MSME109450,,52.4,,47.1,50.9,C - Weak,2/4,0
MSME109451,33.3,34.8,,,33.9,D - High Risk,2/4,0
MSME109452,,,,71.6,71.6,B - Moderate,1/4,0
MSME109453,75.5,89.9,,71.8,80.1,A - Strong,3/4,0
MSME109454,,33.0,,,33.0,D - High Risk,1/4,0
MSME109455,,32.4,,,32.4,D - High Risk,1/4,0
MSME109456,,60.8,49.7,,54.7,C - Weak,2/4,0
MSME109457,,33.5,42.3,,38.3,C - Weak,2/4,0
MSME109458,84.1,81.9,79.8,,82.1,A - Strong,3/4,0
MSME109459,,,,78.8,78.8,A - Strong,1/4,0
MSME109460,31.3,33.8,40.3,45.2,36.0,C - Weak,4/4,0
MSME109461,61.3,61.0,53.6,,58.7,B - Moderate,3/4,0
MSME109462,,54.5,50.0,,52.0,C - Weak,2/4,0
MSME109463,,33.4,17.2,,24.6,D - High Risk,2/4,0
MSME109464,72.2,,,,72.2,B - Moderate,1/4,0
MSME109465,41.0,72.4,,,54.1,C - Weak,2/4,0
MSME109466,73.9,71.8,68.2,70.7,71.3,B - Moderate,4/4,0
MSME109467,47.6,68.2,77.7,,63.4,B - Moderate,3/4,0
MSME109468,,24.7,,,24.7,D - High Risk,1/4,0
MSME109469,60.6,,59.4,,60.0,B - Moderate,2/4,0
MSME109470,,,68.5,,68.5,B - Moderate,1/4,0
MSME109471,,39.0,,,39.0,C - Weak,1/4,0
MSME109472,74.7,90.2,68.4,,76.9,A - Strong,3/4,0
MSME109473,20.5,39.2,,,28.3,D - High Risk,2/4,1
MSME109474,,59.9,,,59.9,B - Moderate,1/4,1
MSME109475,54.6,,,48.6,53.3,C - Weak,2/4,0
MSME109476,53.1,64.1,,,57.7,B - Moderate,2/4,0
MSME109477,88.1,92.2,,88.1,89.6,A - Strong,3/4,0
MSME109478,75.7,92.4,73.2,90.5,80.6,A - Strong,4/4,0
MSME109479,,27.8,23.9,45.9,28.8,D - High Risk,3/4,0
MSME109480,69.9,,71.2,70.2,70.5,B - Moderate,3/4,0
MSME109481,76.7,80.0,,,78.1,A - Strong,2/4,0
MSME109482,39.6,49.5,32.0,60.8,41.9,C - Weak,4/4,0
MSME109483,40.2,,,,40.2,C - Weak,1/4,0
MSME109484,85.5,,,93.3,87.2,A - Strong,2/4,0
MSME109485,35.9,35.5,,24.2,34.1,D - High Risk,3/4,1
MSME109486,52.7,44.5,,56.5,50.3,C - Weak,3/4,1
MSME109487,75.1,70.9,75.6,,74.1,B - Moderate,3/4,1
MSME109488,83.6,87.3,71.7,,80.7,A - Strong,3/4,0
MSME109489,82.3,,88.2,91.3,85.9,A - Strong,3/4,0
MSME109490,38.6,50.2,,51.3,44.6,C - Weak,3/4,0
MSME109491,57.3,69.4,73.6,58.9,65.4,B - Moderate,4/4,0
MSME109492,64.1,,54.7,,59.8,B - Moderate,2/4,0
MSME109493,,66.4,,,66.4,B - Moderate,1/4,0
MSME109494,,38.5,69.8,,55.6,B - Moderate,2/4,0
MSME109495,63.6,54.4,53.9,,57.8,B - Moderate,3/4,0
MSME109496,,64.5,74.0,,69.7,B - Moderate,2/4,0
MSME109497,,47.4,53.8,,50.9,C - Weak,2/4,0
MSME109498,67.5,72.9,70.0,75.9,70.4,B - Moderate,4/4,0
MSME109499,55.9,62.2,56.5,,57.9,B - Moderate,3/4,0
MSME109500,36.0,,,,36.0,C - Weak,1/4,0
MSME109501,53.7,71.5,,,61.1,B - Moderate,2/4,0
MSME109502,,60.4,71.8,,66.6,B - Moderate,2/4,0
MSME109503,,61.0,50.0,,55.0,B - Moderate,2/4,0
MSME109504,23.2,39.8,,,30.1,D - High Risk,2/4,0
MSME109505,30.5,,40.3,43.1,36.1,C - Weak,3/4,1
MSME109506,,35.0,,,35.0,C - Weak,1/4,0
MSME109507,,41.7,,,41.7,C - Weak,1/4,0
MSME109508,28.4,47.2,32.7,31.4,34.7,D - High Risk,4/4,0
MSME109509,62.6,54.6,,,59.3,B - Moderate,2/4,0
MSME109510,,78.5,,,78.5,A - Strong,1/4,0
MSME109511,40.3,47.3,,,43.2,C - Weak,2/4,1
MSME109512,55.0,63.4,79.0,,65.3,B - Moderate,3/4,1
MSME109513,74.5,85.3,75.9,,78.0,A - Strong,3/4,0
MSME109514,37.9,44.0,32.5,,37.8,C - Weak,3/4,0
MSME109515,84.0,,82.6,93.2,84.7,A - Strong,3/4,0
MSME109516,,,,48.5,48.5,C - Weak,1/4,0
MSME109517,,35.0,,,35.0,C - Weak,1/4,0
MSME109518,77.5,74.2,72.1,,74.8,B - Moderate,3/4,0
MSME109519,,24.1,54.0,,40.4,C - Weak,2/4,0
MSME109520,40.4,,,,40.4,C - Weak,1/4,0
MSME109521,,,,,,Unscoreable,0/4,0
MSME109522,29.8,39.2,,,33.7,D - High Risk,2/4,0
MSME109523,,41.9,,,41.9,C - Weak,1/4,1
MSME109524,72.1,68.1,,,70.4,B - Moderate,2/4,0
MSME109525,,28.3,39.4,,34.4,D - High Risk,2/4,1
MSME109526,,32.7,35.5,,34.2,D - High Risk,2/4,0
MSME109527,27.9,36.3,,,31.4,D - High Risk,2/4,0
MSME109528,,,,,,Unscoreable,0/4,0
MSME109529,89.3,92.4,,,90.6,A - Strong,2/4,0
MSME109530,,46.0,,36.5,43.3,C - Weak,2/4,0
MSME109531,59.8,58.0,53.2,51.2,56.5,B - Moderate,4/4,0
MSME109532,50.8,62.0,61.0,,57.3,B - Moderate,3/4,1
MSME109533,76.3,80.7,75.7,,77.3,A - Strong,3/4,0
MSME109534,,,70.8,64.7,69.3,B - Moderate,2/4,0
MSME109535,69.7,63.4,,,67.1,B - Moderate,2/4,0
MSME109536,78.5,,,89.1,80.9,A - Strong,2/4,0
MSME109537,,60.3,60.3,,60.3,B - Moderate,2/4,0
MSME109538,,83.0,,82.7,82.9,A - Strong,2/4,0
MSME109539,48.9,,69.9,,58.6,B - Moderate,2/4,0
MSME109540,67.7,91.4,75.9,,77.0,A - Strong,3/4,0
MSME109541,25.3,,,26.5,25.6,D - High Risk,2/4,0
MSME109542,,35.7,42.6,,39.5,C - Weak,2/4,0
MSME109543,,23.0,,,23.0,D - High Risk,1/4,1
MSME109544,34.2,,,,34.2,D - High Risk,1/4,0
MSME109545,24.0,28.1,,17.1,24.5,D - High Risk,3/4,0
MSME109546,45.7,55.6,,56.4,50.8,C - Weak,3/4,0
MSME109547,82.7,90.0,,,85.7,A - Strong,2/4,0
MSME109548,79.7,82.7,,,81.0,A - Strong,2/4,0
MSME109549,88.0,83.5,,,86.1,A - Strong,2/4,0
MSME109550,,,,55.1,55.1,B - Moderate,1/4,0
MSME109551,50.9,35.8,33.9,,41.0,C - Weak,3/4,0
MSME109552,24.3,38.7,,,30.3,D - High Risk,2/4,0
MSME109553,,31.7,,,31.7,D - High Risk,1/4,0
MSME109554,,26.1,,,26.1,D - High Risk,1/4,1
MSME109555,86.0,91.2,82.8,,86.4,A - Strong,3/4,0
MSME109556,29.3,,44.6,,36.4,C - Weak,2/4,0
MSME109557,50.2,50.6,,,50.4,C - Weak,2/4,0
MSME109558,,37.7,,,37.7,C - Weak,1/4,0
MSME109559,,51.9,,,51.9,C - Weak,1/4,0
MSME109560,,,,19.0,19.0,D - High Risk,1/4,1
MSME109561,,82.4,88.2,89.7,86.2,A - Strong,3/4,0
MSME109562,56.2,64.1,,,59.5,B - Moderate,2/4,0
MSME109563,87.1,89.7,81.0,,85.8,A - Strong,3/4,0
MSME109564,39.7,66.8,48.5,,50.2,C - Weak,3/4,0
MSME109565,42.7,,,76.1,50.1,C - Weak,2/4,0
MSME109566,,59.0,45.6,,51.7,C - Weak,2/4,0
MSME109567,76.1,,,91.0,79.4,A - Strong,2/4,0
MSME109568,36.2,37.2,18.7,,30.6,D - High Risk,3/4,0
MSME109569,69.4,65.2,,,67.7,B - Moderate,2/4,0
MSME109570,61.0,69.5,,,64.5,B - Moderate,2/4,0
MSME109571,,,,34.0,34.0,D - High Risk,1/4,0
MSME109572,,34.5,,,34.5,D - High Risk,1/4,1
MSME109573,49.7,48.0,36.6,53.1,45.7,C - Weak,4/4,0
MSME109574,32.4,44.6,44.3,45.5,40.3,C - Weak,4/4,0
MSME109575,71.2,,,,71.2,B - Moderate,1/4,0
MSME109576,,,,,,Unscoreable,0/4,0
MSME109577,38.6,,41.0,30.6,38.5,C - Weak,3/4,0
MSME109578,82.9,90.1,,,85.9,A - Strong,2/4,0
MSME109579,,67.7,,,67.7,B - Moderate,1/4,0
MSME109580,58.3,76.6,,,65.9,B - Moderate,2/4,0
MSME109581,,81.1,,,81.1,A - Strong,1/4,0
MSME109582,,54.8,78.7,,67.8,B - Moderate,2/4,1
MSME109583,82.5,92.7,73.6,72.2,81.3,A - Strong,4/4,0
MSME109584,66.7,,76.4,73.9,71.5,B - Moderate,3/4,0
MSME109585,67.9,75.2,50.4,60.6,63.7,B - Moderate,4/4,0
MSME109586,,87.3,75.8,,81.0,A - Strong,2/4,0
MSME109587,,73.3,,79.5,75.1,A - Strong,2/4,0
MSME109588,,,25.8,,25.8,D - High Risk,1/4,0
MSME109589,,49.4,,,49.4,C - Weak,1/4,0
MSME109590,54.2,71.0,57.4,50.6,59.0,B - Moderate,4/4,0
MSME109591,,45.1,,,45.1,C - Weak,1/4,0
MSME109592,81.5,78.9,75.4,,78.7,A - Strong,3/4,0
MSME109593,79.1,80.5,83.3,,80.9,A - Strong,3/4,0
MSME109594,89.7,86.5,,,88.4,A - Strong,2/4,0
MSME109595,,,39.0,,39.0,C - Weak,1/4,0
MSME109596,,60.8,,,60.8,B - Moderate,1/4,0
MSME109597,81.0,86.6,,,83.3,A - Strong,2/4,0
MSME109598,71.1,86.6,71.2,,75.4,A - Strong,3/4,0
MSME109599,,33.2,21.6,,26.9,D - High Risk,2/4,0
MSME109600,,58.7,,,58.7,B - Moderate,1/4,0
MSME109601,,,,,,Unscoreable,0/4,0
MSME109602,,79.0,,87.0,81.3,A - Strong,2/4,0
MSME109603,84.7,,85.5,,85.1,A - Strong,2/4,0
MSME109604,,37.7,,,37.7,C - Weak,1/4,1
MSME109605,59.1,,50.1,54.6,54.9,C - Weak,3/4,1
MSME109606,,,,,,Unscoreable,0/4,0
MSME109607,,20.3,24.3,,22.5,D - High Risk,2/4,0
MSME109608,66.8,79.6,70.0,72.8,71.6,B - Moderate,4/4,0
MSME109609,26.0,38.8,,,31.3,D - High Risk,2/4,0
MSME109610,,58.9,62.6,47.8,58.9,B - Moderate,3/4,1
MSME109611,40.1,44.0,24.8,26.1,35.1,C - Weak,4/4,0
MSME109612,50.2,74.0,,,60.1,B - Moderate,2/4,0
MSME109613,33.3,32.2,39.2,,35.0,C - Weak,3/4,0
MSME109614,,90.2,,,90.2,A - Strong,1/4,0
MSME109615,,,,20.3,20.3,D - High Risk,1/4,1
MSME109616,,38.5,44.2,,41.6,C - Weak,2/4,0
MSME109617,42.2,32.9,32.2,,36.3,C - Weak,3/4,1
MSME109618,73.4,88.2,72.9,,77.3,A - Strong,3/4,0
MSME109619,76.8,,,76.1,76.6,A - Strong,2/4,0
MSME109620,,25.0,,44.7,30.6,D - High Risk,2/4,0
MSME109621,72.9,89.1,,84.9,80.4,A - Strong,3/4,0
MSME109622,63.4,,,67.5,64.3,B - Moderate,2/4,0
MSME109623,77.8,78.8,76.7,,77.7,A - Strong,3/4,0
MSME109624,89.0,91.5,,89.4,90.0,A - Strong,3/4,0
MSME109625,45.2,,43.0,61.6,46.5,C - Weak,3/4,0
MSME109626,,24.9,48.4,,37.7,C - Weak,2/4,0
MSME109627,22.2,26.6,,,24.0,D - High Risk,2/4,1
MSME109628,,56.4,43.6,74.8,53.3,C - Weak,3/4,0
MSME109629,87.0,,91.1,88.0,88.8,A - Strong,3/4,0
MSME109630,86.1,,92.1,87.5,88.7,A - Strong,3/4,0
MSME109631,73.4,84.9,73.4,79.9,76.9,A - Strong,4/4,0
MSME109632,,21.2,,,21.2,D - High Risk,1/4,0
MSME109633,65.0,64.8,,,64.9,B - Moderate,2/4,0
MSME109634,54.9,79.6,,,65.2,B - Moderate,2/4,0
MSME109635,85.0,93.6,84.5,,87.2,A - Strong,3/4,0
MSME109636,80.3,84.9,85.2,,83.2,A - Strong,3/4,0
MSME109637,22.4,,18.3,27.5,21.4,D - High Risk,3/4,0
MSME109638,,30.4,25.9,,27.9,D - High Risk,2/4,0
MSME109639,62.6,83.1,63.3,,68.5,B - Moderate,3/4,0
MSME109640,,66.8,57.3,,61.6,B - Moderate,2/4,0
MSME109641,,53.4,,59.5,55.1,B - Moderate,2/4,0
MSME109642,,72.2,80.9,88.6,78.7,A - Strong,3/4,0
MSME109643,,55.2,56.9,,56.1,B - Moderate,2/4,0
MSME109644,74.7,,,,74.7,B - Moderate,1/4,1
MSME109645,75.0,84.9,71.4,,76.6,A - Strong,3/4,0
MSME109646,,59.9,,,59.9,B - Moderate,1/4,0
MSME109647,,38.4,60.3,,50.3,C - Weak,2/4,0
MSME109648,70.3,56.2,61.1,,63.3,B - Moderate,3/4,0
MSME109649,,62.8,72.3,,68.0,B - Moderate,2/4,0
MSME109650,43.6,,49.0,35.6,44.7,C - Weak,3/4,0
MSME109651,39.0,71.0,44.0,,49.6,C - Weak,3/4,0
MSME109652,29.4,31.9,,,30.4,D - High Risk,2/4,1
MSME109653,,,,,,Unscoreable,0/4,0
MSME109654,41.4,85.5,66.4,,62.0,B - Moderate,3/4,0
MSME109655,67.6,91.5,66.1,54.3,71.8,B - Moderate,4/4,0
MSME109656,49.5,45.3,,,47.8,C - Weak,2/4,1
MSME109657,76.5,88.4,75.6,,79.5,A - Strong,3/4,0
MSME109658,,50.0,,,50.0,C - Weak,1/4,0
MSME109659,24.6,42.2,,,31.9,D - High Risk,2/4,0
MSME109660,56.1,52.0,,,54.4,C - Weak,2/4,0
MSME109661,44.0,,44.9,,44.4,C - Weak,2/4,1
MSME109662,,33.4,,51.7,38.6,C - Weak,2/4,0
MSME109663,79.7,,,93.1,82.7,A - Strong,2/4,0
MSME109664,,,,,,Unscoreable,0/4,0
MSME109665,56.4,52.2,,,54.7,C - Weak,2/4,0
MSME109666,,,80.3,74.7,78.9,A - Strong,2/4,0
MSME109667,69.2,,62.8,,66.2,B - Moderate,2/4,1
MSME109668,,54.0,,,54.0,C - Weak,1/4,0
MSME109669,64.0,,,,64.0,B - Moderate,1/4,0
MSME109670,30.0,29.0,21.3,18.7,26.0,D - High Risk,4/4,0
MSME109671,80.2,,86.6,,83.2,A - Strong,2/4,0
MSME109672,73.4,86.2,,,78.7,A - Strong,2/4,0
MSME109673,,39.8,,,39.8,C - Weak,1/4,0
MSME109674,,55.4,69.0,,62.8,B - Moderate,2/4,0
MSME109675,40.2,49.0,32.7,,40.1,C - Weak,3/4,0
MSME109676,32.1,60.9,,,44.1,C - Weak,2/4,0
MSME109677,73.1,,,,73.1,B - Moderate,1/4,0
MSME109678,,25.9,,,25.9,D - High Risk,1/4,0
MSME109679,65.9,60.0,,,63.4,B - Moderate,2/4,0
MSME109680,19.4,27.2,19.6,,21.6,D - High Risk,3/4,0
MSME109681,,31.2,,,31.2,D - High Risk,1/4,1
MSME109682,91.3,90.9,90.2,91.1,90.8,A - Strong,4/4,0
MSME109683,41.4,39.2,,,40.5,C - Weak,2/4,0
MSME109684,84.3,86.4,,,85.2,A - Strong,2/4,0
MSME109685,,59.7,,,59.7,B - Moderate,1/4,0
MSME109686,,39.1,,,39.1,C - Weak,1/4,0
MSME109687,54.4,65.3,,40.7,56.3,B - Moderate,3/4,0
MSME109688,65.7,,,,65.7,B - Moderate,1/4,0
MSME109689,26.1,34.4,40.4,,33.2,D - High Risk,3/4,0
MSME109690,,22.4,35.7,,29.7,D - High Risk,2/4,0
MSME109691,,37.0,,,37.0,C - Weak,1/4,0
MSME109692,,38.9,46.1,46.1,43.3,C - Weak,3/4,0
MSME109693,34.3,43.5,33.3,,36.5,C - Weak,3/4,0
MSME109694,71.8,76.8,,,73.9,B - Moderate,2/4,0
MSME109695,,,,,,Unscoreable,0/4,0
MSME109696,60.9,,61.4,,61.1,B - Moderate,2/4,0
MSME109697,,85.3,,,85.3,A - Strong,1/4,0
MSME109698,21.5,27.5,,,24.0,D - High Risk,2/4,1
MSME109699,,44.8,35.9,,39.9,C - Weak,2/4,0
MSME109700,,49.2,50.2,,49.7,C - Weak,2/4,0
MSME109701,68.6,68.8,64.8,,67.4,B - Moderate,3/4,0
MSME109702,47.9,39.1,,56.0,45.9,C - Weak,3/4,0
MSME109703,,43.4,,53.3,46.2,C - Weak,2/4,0
MSME109704,,51.0,35.7,,42.7,C - Weak,2/4,1
MSME109705,,61.1,,,61.1,B - Moderate,1/4,0
MSME109706,,,,,,Unscoreable,0/4,0
MSME109707,81.9,,,,81.9,A - Strong,1/4,0
MSME109708,76.6,82.4,,78.3,78.9,A - Strong,3/4,0
MSME109709,48.9,63.0,,,54.8,C - Weak,2/4,0
MSME109710,38.8,53.1,57.7,69.2,51.1,C - Weak,4/4,0
MSME109711,,,,,,Unscoreable,0/4,0
MSME109712,69.2,75.9,80.7,,74.9,B - Moderate,3/4,0
MSME109713,77.4,86.7,58.9,61.3,72.6,B - Moderate,4/4,0
MSME109714,47.1,45.9,44.0,,45.7,C - Weak,3/4,0
MSME109715,79.9,87.1,,,82.9,A - Strong,2/4,0
MSME109716,,,50.7,69.1,55.3,B - Moderate,2/4,0
MSME109717,86.5,90.3,86.7,,87.6,A - Strong,3/4,0
MSME109718,,24.0,,23.2,23.8,D - High Risk,2/4,1
MSME109719,,57.7,,,57.7,B - Moderate,1/4,0
MSME109720,38.1,,37.3,,37.7,C - Weak,2/4,0
MSME109721,81.9,83.1,,57.0,78.8,A - Strong,3/4,0
MSME109722,,84.7,,82.7,84.1,A - Strong,2/4,0
MSME109723,64.4,,,73.3,66.4,B - Moderate,2/4,0
MSME109724,,,,,,Unscoreable,0/4,0
MSME109725,30.7,48.4,,26.9,36.5,C - Weak,3/4,0
MSME109726,50.8,58.7,72.8,,60.3,B - Moderate,3/4,1
MSME109727,,47.2,35.4,,40.8,C - Weak,2/4,0
MSME109728,68.3,68.0,51.3,,62.5,B - Moderate,3/4,0
MSME109729,86.8,87.3,,85.3,86.8,A - Strong,3/4,0
MSME109730,65.5,75.8,,,69.8,B - Moderate,2/4,0
MSME109731,,85.3,,,85.3,A - Strong,1/4,0
MSME109732,75.4,,72.1,81.2,74.9,B - Moderate,3/4,0
MSME109733,88.2,93.8,89.3,,90.1,A - Strong,3/4,0
MSME109734,,50.9,37.0,,43.3,C - Weak,2/4,0
MSME109735,34.9,23.9,34.5,,31.7,D - High Risk,3/4,0
MSME109736,,22.2,,,22.2,D - High Risk,1/4,0
MSME109737,65.9,63.7,,,65.0,B - Moderate,2/4,0
MSME109738,82.1,78.3,84.9,,82.0,A - Strong,3/4,0
MSME109739,33.5,,44.7,54.8,40.8,C - Weak,3/4,1
MSME109740,50.9,54.7,,,52.5,C - Weak,2/4,0
MSME109741,,22.8,,,22.8,D - High Risk,1/4,0
MSME109742,,25.7,19.6,,22.4,D - High Risk,2/4,1
MSME109743,73.4,62.9,57.8,,65.3,B - Moderate,3/4,1
MSME109744,47.4,,62.3,61.3,55.2,B - Moderate,3/4,1
MSME109745,25.9,,32.2,,28.8,D - High Risk,2/4,1
MSME109746,,24.9,18.3,,21.3,D - High Risk,2/4,0
MSME109747,82.0,86.9,76.4,,81.5,A - Strong,3/4,0
MSME109748,77.4,70.8,,49.2,71.0,B - Moderate,3/4,0
MSME109749,,28.3,,41.7,32.1,D - High Risk,2/4,0
MSME109750,70.9,,73.9,74.6,72.6,B - Moderate,3/4,0
MSME109751,,60.5,,57.0,59.5,B - Moderate,2/4,0
MSME109752,,58.9,62.9,,61.1,B - Moderate,2/4,0
MSME109753,,,42.6,,42.6,C - Weak,1/4,0
MSME109754,,75.0,67.1,,70.7,B - Moderate,2/4,0
MSME109755,,30.0,,,30.0,D - High Risk,1/4,0
MSME109756,,,47.4,,47.4,C - Weak,1/4,0
MSME109757,86.6,89.9,,,88.0,A - Strong,2/4,0
MSME109758,65.9,62.0,61.3,,63.3,B - Moderate,3/4,0
MSME109759,48.3,52.3,,41.7,48.8,C - Weak,3/4,0
MSME109760,65.8,80.1,63.6,,69.0,B - Moderate,3/4,0
MSME109761,38.5,46.9,,,42.0,C - Weak,2/4,1
MSME109762,78.4,88.3,81.8,,82.3,A - Strong,3/4,0
MSME109763,68.1,51.1,,,61.0,B - Moderate,2/4,0
MSME109764,,29.8,19.8,,24.3,D - High Risk,2/4,0
MSME109765,,42.3,16.4,,28.2,D - High Risk,2/4,1
MSME109766,39.5,42.5,,,40.8,C - Weak,2/4,0
MSME109767,,,57.0,,57.0,B - Moderate,1/4,0
MSME109768,43.5,70.8,58.6,,56.1,B - Moderate,3/4,0
MSME109769,,83.9,,63.1,78.0,A - Strong,2/4,0
MSME109770,50.5,,44.3,,47.6,C - Weak,2/4,0
MSME109771,,68.8,,,68.8,B - Moderate,1/4,0
MSME109772,33.4,,32.2,,32.8,D - High Risk,2/4,0
MSME109773,,55.2,,,55.2,B - Moderate,1/4,0
MSME109774,,,,65.6,65.6,B - Moderate,1/4,0
MSME109775,41.9,,,,41.9,C - Weak,1/4,0
MSME109776,33.9,60.6,,,45.0,C - Weak,2/4,0
MSME109777,49.8,48.7,49.4,31.1,47.5,C - Weak,4/4,0
MSME109778,,63.7,,,63.7,B - Moderate,1/4,0
MSME109779,,,61.4,29.8,53.5,C - Weak,2/4,0
MSME109780,74.9,83.3,,,78.4,A - Strong,2/4,0
MSME109781,21.0,40.1,,,29.0,D - High Risk,2/4,1
MSME109782,,,,22.4,22.4,D - High Risk,1/4,0
MSME109783,38.4,30.7,,,35.2,C - Weak,2/4,0
MSME109784,68.2,71.4,65.2,,68.1,B - Moderate,3/4,0
MSME109785,45.3,61.0,33.8,28.4,44.1,C - Weak,4/4,0
MSME109786,,86.6,68.2,,76.6,A - Strong,2/4,0
MSME109787,86.3,88.7,87.3,,87.3,A - Strong,3/4,0
MSME109788,35.0,,43.3,,38.8,C - Weak,2/4,0
MSME109789,56.2,,,,56.2,B - Moderate,1/4,0
MSME109790,56.7,52.0,,,54.7,C - Weak,2/4,0
MSME109791,39.2,,,50.0,41.6,C - Weak,2/4,0
MSME109792,,26.8,28.8,,27.9,D - High Risk,2/4,0
MSME109793,,61.1,,,61.1,B - Moderate,1/4,0
MSME109794,83.2,87.8,76.5,,82.2,A - Strong,3/4,0
MSME109795,,,,,,Unscoreable,0/4,0
MSME109796,,,,61.4,61.4,B - Moderate,1/4,0
MSME109797,21.1,29.8,22.3,,23.9,D - High Risk,3/4,1
MSME109798,,39.6,,,39.6,C - Weak,1/4,0
MSME109799,,87.9,,,87.9,A - Strong,1/4,0
MSME109800,85.7,81.0,70.5,,79.3,A - Strong,3/4,0
MSME109801,,26.0,22.3,,24.0,D - High Risk,2/4,0
MSME109802,63.4,,,72.7,65.5,B - Moderate,2/4,0
MSME109803,73.9,,79.7,,76.6,A - Strong,2/4,0
MSME109804,,47.9,,,47.9,C - Weak,1/4,1
MSME109805,80.2,81.9,70.6,,77.5,A - Strong,3/4,0
MSME109806,,32.1,,,32.1,D - High Risk,1/4,1
MSME109807,60.3,47.9,53.2,,54.5,C - Weak,3/4,0
MSME109808,,38.2,47.8,48.9,44.3,C - Weak,3/4,0
MSME109809,,,,38.0,38.0,C - Weak,1/4,0
MSME109810,65.0,58.5,,,62.3,B - Moderate,2/4,0
MSME109811,88.1,87.3,,,87.8,A - Strong,2/4,0
MSME109812,,45.8,35.2,29.0,38.3,C - Weak,3/4,0
MSME109813,,62.5,,,62.5,B - Moderate,1/4,0
MSME109814,,,83.9,,83.9,A - Strong,1/4,0
MSME109815,89.7,90.1,,,89.9,A - Strong,2/4,0
MSME109816,,22.0,,38.3,26.7,D - High Risk,2/4,0
MSME109817,,42.8,42.9,,42.9,C - Weak,2/4,0
MSME109818,,50.4,,,50.4,C - Weak,1/4,0
MSME109819,64.1,84.9,,83.9,74.4,B - Moderate,3/4,0
MSME109820,69.6,87.6,75.3,84.5,77.3,A - Strong,4/4,0
MSME109821,,53.9,34.7,,43.4,C - Weak,2/4,0
MSME109822,,47.9,55.0,,51.8,C - Weak,2/4,1
MSME109823,65.0,45.4,50.2,,54.6,C - Weak,3/4,1
MSME109824,77.8,86.5,,,81.4,A - Strong,2/4,0
MSME109825,69.5,62.2,77.3,,70.1,B - Moderate,3/4,0
MSME109826,80.2,80.4,76.4,88.1,79.9,A - Strong,4/4,0
MSME109827,47.5,62.1,,,53.6,C - Weak,2/4,0
MSME109828,,35.1,,,35.1,C - Weak,1/4,1
MSME109829,76.6,82.8,86.5,,81.6,A - Strong,3/4,0
MSME109830,35.0,54.9,36.3,,41.0,C - Weak,3/4,0
MSME109831,,27.3,31.4,20.8,28.2,D - High Risk,3/4,0
MSME109832,85.5,86.8,85.6,91.5,86.5,A - Strong,4/4,0
MSME109833,35.1,41.6,,47.7,39.2,C - Weak,3/4,0
MSME109834,32.3,,47.8,,39.5,C - Weak,2/4,1
MSME109835,,,,,,Unscoreable,0/4,0
MSME109836,66.9,73.5,,,69.7,B - Moderate,2/4,0
MSME109837,52.4,81.2,67.5,,65.4,B - Moderate,3/4,0
MSME109838,64.4,65.7,,,64.9,B - Moderate,2/4,0
MSME109839,79.9,80.1,76.2,,78.7,A - Strong,3/4,0
MSME109840,30.8,57.7,57.0,,47.0,C - Weak,3/4,0
MSME109841,83.2,93.1,74.4,,83.0,A - Strong,3/4,0
MSME109842,41.1,39.9,,,40.6,C - Weak,2/4,1
MSME109843,34.9,58.6,,38.1,43.8,C - Weak,3/4,0
MSME109844,62.8,66.1,,,64.2,B - Moderate,2/4,0
MSME109845,37.0,34.6,,,36.0,C - Weak,2/4,0
MSME109846,56.9,72.3,89.0,86.5,73.3,B - Moderate,4/4,0
MSME109847,78.7,83.0,81.9,72.6,80.1,A - Strong,4/4,0
MSME109848,20.1,,,,20.1,D - High Risk,1/4,0
MSME109849,,71.6,52.1,60.8,60.9,B - Moderate,3/4,0
MSME109850,19.9,26.5,,,22.6,D - High Risk,2/4,1
MSME109851,86.6,74.4,,,81.5,A - Strong,2/4,0
MSME109852,,42.0,,,42.0,C - Weak,1/4,0
MSME109853,,24.7,,,24.7,D - High Risk,1/4,0
MSME109854,42.7,32.7,57.8,,45.0,C - Weak,3/4,0
MSME109855,,35.2,,,35.2,C - Weak,1/4,0
MSME109856,,,66.4,,66.4,B - Moderate,1/4,0
MSME109857,89.8,91.5,,,90.5,A - Strong,2/4,0
MSME109858,,41.6,,,41.6,C - Weak,1/4,1
MSME109859,,63.2,,,63.2,B - Moderate,1/4,0
MSME109860,,27.2,,,27.2,D - High Risk,1/4,0
MSME109861,72.6,80.1,78.9,,76.8,A - Strong,3/4,0
MSME109862,,45.9,,,45.9,C - Weak,1/4,0
MSME109863,76.8,86.8,75.7,85.1,79.8,A - Strong,4/4,0
MSME109864,,,57.5,,57.5,B - Moderate,1/4,0
MSME109865,81.5,83.4,80.2,,81.6,A - Strong,3/4,0
MSME109866,90.4,92.6,82.5,,88.4,A - Strong,3/4,0
MSME109867,55.4,82.6,,,66.7,B - Moderate,2/4,0
MSME109868,47.9,47.9,56.2,,50.7,C - Weak,3/4,1
MSME109869,79.4,90.5,85.5,84.9,84.6,A - Strong,4/4,0
MSME109870,,49.7,48.3,,48.9,C - Weak,2/4,0
MSME109871,40.4,,29.6,42.0,36.3,C - Weak,3/4,0
MSME109872,61.9,,49.0,,55.9,B - Moderate,2/4,0
MSME109873,53.4,70.3,,,60.4,B - Moderate,2/4,0
MSME109874,21.2,,15.6,16.9,18.4,D - High Risk,3/4,1
MSME109875,53.2,54.0,48.1,,51.7,C - Weak,3/4,0
MSME109876,43.5,43.1,51.2,,46.0,C - Weak,3/4,0
MSME109877,80.4,86.6,70.3,,78.8,A - Strong,3/4,0
MSME109878,51.4,62.0,,,55.8,B - Moderate,2/4,0
MSME109879,,28.7,,,28.7,D - High Risk,1/4,1
MSME109880,66.1,53.4,67.5,,63.0,B - Moderate,3/4,0
MSME109881,33.8,28.8,,,31.7,D - High Risk,2/4,0
MSME109882,,,,25.5,25.5,D - High Risk,1/4,1
MSME109883,,70.4,,,70.4,B - Moderate,1/4,0
MSME109884,,44.2,52.1,,48.5,C - Weak,2/4,0
MSME109885,48.5,61.6,34.7,48.0,47.6,C - Weak,4/4,1
MSME109886,,,,,,Unscoreable,0/4,0
MSME109887,34.9,,,52.1,38.7,C - Weak,2/4,0
MSME109888,,47.5,,,47.5,C - Weak,1/4,0
MSME109889,66.3,86.6,76.3,78.7,75.6,A - Strong,4/4,0
MSME109890,,34.2,,,34.2,D - High Risk,1/4,0
MSME109891,,28.3,,,28.3,D - High Risk,1/4,0
MSME109892,81.9,85.0,72.0,,79.5,A - Strong,3/4,0
MSME109893,,24.1,35.5,29.7,30.2,D - High Risk,3/4,0
MSME109894,65.2,68.4,78.4,,70.5,B - Moderate,3/4,0
MSME109895,66.1,,,68.6,66.7,B - Moderate,2/4,0
MSME109896,45.3,,,,45.3,C - Weak,1/4,0
MSME109897,71.9,,53.7,58.4,62.8,B - Moderate,3/4,0
MSME109898,,,,46.9,46.9,C - Weak,1/4,0
MSME109899,,64.5,67.1,71.0,66.7,B - Moderate,3/4,0
MSME109900,42.9,51.0,,,46.3,C - Weak,2/4,0
MSME109901,,61.0,38.1,,48.5,C - Weak,2/4,1
MSME109902,76.4,,79.4,,77.8,A - Strong,2/4,0
MSME109903,64.6,76.2,,,69.4,B - Moderate,2/4,0
MSME109904,,71.5,,,71.5,B - Moderate,1/4,0
MSME109905,65.4,,,,65.4,B - Moderate,1/4,0
MSME109906,,84.2,69.0,53.9,72.5,B - Moderate,3/4,0
MSME109907,87.4,,,94.0,88.9,A - Strong,2/4,0
MSME109908,66.9,69.6,,,68.0,B - Moderate,2/4,0
MSME109909,63.6,55.3,,72.3,61.9,B - Moderate,3/4,0
MSME109910,,29.7,,,29.7,D - High Risk,1/4,1
MSME109911,64.0,,,86.0,68.9,B - Moderate,2/4,0
MSME109912,,31.3,32.5,41.7,33.5,D - High Risk,3/4,0
MSME109913,52.2,49.7,,,51.2,C - Weak,2/4,0
MSME109914,,74.0,,,74.0,B - Moderate,1/4,0
MSME109915,,62.1,59.0,,60.4,B - Moderate,2/4,0
MSME109916,79.4,83.9,88.8,,83.8,A - Strong,3/4,0
MSME109917,34.1,41.4,29.0,,34.4,D - High Risk,3/4,0
MSME109918,,83.9,,,83.9,A - Strong,1/4,0
MSME109919,,63.4,70.8,78.4,69.1,B - Moderate,3/4,0
MSME109920,,42.4,33.9,,37.8,C - Weak,2/4,0
MSME109921,,,38.0,,38.0,C - Weak,1/4,0
MSME109922,29.4,30.2,,,29.7,D - High Risk,2/4,0
MSME109923,,28.6,,30.5,29.1,D - High Risk,2/4,0
MSME109924,48.3,78.1,69.5,,63.6,B - Moderate,3/4,0
MSME109925,45.7,,,57.0,48.2,C - Weak,2/4,0
MSME109926,87.2,,,,87.2,A - Strong,1/4,0
MSME109927,75.4,89.8,60.4,,74.4,B - Moderate,3/4,0
MSME109928,,48.0,67.9,,58.9,B - Moderate,2/4,0
MSME109929,,48.5,51.1,,49.9,C - Weak,2/4,0
MSME109930,,,54.8,,54.8,C - Weak,1/4,0
MSME109931,72.7,83.4,76.9,,77.1,A - Strong,3/4,0
MSME109932,,56.5,41.4,,48.3,C - Weak,2/4,0
MSME109933,52.5,70.8,,,60.1,B - Moderate,2/4,0
MSME109934,29.3,35.6,43.9,,35.9,C - Weak,3/4,1
MSME109935,,36.9,,,36.9,C - Weak,1/4,0
MSME109936,29.9,27.5,,,28.9,D - High Risk,2/4,0
MSME109937,34.7,34.0,,,34.4,D - High Risk,2/4,0
MSME109938,89.4,86.3,82.2,,86.1,A - Strong,3/4,0
MSME109939,50.2,,,51.0,50.4,C - Weak,2/4,0
MSME109940,26.3,,35.9,61.1,34.8,D - High Risk,3/4,0
MSME109941,43.4,53.7,,,47.7,C - Weak,2/4,0
MSME109942,56.5,,,,56.5,B - Moderate,1/4,0
MSME109943,,51.0,,,51.0,C - Weak,1/4,0
MSME109944,34.6,34.3,62.5,,43.8,C - Weak,3/4,0
MSME109945,19.1,31.6,25.5,,24.7,D - High Risk,3/4,0
MSME109946,81.5,,87.7,,84.4,A - Strong,2/4,0
MSME109947,,75.1,,91.6,79.8,A - Strong,2/4,0
MSME109948,67.9,,74.0,,70.7,B - Moderate,2/4,0
MSME109949,,,,,,Unscoreable,0/4,0
MSME109950,,54.2,54.3,,54.3,C - Weak,2/4,0
MSME109951,,41.0,40.0,,40.5,C - Weak,2/4,1
MSME109952,,57.8,,,57.8,B - Moderate,1/4,0
MSME109953,24.1,48.6,,,34.3,D - High Risk,2/4,1
MSME109954,90.6,90.2,,93.6,90.9,A - Strong,3/4,0
MSME109955,,42.8,25.9,,33.6,D - High Risk,2/4,0
MSME109956,77.5,85.7,,58.8,77.8,A - Strong,3/4,0
MSME109957,,59.6,,,59.6,B - Moderate,1/4,0
MSME109958,23.2,33.0,24.5,,26.4,D - High Risk,3/4,0
MSME109959,,46.6,48.1,,47.4,C - Weak,2/4,1
MSME109960,56.7,70.1,,,62.3,B - Moderate,2/4,0
MSME109961,23.7,34.5,,,28.2,D - High Risk,2/4,1
MSME109962,,,,,,Unscoreable,0/4,0
MSME109963,66.6,,,67.1,66.7,B - Moderate,2/4,0
MSME109964,,63.8,,,63.8,B - Moderate,1/4,0
MSME109965,,88.7,80.1,,84.0,A - Strong,2/4,0
MSME109966,,26.3,,,26.3,D - High Risk,1/4,0
MSME109967,22.6,45.7,41.0,,35.2,C - Weak,3/4,0
MSME109968,43.2,51.4,,,46.6,C - Weak,2/4,1
MSME109969,33.8,45.9,36.0,43.7,38.5,C - Weak,4/4,1
MSME109970,84.6,86.8,91.8,92.1,88.1,A - Strong,4/4,0
MSME109971,45.9,57.0,,49.5,50.4,C - Weak,3/4,0
MSME109972,89.9,92.0,91.3,90.9,90.9,A - Strong,4/4,0
MSME109973,30.5,34.1,39.8,,34.6,D - High Risk,3/4,0
MSME109974,32.7,,,,32.7,D - High Risk,1/4,1
MSME109975,,73.6,78.5,,76.3,A - Strong,2/4,0
MSME109976,27.9,,,,27.9,D - High Risk,1/4,0
MSME109977,78.8,83.7,82.6,94.4,82.7,A - Strong,4/4,0
MSME109978,55.4,42.0,38.5,,46.0,C - Weak,3/4,0
MSME109979,19.2,31.5,16.0,,21.6,D - High Risk,3/4,0
MSME109980,55.3,49.5,48.1,,51.3,C - Weak,3/4,0
MSME109981,,,,,,Unscoreable,0/4,0
MSME109982,53.9,,75.1,,63.7,B - Moderate,2/4,0
MSME109983,15.4,23.4,,,18.7,D - High Risk,2/4,1
MSME109984,81.6,81.1,65.0,,75.9,A - Strong,3/4,0
MSME109985,69.1,,78.5,68.7,72.8,B - Moderate,3/4,0
MSME109986,49.8,,,,49.8,C - Weak,1/4,0
MSME109987,,61.4,84.5,,74.0,B - Moderate,2/4,0
MSME109988,38.2,60.1,,,47.3,C - Weak,2/4,0
MSME109989,41.2,51.3,,47.1,45.7,C - Weak,3/4,0
MSME109990,64.0,57.1,58.9,56.3,60.0,B - Moderate,4/4,0
MSME109991,56.8,63.3,,,59.5,B - Moderate,2/4,0
MSME109992,86.8,87.3,,,87.0,A - Strong,2/4,0
MSME109993,,53.1,,,53.1,C - Weak,1/4,0
MSME109994,,70.7,78.4,,74.9,B - Moderate,2/4,0
MSME109995,,59.2,56.4,,57.7,B - Moderate,2/4,1
MSME109996,22.1,29.8,,,25.3,D - High Risk,2/4,0
MSME109997,,40.3,,,40.3,C - Weak,1/4,0
MSME109998,50.1,63.3,,,55.6,B - Moderate,2/4,0
MSME109999,54.6,67.2,34.0,,51.2,C - Weak,3/4,0
MSME110000,30.7,27.9,25.7,36.0,29.0,D - High Risk,4/4,0
MSME110001,35.0,,34.2,,34.6,D - High Risk,2/4,0
MSME110002,38.3,,52.4,,44.8,C - Weak,2/4,0
MSME110003,,84.1,74.3,,78.8,A - Strong,2/4,0
MSME110004,53.4,64.2,45.2,54.3,53.7,C - Weak,4/4,0
MSME110005,,50.5,,,50.5,C - Weak,1/4,0
MSME110006,36.4,,29.3,28.4,32.5,D - High Risk,3/4,1
MSME110007,73.5,72.9,74.0,78.7,74.0,B - Moderate,4/4,0
MSME110008,,68.1,62.7,,65.2,B - Moderate,2/4,0
MSME110009,69.2,77.7,,,72.7,B - Moderate,2/4,0
MSME110010,80.6,86.1,75.4,,80.4,A - Strong,3/4,0
MSME110011,,50.6,,,50.6,C - Weak,1/4,0
MSME110012,,,,,,Unscoreable,0/4,1
MSME110013,32.5,22.1,,,28.2,D - High Risk,2/4,1
MSME110014,54.6,,,54.2,54.5,C - Weak,2/4,0
MSME110015,,65.2,60.7,,62.7,B - Moderate,2/4,0
MSME110016,,31.8,31.0,,31.4,D - High Risk,2/4,1
MSME110017,,,66.6,,66.6,B - Moderate,1/4,0
MSME110018,27.9,46.6,47.3,,39.6,C - Weak,3/4,0
MSME110019,72.2,,71.4,68.9,71.4,B - Moderate,3/4,0
MSME110020,20.9,24.3,,29.2,23.3,D - High Risk,3/4,1
MSME110021,85.6,86.3,,,85.9,A - Strong,2/4,0
MSME110022,46.3,47.1,52.2,52.7,48.9,C - Weak,4/4,0
MSME110023,,83.2,85.5,81.3,84.0,A - Strong,3/4,0
MSME110024,,79.5,,,79.5,A - Strong,1/4,0
MSME110025,,54.5,,61.7,56.6,B - Moderate,2/4,0
MSME110026,76.0,,79.1,71.6,76.7,A - Strong,3/4,0
MSME110027,36.9,57.6,,,45.5,C - Weak,2/4,1
MSME110028,,79.1,48.0,,62.1,B - Moderate,2/4,0
MSME110029,69.2,,74.6,,71.7,B - Moderate,2/4,0
MSME110030,59.6,49.1,,73.1,57.8,B - Moderate,3/4,0
MSME110031,91.0,84.5,87.5,92.4,88.5,A - Strong,4/4,0
MSME110032,,,,,,Unscoreable,0/4,0
MSME110033,76.6,79.6,64.6,,73.4,B - Moderate,3/4,0
MSME110034,63.6,,,,63.6,B - Moderate,1/4,0
MSME110035,47.7,64.2,,72.6,57.2,B - Moderate,3/4,0
MSME110036,,,39.8,32.6,38.0,C - Weak,2/4,0
MSME110037,64.1,76.1,,83.2,71.1,B - Moderate,3/4,0
MSME110038,77.1,84.0,,,80.0,A - Strong,2/4,0
MSME110039,49.9,32.3,,,42.6,C - Weak,2/4,0
MSME110040,,57.8,63.4,,60.9,B - Moderate,2/4,0
MSME110041,28.0,26.9,,,27.5,D - High Risk,2/4,0
MSME110042,54.7,,62.8,59.7,58.6,B - Moderate,3/4,1
MSME110043,,,,47.5,47.5,C - Weak,1/4,1
MSME110044,90.4,92.7,86.8,,89.8,A - Strong,3/4,0
MSME110045,91.7,93.8,,92.9,92.6,A - Strong,3/4,0
MSME110046,,73.5,82.2,89.1,79.9,A - Strong,3/4,0
MSME110047,,83.8,,,83.8,A - Strong,1/4,0
MSME110048,72.8,,,72.6,72.8,B - Moderate,2/4,0
MSME110049,,,,,,Unscoreable,0/4,0
MSME110050,,58.8,,,58.8,B - Moderate,1/4,0
MSME110051,52.6,44.2,58.5,,52.2,C - Weak,3/4,0
MSME110052,81.4,86.9,81.1,81.7,82.7,A - Strong,4/4,0
MSME110053,,27.1,43.2,,35.9,C - Weak,2/4,0
MSME110054,67.4,,69.5,76.8,69.5,B - Moderate,3/4,0
MSME110055,72.9,77.9,,,75.0,A - Strong,2/4,0
MSME110056,86.9,92.5,89.9,,89.5,A - Strong,3/4,0
MSME110057,72.7,75.7,58.3,,68.7,B - Moderate,3/4,0
MSME110058,87.2,84.8,83.2,,85.2,A - Strong,3/4,0
MSME110059,74.0,,64.1,,69.4,B - Moderate,2/4,0
MSME110060,77.8,82.9,,60.7,77.2,A - Strong,3/4,0
MSME110061,49.5,62.7,,,55.0,B - Moderate,2/4,0
MSME110062,85.5,89.1,,,87.0,A - Strong,2/4,0
MSME110063,84.2,90.1,,,86.7,A - Strong,2/4,0
MSME110064,63.3,70.7,68.5,80.8,68.5,B - Moderate,4/4,1
MSME110065,70.5,65.6,65.1,,67.3,B - Moderate,3/4,0
MSME110066,,39.3,,22.7,34.6,D - High Risk,2/4,1
MSME110067,,90.5,91.7,,91.2,A - Strong,2/4,0
MSME110068,,23.3,,15.0,20.9,D - High Risk,2/4,1
MSME110069,,,,,,Unscoreable,0/4,0
MSME110070,44.9,55.3,47.0,,48.5,C - Weak,3/4,0
MSME110071,,77.7,83.7,,81.0,A - Strong,2/4,0
MSME110072,,66.5,74.1,,70.6,B - Moderate,2/4,0
MSME110073,,86.6,,,86.6,A - Strong,1/4,0
MSME110074,43.9,56.8,,,49.3,C - Weak,2/4,0
MSME110075,87.7,,92.0,94.4,90.3,A - Strong,3/4,0
MSME110076,,79.9,76.3,,77.9,A - Strong,2/4,0
MSME110077,81.8,92.5,87.8,,86.8,A - Strong,3/4,0
MSME110078,61.8,,69.0,,65.1,B - Moderate,2/4,0
MSME110079,48.2,,,,48.2,C - Weak,1/4,1
MSME110080,46.9,54.1,,,49.9,C - Weak,2/4,0
MSME110081,,86.5,74.6,,80.0,A - Strong,2/4,0
MSME110082,,54.9,,,54.9,C - Weak,1/4,0
MSME110083,63.5,86.0,51.4,,65.7,B - Moderate,3/4,0
MSME110084,73.9,90.6,67.7,70.5,75.9,A - Strong,4/4,0
MSME110085,43.7,59.9,37.9,,46.3,C - Weak,3/4,0
MSME110086,43.7,63.4,,,51.9,C - Weak,2/4,0
MSME110087,68.1,,84.1,86.8,77.0,A - Strong,3/4,1
MSME110088,,42.5,26.2,,33.6,D - High Risk,2/4,0
MSME110089,38.2,46.7,,52.6,43.3,C - Weak,3/4,0
MSME110090,,,60.7,,60.7,B - Moderate,1/4,0
MSME110091,54.1,39.5,66.1,,54.0,C - Weak,3/4,0
MSME110092,56.5,64.6,,,59.9,B - Moderate,2/4,0
MSME110093,57.4,71.1,,55.7,62.1,B - Moderate,3/4,1
MSME110094,,,,25.0,25.0,D - High Risk,1/4,0
MSME110095,73.8,79.1,,,76.0,A - Strong,2/4,0
MSME110096,24.6,40.1,,22.6,29.9,D - High Risk,3/4,1
MSME110097,,59.0,52.1,61.3,56.2,B - Moderate,3/4,0
MSME110098,42.8,57.5,,,48.9,C - Weak,2/4,0
MSME110099,35.0,36.4,,,35.6,C - Weak,2/4,0
MSME110100,,68.8,,,68.8,B - Moderate,1/4,0
MSME110101,63.3,,63.1,64.9,63.4,B - Moderate,3/4,0
MSME110102,91.0,82.7,,91.5,88.1,A - Strong,3/4,0
MSME110103,,30.5,35.1,27.8,32.2,D - High Risk,3/4,1
MSME110104,81.9,92.8,79.7,80.7,83.8,A - Strong,4/4,0
MSME110105,50.8,40.5,,,46.5,C - Weak,2/4,0
MSME110106,82.4,71.3,65.1,39.2,70.1,B - Moderate,4/4,0
MSME110107,27.2,48.9,,50.9,38.3,C - Weak,3/4,0
MSME110108,68.9,70.1,76.0,75.4,72.0,B - Moderate,4/4,0
MSME110109,80.2,89.6,,,84.1,A - Strong,2/4,0
MSME110110,,26.0,,,26.0,D - High Risk,1/4,0
MSME110111,,40.2,,,40.2,C - Weak,1/4,0
MSME110112,,57.6,71.4,,65.1,B - Moderate,2/4,0
MSME110113,37.8,,,24.0,34.7,D - High Risk,2/4,1
MSME110114,74.9,85.4,86.6,,81.7,A - Strong,3/4,0
MSME110115,,61.5,72.1,,67.3,B - Moderate,2/4,0
MSME110116,42.5,46.3,52.8,49.0,47.2,C - Weak,4/4,0
MSME110117,34.7,,39.6,46.3,38.2,C - Weak,3/4,0
MSME110118,29.6,39.2,,28.8,32.9,D - High Risk,3/4,1
MSME110119,53.5,54.6,,,54.0,C - Weak,2/4,0
MSME110120,,31.8,,41.6,34.6,D - High Risk,2/4,0
MSME110121,,64.6,,,64.6,B - Moderate,1/4,0
MSME110122,,,,,,Unscoreable,0/4,0
MSME110123,,44.5,58.5,,52.1,C - Weak,2/4,0
MSME110124,,,33.7,,33.7,D - High Risk,1/4,0
MSME110125,73.2,87.8,,,79.3,A - Strong,2/4,0
MSME110126,32.2,25.0,21.6,,26.7,D - High Risk,3/4,0
MSME110127,90.4,91.8,88.7,92.5,90.5,A - Strong,4/4,0
MSME110128,,57.6,,,57.6,B - Moderate,1/4,1
MSME110129,39.4,50.8,,,44.2,C - Weak,2/4,0
MSME110130,64.0,55.8,52.2,59.0,57.9,B - Moderate,4/4,0
MSME110131,,49.8,,,49.8,C - Weak,1/4,0
MSME110132,,58.3,,,58.3,B - Moderate,1/4,0
MSME110133,45.3,,,,45.3,C - Weak,1/4,0
MSME110134,,59.7,59.6,,59.6,B - Moderate,2/4,0
MSME110135,,90.6,91.3,,91.0,A - Strong,2/4,0
MSME110136,,64.5,73.4,,69.4,B - Moderate,2/4,0
MSME110137,77.8,82.6,69.1,,76.2,A - Strong,3/4,0
MSME110138,22.2,,34.2,,27.7,D - High Risk,2/4,0
MSME110139,86.4,92.6,90.7,,89.6,A - Strong,3/4,0
MSME110140,,41.0,,,41.0,C - Weak,1/4,0
MSME110141,,,,,,Unscoreable,0/4,1
MSME110142,26.4,36.5,20.5,,27.2,D - High Risk,3/4,0
MSME110143,,50.4,,,50.4,C - Weak,1/4,0
MSME110144,25.3,29.3,,,27.0,D - High Risk,2/4,0
MSME110145,71.6,,80.1,,75.5,A - Strong,2/4,0
MSME110146,22.2,32.2,,,26.4,D - High Risk,2/4,0
MSME110147,53.2,54.7,,,53.8,C - Weak,2/4,0
MSME110148,29.6,35.7,40.5,,34.9,D - High Risk,3/4,0
MSME110149,,,,26.8,26.8,D - High Risk,1/4,0
MSME110150,,54.0,,,54.0,C - Weak,1/4,0
MSME110151,,,25.7,19.9,24.2,D - High Risk,2/4,0
MSME110152,72.6,76.7,81.0,,76.5,A - Strong,3/4,0
MSME110153,23.4,29.0,,,25.7,D - High Risk,2/4,0
MSME110154,26.9,34.5,34.4,,31.5,D - High Risk,3/4,0
MSME110155,,20.1,,,20.1,D - High Risk,1/4,0
MSME110156,,38.2,,,38.2,C - Weak,1/4,0
MSME110157,45.3,56.6,,,50.0,C - Weak,2/4,0
MSME110158,69.6,74.8,69.5,,71.0,B - Moderate,3/4,0
MSME110159,67.3,85.1,63.0,,70.8,B - Moderate,3/4,0
MSME110160,,,,,,Unscoreable,0/4,0
MSME110161,78.1,91.3,75.8,,81.0,A - Strong,3/4,1
MSME110162,62.2,86.3,,,72.2,B - Moderate,2/4,0
MSME110163,,40.6,,,40.6,C - Weak,1/4,0
MSME110164,60.9,53.8,,,57.9,B - Moderate,2/4,0
MSME110165,,60.3,71.4,,66.4,B - Moderate,2/4,0
MSME110166,,42.5,35.0,,38.4,C - Weak,2/4,0
MSME110167,71.6,,83.5,,77.1,A - Strong,2/4,0
MSME110168,35.1,50.6,,34.9,40.6,C - Weak,3/4,0
MSME110169,,59.6,52.4,,55.7,B - Moderate,2/4,1
MSME110170,82.1,87.3,76.2,,81.6,A - Strong,3/4,0
MSME110171,22.5,24.2,,25.4,23.5,D - High Risk,3/4,1
MSME110172,34.7,,,,34.7,D - High Risk,1/4,0
MSME110173,81.8,92.7,,,86.3,A - Strong,2/4,0
MSME110174,,21.4,,,21.4,D - High Risk,1/4,1
MSME110175,20.7,,,,20.7,D - High Risk,1/4,0
MSME110176,,28.9,26.1,,27.4,D - High Risk,2/4,0
MSME110177,90.4,87.5,91.3,,89.9,A - Strong,3/4,0
MSME110178,67.5,69.9,75.8,,70.9,B - Moderate,3/4,0
MSME110179,84.4,89.7,80.4,,84.5,A - Strong,3/4,0
MSME110180,52.0,54.7,,,53.1,C - Weak,2/4,0
MSME110181,77.4,91.0,,,83.1,A - Strong,2/4,0
MSME110182,,32.6,44.4,,39.0,C - Weak,2/4,1
MSME110183,67.2,88.3,54.8,,68.9,B - Moderate,3/4,0
MSME110184,,,56.9,,56.9,B - Moderate,1/4,0
MSME110185,,64.0,42.6,,52.3,C - Weak,2/4,0
MSME110186,36.4,26.1,,,32.1,D - High Risk,2/4,0
MSME110187,68.9,,65.7,,67.4,B - Moderate,2/4,0
MSME110188,,34.9,,,34.9,D - High Risk,1/4,0
MSME110189,,33.2,,,33.2,D - High Risk,1/4,0
MSME110190,61.9,69.0,,44.9,62.0,B - Moderate,3/4,0
MSME110191,63.9,63.8,,,63.9,B - Moderate,2/4,0
MSME110192,80.0,91.9,,,85.0,A - Strong,2/4,0
MSME110193,,,,,,Unscoreable,0/4,0
MSME110194,56.0,59.4,,,57.4,B - Moderate,2/4,0
MSME110195,46.6,,46.4,,46.5,C - Weak,2/4,0
MSME110196,75.2,85.3,84.0,,80.9,A - Strong,3/4,0
MSME110197,,26.3,,41.3,30.6,D - High Risk,2/4,0
MSME110198,,56.3,45.3,,50.3,C - Weak,2/4,1
MSME110199,85.6,88.7,84.7,,86.2,A - Strong,3/4,0
MSME110200,,40.0,56.6,50.7,49.3,C - Weak,3/4,0
MSME110201,,,,50.7,50.7,C - Weak,1/4,0
MSME110202,,21.5,,,21.5,D - High Risk,1/4,0
MSME110203,38.7,59.5,30.9,,41.9,C - Weak,3/4,0
MSME110204,31.3,,,,31.3,D - High Risk,1/4,0
MSME110205,66.9,56.5,64.1,,63.1,B - Moderate,3/4,0
MSME110206,25.1,27.8,,31.0,26.9,D - High Risk,3/4,0
MSME110207,66.0,63.4,,,64.9,B - Moderate,2/4,0
MSME110208,,46.2,,,46.2,C - Weak,1/4,0
MSME110209,,,15.5,,15.5,D - High Risk,1/4,0
MSME110210,25.2,,16.9,,21.4,D - High Risk,2/4,1
MSME110211,20.1,17.7,,,19.1,D - High Risk,2/4,1
MSME110212,40.1,42.9,,,41.3,C - Weak,2/4,1
MSME110213,23.8,32.6,15.0,,23.3,D - High Risk,3/4,1
MSME110214,,56.9,59.3,,58.2,B - Moderate,2/4,0
MSME110215,44.9,53.4,,,48.4,C - Weak,2/4,0
MSME110216,,62.1,,50.1,58.7,B - Moderate,2/4,0
MSME110217,71.5,70.6,,,71.1,B - Moderate,2/4,0
MSME110218,63.6,63.9,,,63.7,B - Moderate,2/4,0
MSME110219,71.3,,67.4,,69.5,B - Moderate,2/4,1
MSME110220,51.5,73.3,47.4,,56.2,B - Moderate,3/4,0
MSME110221,68.7,86.0,74.9,,75.6,A - Strong,3/4,0
MSME110222,66.7,,72.2,60.3,68.0,B - Moderate,3/4,0
MSME110223,,77.0,86.4,79.0,81.6,A - Strong,3/4,0
MSME110224,89.9,91.8,90.8,91.5,90.8,A - Strong,4/4,0
MSME110225,57.2,69.9,45.2,38.0,54.9,C - Weak,4/4,0
MSME110226,88.8,,91.2,,89.9,A - Strong,2/4,0
MSME110227,,67.7,,,67.7,B - Moderate,1/4,0
MSME110228,29.9,30.5,52.8,,37.7,C - Weak,3/4,0
MSME110229,33.6,44.3,,38.0,38.1,C - Weak,3/4,0
MSME110230,39.3,44.2,38.5,,40.4,C - Weak,3/4,0
MSME110231,78.1,86.6,,89.7,82.8,A - Strong,3/4,0
MSME110232,,22.9,16.9,25.8,20.6,D - High Risk,3/4,1
MSME110233,73.0,73.1,64.9,,70.3,B - Moderate,3/4,0
MSME110234,,41.0,30.8,,35.4,C - Weak,2/4,0
MSME110235,,79.2,,,79.2,A - Strong,1/4,0
MSME110236,,,,43.0,43.0,C - Weak,1/4,0
MSME110237,83.2,79.8,,,81.8,A - Strong,2/4,0
MSME110238,26.1,25.1,,,25.7,D - High Risk,2/4,1
MSME110239,43.2,48.0,,,45.2,C - Weak,2/4,1
MSME110240,50.6,63.7,,,56.1,B - Moderate,2/4,0
MSME110241,,67.6,61.7,,64.4,B - Moderate,2/4,0
MSME110242,91.5,92.1,,,91.8,A - Strong,2/4,0
MSME110243,61.4,65.3,,,63.0,B - Moderate,2/4,1
MSME110244,,89.4,,,89.4,A - Strong,1/4,0
MSME110245,84.7,89.8,,88.4,87.0,A - Strong,3/4,0
MSME110246,,69.3,71.3,,70.4,B - Moderate,2/4,0
MSME110247,79.7,79.3,,60.7,76.8,A - Strong,3/4,0
MSME110248,,,,,,Unscoreable,0/4,0
MSME110249,,32.3,,19.8,28.7,D - High Risk,2/4,0
MSME110250,87.6,93.1,,,89.9,A - Strong,2/4,0
MSME110251,88.2,,88.5,91.6,88.8,A - Strong,3/4,0
MSME110252,,80.5,83.1,91.0,83.3,A - Strong,3/4,0
MSME110253,21.0,22.2,,,21.5,D - High Risk,2/4,0
MSME110254,,76.1,85.5,,81.2,A - Strong,2/4,0
MSME110255,45.3,41.8,,48.5,44.5,C - Weak,3/4,0
MSME110256,63.3,,55.8,,59.8,B - Moderate,2/4,0
MSME110257,37.8,22.8,,,31.5,D - High Risk,2/4,0
MSME110258,,20.5,,,20.5,D - High Risk,1/4,0
MSME110259,63.8,,,,63.8,B - Moderate,1/4,0
MSME110260,85.8,84.9,,86.4,85.6,A - Strong,3/4,0
MSME110261,76.2,88.4,83.1,,81.9,A - Strong,3/4,0
MSME110262,75.8,66.3,69.9,,71.2,B - Moderate,3/4,0
MSME110263,,42.2,,,42.2,C - Weak,1/4,0
MSME110264,57.9,,,,57.9,B - Moderate,1/4,0
MSME110265,43.5,49.4,46.2,,46.0,C - Weak,3/4,0
MSME110266,19.1,23.2,,,20.8,D - High Risk,2/4,1
MSME110267,67.1,67.9,68.9,66.8,67.8,B - Moderate,4/4,0
MSME110268,91.7,92.5,,92.8,92.1,A - Strong,3/4,0
MSME110269,,65.4,,,65.4,B - Moderate,1/4,0
MSME110270,,25.9,22.3,25.4,24.2,D - High Risk,3/4,0
MSME110271,88.8,93.2,,72.4,88.0,A - Strong,3/4,0
MSME110272,28.8,30.1,36.7,33.4,32.0,D - High Risk,4/4,0
MSME110273,77.8,80.0,68.3,,75.2,A - Strong,3/4,0
MSME110274,,,,,,Unscoreable,0/4,1
MSME110275,,55.7,34.7,,44.2,C - Weak,2/4,0
MSME110276,46.8,,,46.1,46.6,C - Weak,2/4,0
MSME110277,42.3,42.7,54.1,,46.3,C - Weak,3/4,0
MSME110278,51.9,64.6,57.6,,57.3,B - Moderate,3/4,0
MSME110279,87.9,91.3,,88.5,89.2,A - Strong,3/4,0
MSME110280,40.2,,,,40.2,C - Weak,1/4,0
MSME110281,,30.6,,43.7,34.3,D - High Risk,2/4,0
MSME110282,33.3,37.0,,,34.8,D - High Risk,2/4,0
MSME110283,87.4,92.2,74.3,,84.4,A - Strong,3/4,0
MSME110284,,35.1,44.2,,40.1,C - Weak,2/4,0
MSME110285,,56.0,47.3,,51.3,C - Weak,2/4,0
MSME110286,,33.7,,,33.7,D - High Risk,1/4,1
MSME110287,46.9,51.1,,,48.7,C - Weak,2/4,0
MSME110288,45.5,41.5,60.5,,49.4,C - Weak,3/4,0
MSME110289,,66.7,,62.0,65.4,B - Moderate,2/4,0
MSME110290,,,,,,Unscoreable,0/4,0
MSME110291,61.0,,74.6,,67.3,B - Moderate,2/4,0
MSME110292,51.3,,,,51.3,C - Weak,1/4,0
MSME110293,,,65.2,,65.2,B - Moderate,1/4,0
MSME110294,,41.8,,,41.8,C - Weak,1/4,1
MSME110295,24.2,,28.8,,26.3,D - High Risk,2/4,0
MSME110296,25.7,28.1,17.2,,23.5,D - High Risk,3/4,1
MSME110297,37.4,37.4,,,37.4,C - Weak,2/4,0
MSME110298,22.9,23.6,,,23.2,D - High Risk,2/4,0
MSME110299,,89.3,82.8,88.7,86.2,A - Strong,3/4,0
MSME110300,,28.0,,,28.0,D - High Risk,1/4,1
MSME110301,,37.6,,,37.6,C - Weak,1/4,0
MSME110302,78.6,90.1,,,83.4,A - Strong,2/4,0
MSME110303,,27.5,26.3,,26.8,D - High Risk,2/4,1
MSME110304,52.9,49.4,33.0,,45.3,C - Weak,3/4,0
MSME110305,46.7,46.3,46.4,,46.5,C - Weak,3/4,0
MSME110306,55.6,67.2,61.5,46.4,59.4,B - Moderate,4/4,1
MSME110307,36.6,40.4,28.2,,34.9,D - High Risk,3/4,0
MSME110308,39.4,,36.9,35.9,37.9,C - Weak,3/4,1
MSME110309,61.9,66.9,51.8,,59.9,B - Moderate,3/4,0
MSME110310,76.3,81.8,63.3,,73.5,B - Moderate,3/4,0
MSME110311,,54.4,65.1,,60.2,B - Moderate,2/4,1
MSME110312,62.1,52.4,,,58.1,B - Moderate,2/4,0
MSME110313,,,,48.4,48.4,C - Weak,1/4,0
MSME110314,88.0,,85.6,,86.9,A - Strong,2/4,0
MSME110315,90.4,90.4,88.8,,89.9,A - Strong,3/4,0
MSME110316,39.3,,44.7,,41.8,C - Weak,2/4,0
MSME110317,15.9,24.2,,,19.4,D - High Risk,2/4,1
MSME110318,66.3,72.8,64.5,,67.5,B - Moderate,3/4,0
MSME110319,44.6,,,,44.6,C - Weak,1/4,0
MSME110320,68.8,82.4,,69.0,73.7,B - Moderate,3/4,0
MSME110321,82.0,86.1,71.2,,79.5,A - Strong,3/4,0
MSME110322,27.9,37.8,,,32.0,D - High Risk,2/4,0
MSME110323,33.7,52.1,,,41.4,C - Weak,2/4,0
MSME110324,,22.3,28.6,,25.7,D - High Risk,2/4,0
MSME110325,,86.6,86.7,,86.7,A - Strong,2/4,0
MSME110326,54.5,56.9,56.4,48.7,55.1,B - Moderate,4/4,0
MSME110327,71.2,71.4,76.9,,73.2,B - Moderate,3/4,0
MSME110328,,46.9,,,46.9,C - Weak,1/4,0
MSME110329,79.5,,76.6,92.7,80.1,A - Strong,3/4,0
MSME110330,48.8,44.5,,,47.0,C - Weak,2/4,0
MSME110331,,78.5,72.7,,75.3,A - Strong,2/4,0
MSME110332,40.0,52.5,20.9,,37.1,C - Weak,3/4,0
MSME110333,70.5,77.4,67.5,,71.4,B - Moderate,3/4,0
MSME110334,82.9,84.2,66.0,,77.6,A - Strong,3/4,0
MSME110335,65.4,68.1,67.6,74.2,67.6,B - Moderate,4/4,0
MSME110336,19.6,27.3,,,22.8,D - High Risk,2/4,0
MSME110337,69.5,88.7,,60.7,75.1,A - Strong,3/4,0
MSME110338,36.8,,,,36.8,C - Weak,1/4,0
MSME110339,44.0,55.2,62.7,,53.3,C - Weak,3/4,0
MSME110340,59.7,70.7,70.0,,66.2,B - Moderate,3/4,0
MSME110341,88.2,86.1,68.6,80.6,81.0,A - Strong,4/4,0
MSME110342,,65.6,59.2,,62.1,B - Moderate,2/4,0
MSME110343,44.7,,49.9,69.6,50.1,C - Weak,3/4,0
MSME110344,81.5,75.2,,,78.9,A - Strong,2/4,0
MSME110345,67.4,,75.8,65.0,70.4,B - Moderate,3/4,0
MSME110346,78.6,91.9,73.3,,80.5,A - Strong,3/4,0
MSME110347,87.3,89.0,87.7,,87.9,A - Strong,3/4,0
MSME110348,59.7,,,,59.7,B - Moderate,1/4,0
MSME110349,80.8,,,67.4,77.8,A - Strong,2/4,0
MSME110350,77.4,76.6,,,77.1,A - Strong,2/4,0
MSME110351,59.5,73.1,50.4,,60.2,B - Moderate,3/4,0
MSME110352,,70.1,,,70.1,B - Moderate,1/4,1
MSME110353,,54.1,61.8,,58.3,B - Moderate,2/4,0
MSME110354,42.3,40.0,37.3,,40.0,C - Weak,3/4,0
MSME110355,85.8,89.7,87.3,82.6,86.9,A - Strong,4/4,0
MSME110356,,75.6,,,75.6,A - Strong,1/4,0
MSME110357,65.6,,,54.7,63.2,B - Moderate,2/4,0
MSME110358,25.2,,47.3,,35.4,C - Weak,2/4,0
MSME110359,,,,63.4,63.4,B - Moderate,1/4,0
MSME110360,51.0,74.8,,,60.9,B - Moderate,2/4,0
MSME110361,,,,,,Unscoreable,0/4,0
MSME110362,22.6,37.0,,,28.6,D - High Risk,2/4,1
MSME110363,,21.9,,,21.9,D - High Risk,1/4,0
MSME110364,36.2,,,,36.2,C - Weak,1/4,0
MSME110365,,33.4,32.9,,33.1,D - High Risk,2/4,1
MSME110366,67.7,64.5,78.7,53.8,68.8,B - Moderate,4/4,0
MSME110367,45.4,46.1,,,45.7,C - Weak,2/4,0
MSME110368,81.4,92.9,66.3,,79.6,A - Strong,3/4,0
MSME110369,,,49.8,47.8,49.3,C - Weak,2/4,0
MSME110370,,27.8,,,27.8,D - High Risk,1/4,0
MSME110371,65.1,67.0,72.8,89.7,70.3,B - Moderate,4/4,0
MSME110372,,87.2,,85.1,86.6,A - Strong,2/4,0
MSME110373,34.9,,,47.2,37.6,C - Weak,2/4,0
MSME110374,68.2,,,79.8,70.8,B - Moderate,2/4,0
MSME110375,67.9,,68.7,,68.3,B - Moderate,2/4,0
MSME110376,20.6,37.2,,,27.5,D - High Risk,2/4,1
MSME110377,23.7,38.5,34.8,,31.5,D - High Risk,3/4,0
MSME110378,88.9,90.0,77.4,,85.4,A - Strong,3/4,0
MSME110379,79.7,89.8,81.5,,83.1,A - Strong,3/4,0
MSME110380,83.6,87.2,90.2,94.1,87.5,A - Strong,4/4,0
MSME110381,63.9,50.9,48.8,,55.3,B - Moderate,3/4,0
MSME110382,62.8,78.6,,,69.4,B - Moderate,2/4,0
MSME110383,89.9,90.6,81.8,87.1,87.4,A - Strong,4/4,0
MSME110384,,40.6,,,40.6,C - Weak,1/4,0
MSME110385,,79.9,84.1,67.5,79.9,A - Strong,3/4,0
MSME110386,91.4,90.0,,93.9,91.3,A - Strong,3/4,0
MSME110387,39.8,,38.6,,39.2,C - Weak,2/4,0
MSME110388,,63.5,60.0,61.1,61.5,B - Moderate,3/4,0
MSME110389,54.0,50.2,,,52.4,C - Weak,2/4,0
MSME110390,24.4,41.8,26.0,24.7,29.3,D - High Risk,4/4,0
MSME110391,88.4,93.2,93.4,90.8,91.3,A - Strong,4/4,0
MSME110392,76.6,77.0,68.3,,73.9,B - Moderate,3/4,0
MSME110393,,25.1,16.4,,20.4,D - High Risk,2/4,0
MSME110394,80.2,84.0,72.2,,78.6,A - Strong,3/4,0
MSME110395,,73.1,,,73.1,B - Moderate,1/4,0
MSME110396,30.1,31.0,,,30.5,D - High Risk,2/4,0
MSME110397,51.9,64.8,50.2,,54.9,C - Weak,3/4,0
MSME110398,46.3,62.8,,,53.2,C - Weak,2/4,0
MSME110399,86.3,82.0,88.0,88.2,85.9,A - Strong,4/4,0
MSME110400,47.1,,59.5,43.8,51.6,C - Weak,3/4,0
MSME110401,34.6,45.6,,22.1,36.7,C - Weak,3/4,1
MSME110402,,63.6,66.2,,65.0,B - Moderate,2/4,0
MSME110403,90.5,90.1,89.2,,90.0,A - Strong,3/4,0
MSME110404,70.7,85.9,75.5,,76.5,A - Strong,3/4,0
MSME110405,26.8,55.9,47.9,37.6,41.5,C - Weak,4/4,0
MSME110406,52.5,59.6,,,55.5,B - Moderate,2/4,1
MSME110407,53.9,,,71.9,57.9,B - Moderate,2/4,0
MSME110408,49.4,,61.8,,55.1,B - Moderate,2/4,0
MSME110409,79.9,80.3,,,80.1,A - Strong,2/4,0
MSME110410,69.9,60.4,71.1,,67.7,B - Moderate,3/4,0
MSME110411,,38.4,44.1,,41.5,C - Weak,2/4,1
MSME110412,45.2,41.8,,,43.8,C - Weak,2/4,0
MSME110413,83.9,90.4,67.9,,80.4,A - Strong,3/4,0
MSME110414,,72.6,,,72.6,B - Moderate,1/4,0
MSME110415,88.3,84.3,,86.4,86.6,A - Strong,3/4,0
MSME110416,81.7,84.7,,,83.0,A - Strong,2/4,0
MSME110417,39.6,36.7,,,38.4,C - Weak,2/4,1
MSME110418,,56.8,,,56.8,B - Moderate,1/4,0
MSME110419,85.4,88.5,,,86.7,A - Strong,2/4,0
MSME110420,,29.4,21.5,,25.1,D - High Risk,2/4,0
MSME110421,26.5,36.5,,,30.7,D - High Risk,2/4,0
MSME110422,,50.0,,,50.0,C - Weak,1/4,0
MSME110423,77.2,83.7,,,79.9,A - Strong,2/4,0
MSME110424,,59.9,44.9,,51.7,C - Weak,2/4,0
MSME110425,,43.5,,34.4,40.9,C - Weak,2/4,0
MSME110426,22.9,22.5,38.3,,27.9,D - High Risk,3/4,0
MSME110427,23.6,38.4,,25.5,29.2,D - High Risk,3/4,0
MSME110428,88.1,93.0,,,90.1,A - Strong,2/4,0
MSME110429,,32.1,,,32.1,D - High Risk,1/4,1
MSME110430,82.3,93.3,,,86.9,A - Strong,2/4,0
MSME110431,90.3,90.6,,,90.4,A - Strong,2/4,0
MSME110432,61.5,51.8,71.1,,62.0,B - Moderate,3/4,0
MSME110433,80.5,83.9,,,81.9,A - Strong,2/4,0
MSME110434,,54.8,,20.7,45.1,C - Weak,2/4,0
MSME110435,,63.4,,,63.4,B - Moderate,1/4,0
MSME110436,46.3,56.8,,,50.7,C - Weak,2/4,0
MSME110437,71.8,72.6,62.6,62.5,68.3,B - Moderate,4/4,0
MSME110438,41.6,42.4,44.6,,42.8,C - Weak,3/4,0
MSME110439,,45.3,51.2,,48.5,C - Weak,2/4,0
MSME110440,,25.8,23.4,,24.5,D - High Risk,2/4,0
MSME110441,,31.3,,,31.3,D - High Risk,1/4,0
MSME110442,,,79.4,79.2,79.3,A - Strong,2/4,0
MSME110443,78.4,89.5,80.1,,82.1,A - Strong,3/4,0
MSME110444,47.8,56.3,,,51.3,C - Weak,2/4,0
MSME110445,38.5,33.7,25.1,,32.7,D - High Risk,3/4,0
MSME110446,84.5,85.5,,,84.9,A - Strong,2/4,0
MSME110447,28.4,37.8,,,32.3,D - High Risk,2/4,0
MSME110448,,28.3,,,28.3,D - High Risk,1/4,0
MSME110449,60.3,47.1,,,54.8,C - Weak,2/4,0
MSME110450,,41.1,,,41.1,C - Weak,1/4,0
MSME110451,,34.9,,47.4,38.5,C - Weak,2/4,0
MSME110452,,,70.9,87.0,74.9,B - Moderate,2/4,0
MSME110453,52.5,70.2,,,59.9,B - Moderate,2/4,0
MSME110454,,47.4,,,47.4,C - Weak,1/4,0
MSME110455,55.1,,,,55.1,B - Moderate,1/4,0
MSME110456,66.1,50.1,,,59.4,B - Moderate,2/4,0
MSME110457,,55.3,,,55.3,B - Moderate,1/4,0
MSME110458,,78.7,76.1,,77.3,A - Strong,2/4,0
MSME110459,,60.1,55.4,,57.5,B - Moderate,2/4,0
MSME110460,84.4,89.8,84.5,91.8,86.5,A - Strong,4/4,0
MSME110461,68.2,,,,68.2,B - Moderate,1/4,0
MSME110462,74.7,83.5,,,78.4,A - Strong,2/4,0
MSME110463,87.1,90.1,83.8,,86.8,A - Strong,3/4,0
MSME110464,,71.4,68.2,,69.7,B - Moderate,2/4,0
MSME110465,57.5,,61.9,,59.5,B - Moderate,2/4,0
MSME110466,52.1,48.2,63.7,,54.9,C - Weak,3/4,0
MSME110467,47.8,29.6,45.8,,42.1,C - Weak,3/4,0
MSME110468,,50.0,52.3,,51.3,C - Weak,2/4,0
MSME110469,55.4,54.2,55.6,,55.1,B - Moderate,3/4,0
MSME110470,61.8,66.5,,,63.8,B - Moderate,2/4,1
MSME110471,73.8,86.0,,,78.9,A - Strong,2/4,0
MSME110472,66.9,86.0,62.0,,70.6,B - Moderate,3/4,0
MSME110473,,70.3,,57.1,66.5,B - Moderate,2/4,0
MSME110474,86.4,91.6,,,88.6,A - Strong,2/4,0
MSME110475,65.7,71.9,,,68.3,B - Moderate,2/4,0
MSME110476,,,,,,Unscoreable,0/4,0
MSME110477,59.2,,,,59.2,B - Moderate,1/4,0
MSME110478,59.5,70.6,,,64.1,B - Moderate,2/4,0
MSME110479,70.9,,,,70.9,B - Moderate,1/4,0
MSME110480,86.6,,,,86.6,A - Strong,1/4,0
MSME110481,61.3,49.2,49.4,,54.0,C - Weak,3/4,0
MSME110482,,,57.9,,57.9,B - Moderate,1/4,0
MSME110483,,78.5,78.2,93.3,80.6,A - Strong,3/4,0
MSME110484,,58.5,40.0,,48.4,C - Weak,2/4,0
MSME110485,44.1,64.4,,,52.6,C - Weak,2/4,1
MSME110486,,28.5,,,28.5,D - High Risk,1/4,1
MSME110487,,61.8,61.7,,61.7,B - Moderate,2/4,0
MSME110488,86.3,91.3,,70.8,85.9,A - Strong,3/4,0
MSME110489,,,55.8,,55.8,B - Moderate,1/4,0
MSME110490,79.4,90.3,,,83.9,A - Strong,2/4,0
MSME110491,,36.8,58.4,39.1,47.1,C - Weak,3/4,0
MSME110492,40.7,,,36.7,39.8,C - Weak,2/4,1
MSME110493,,25.0,,,25.0,D - High Risk,1/4,0
MSME110494,66.7,,,,66.7,B - Moderate,1/4,0
MSME110495,58.3,,63.3,71.1,62.0,B - Moderate,3/4,0
MSME110496,,,,,,Unscoreable,0/4,1
MSME110497,37.5,66.0,,38.7,47.9,C - Weak,3/4,0
MSME110498,50.4,65.4,67.4,,60.2,B - Moderate,3/4,0
MSME110499,79.7,,84.9,,82.1,A - Strong,2/4,0
MSME110500,,36.9,,,36.9,C - Weak,1/4,0
MSME110501,,36.6,,,36.6,C - Weak,1/4,1
MSME110502,,74.0,76.4,,75.3,A - Strong,2/4,0
MSME110503,,60.9,,,60.9,B - Moderate,1/4,0
MSME110504,85.5,,,,85.5,A - Strong,1/4,0
MSME110505,81.1,84.0,87.8,,84.1,A - Strong,3/4,0
MSME110506,81.7,73.3,,83.6,79.0,A - Strong,3/4,0
MSME110507,,,,,,Unscoreable,0/4,1
MSME110508,70.6,74.0,,,72.0,B - Moderate,2/4,0
MSME110509,50.7,,59.4,,54.7,C - Weak,2/4,0
MSME110510,88.1,92.5,84.8,,88.2,A - Strong,3/4,0
MSME110511,86.0,75.8,76.9,77.1,79.8,A - Strong,4/4,0
MSME110512,,32.3,34.1,,33.3,D - High Risk,2/4,0
MSME110513,80.4,84.6,,79.7,81.8,A - Strong,3/4,0
MSME110514,,,,,,Unscoreable,0/4,0
MSME110515,80.3,87.3,69.3,,78.6,A - Strong,3/4,0
MSME110516,,50.1,,,50.1,C - Weak,1/4,0
MSME110517,89.0,89.9,81.3,88.9,86.9,A - Strong,4/4,0
MSME110518,,61.3,,,61.3,B - Moderate,1/4,0
MSME110519,78.8,,,85.4,80.3,A - Strong,2/4,0
MSME110520,67.0,66.7,76.9,,70.2,B - Moderate,3/4,0
MSME110521,74.2,77.8,78.3,82.2,77.1,A - Strong,4/4,0
MSME110522,80.5,84.6,64.2,,76.2,A - Strong,3/4,0
MSME110523,78.8,92.1,,,84.3,A - Strong,2/4,0
MSME110524,22.0,26.7,,,24.0,D - High Risk,2/4,0
MSME110525,25.4,26.5,51.2,,34.3,D - High Risk,3/4,0
MSME110526,,67.4,,,67.4,B - Moderate,1/4,0
MSME110527,,,,46.5,46.5,C - Weak,1/4,0
MSME110528,,51.4,28.1,,38.7,C - Weak,2/4,1
MSME110529,,44.9,,,44.9,C - Weak,1/4,0
MSME110530,42.6,,34.2,35.8,38.3,C - Weak,3/4,1
MSME110531,77.4,81.1,,,78.9,A - Strong,2/4,0
MSME110532,,73.7,,,73.7,B - Moderate,1/4,0
MSME110533,36.4,,53.8,,44.4,C - Weak,2/4,0
MSME110534,,84.7,89.0,,87.0,A - Strong,2/4,0
MSME110535,,73.5,,,73.5,B - Moderate,1/4,0
MSME110536,75.2,87.2,,,80.2,A - Strong,2/4,0
MSME110537,,84.8,71.0,,77.3,A - Strong,2/4,0
MSME110538,,53.4,82.2,,69.1,B - Moderate,2/4,0
MSME110539,90.3,92.5,90.6,,91.0,A - Strong,3/4,0
MSME110540,,,,,,Unscoreable,0/4,1
MSME110541,40.1,56.7,69.3,,54.4,C - Weak,3/4,0
MSME110542,,64.7,,,64.7,B - Moderate,1/4,0
MSME110543,,76.5,,,76.5,A - Strong,1/4,0
MSME110544,86.9,91.8,,,88.9,A - Strong,2/4,0
MSME110545,69.4,83.2,,81.5,76.1,A - Strong,3/4,0
MSME110546,,59.7,,,59.7,B - Moderate,1/4,0
MSME110547,44.6,59.9,,,51.0,C - Weak,2/4,0
MSME110548,23.7,33.1,17.0,,24.1,D - High Risk,3/4,1
MSME110549,,67.5,,,67.5,B - Moderate,1/4,0
MSME110550,85.0,75.6,73.5,74.7,78.2,A - Strong,4/4,0
MSME110551,67.5,55.0,68.1,,64.2,B - Moderate,3/4,0
MSME110552,75.9,65.6,70.0,63.5,70.3,B - Moderate,4/4,1
MSME110553,66.7,73.4,,,69.5,B - Moderate,2/4,0
MSME110554,54.4,,,50.2,53.5,C - Weak,2/4,0
MSME110555,74.5,89.9,71.8,73.6,77.5,A - Strong,4/4,0
MSME110556,86.2,87.4,90.2,,87.9,A - Strong,3/4,0
MSME110557,,57.5,,43.5,53.5,C - Weak,2/4,0
MSME110558,26.6,29.5,,,27.8,D - High Risk,2/4,0
MSME110559,24.4,39.5,,47.6,33.1,D - High Risk,3/4,0
MSME110560,,42.1,,,42.1,C - Weak,1/4,0
MSME110561,37.6,46.2,,,41.2,C - Weak,2/4,1
MSME110562,72.5,,72.2,,72.4,B - Moderate,2/4,0
MSME110563,,27.3,,,27.3,D - High Risk,1/4,0
MSME110564,,68.8,82.8,,76.4,A - Strong,2/4,0
MSME110565,,,,,,Unscoreable,0/4,0
MSME110566,,86.4,80.9,,83.4,A - Strong,2/4,0
MSME110567,37.7,57.7,56.7,,49.6,C - Weak,3/4,1
MSME110568,,57.9,,,57.9,B - Moderate,1/4,0
MSME110569,,65.9,71.6,,69.0,B - Moderate,2/4,0
MSME110570,18.9,30.9,,,23.9,D - High Risk,2/4,0
MSME110571,,30.7,,,30.7,D - High Risk,1/4,0
MSME110572,39.6,38.0,33.6,,37.2,C - Weak,3/4,0
MSME110573,45.2,52.9,,,48.4,C - Weak,2/4,0
MSME110574,44.3,50.8,,29.6,44.5,C - Weak,3/4,0
MSME110575,72.3,,72.1,,72.2,B - Moderate,2/4,0
MSME110576,,27.1,23.0,26.3,25.1,D - High Risk,3/4,0
MSME110577,,25.1,,,25.1,D - High Risk,1/4,0
MSME110578,57.3,52.4,,40.7,53.2,C - Weak,3/4,0
MSME110579,69.6,71.0,,,70.2,B - Moderate,2/4,0
MSME110580,42.4,,,,42.4,C - Weak,1/4,0
MSME110581,63.3,65.0,,,64.0,B - Moderate,2/4,0
MSME110582,,28.0,,,28.0,D - High Risk,1/4,1
MSME110583,,40.9,,,40.9,C - Weak,1/4,1
MSME110584,,34.5,,,34.5,D - High Risk,1/4,1
MSME110585,82.0,84.3,,93.1,84.4,A - Strong,3/4,0
MSME110586,77.0,78.9,55.4,,70.3,B - Moderate,3/4,0
MSME110587,,69.7,64.0,73.2,67.6,B - Moderate,3/4,0
MSME110588,88.7,92.1,77.5,,85.9,A - Strong,3/4,0
MSME110589,55.6,53.6,,,54.8,C - Weak,2/4,0
MSME110590,,44.0,,,44.0,C - Weak,1/4,0
MSME110591,,74.2,74.0,,74.1,B - Moderate,2/4,0
MSME110592,,68.8,74.5,,71.9,B - Moderate,2/4,0
MSME110593,48.7,58.3,,,52.7,C - Weak,2/4,0
MSME110594,,37.6,,,37.6,C - Weak,1/4,0
MSME110595,,46.8,36.6,,41.2,C - Weak,2/4,0
MSME110596,,79.5,,,79.5,A - Strong,1/4,1
MSME110597,77.3,77.0,86.7,,80.4,A - Strong,3/4,0
MSME110598,91.7,94.3,,92.5,92.7,A - Strong,3/4,0
MSME110599,,80.0,73.6,90.2,78.6,A - Strong,3/4,0
MSME110600,,,30.5,49.5,35.2,C - Weak,2/4,1
MSME110601,36.0,,49.7,,42.3,C - Weak,2/4,1
MSME110602,51.2,,,29.8,46.4,C - Weak,2/4,0
MSME110603,56.7,66.3,65.7,,62.4,B - Moderate,3/4,0
MSME110604,,63.8,,,63.8,B - Moderate,1/4,1
MSME110605,15.0,20.2,,,17.2,D - High Risk,2/4,0
MSME110606,42.7,,38.8,,40.9,C - Weak,2/4,1
MSME110607,86.6,,,85.7,86.4,A - Strong,2/4,0
MSME110608,59.1,,62.9,73.4,62.5,B - Moderate,3/4,0
MSME110609,36.2,41.5,,44.1,39.2,C - Weak,3/4,0
MSME110610,41.3,43.0,,39.9,41.7,C - Weak,3/4,1
MSME110611,,62.9,,,62.9,B - Moderate,1/4,0
MSME110612,,,53.9,44.9,51.6,C - Weak,2/4,1
MSME110613,,63.6,43.4,,52.6,C - Weak,2/4,0
MSME110614,57.1,49.6,,,54.0,C - Weak,2/4,0
MSME110615,,38.3,,,38.3,C - Weak,1/4,0
MSME110616,66.1,62.6,83.2,84.6,72.2,B - Moderate,4/4,0
MSME110617,55.1,,52.9,39.7,52.2,C - Weak,3/4,0
MSME110618,85.8,,,90.9,86.9,A - Strong,2/4,0
MSME110619,,,84.0,,84.0,A - Strong,1/4,0
MSME110620,,33.8,,,33.8,D - High Risk,1/4,0
MSME110621,,89.7,85.1,,87.2,A - Strong,2/4,0
MSME110622,33.7,35.8,17.8,25.2,28.6,D - High Risk,4/4,0
MSME110623,,46.2,36.6,,41.0,C - Weak,2/4,0
MSME110624,,67.3,76.0,,72.0,B - Moderate,2/4,0
MSME110625,,,39.2,,39.2,C - Weak,1/4,0
MSME110626,63.6,59.4,53.0,,58.9,B - Moderate,3/4,0
MSME110627,83.7,86.7,77.9,,82.6,A - Strong,3/4,0
MSME110628,37.8,,,51.3,40.8,C - Weak,2/4,0
MSME110629,,35.5,,,35.5,C - Weak,1/4,1
MSME110630,,39.7,,,39.7,C - Weak,1/4,0
MSME110631,69.5,57.1,85.4,,71.4,B - Moderate,3/4,0
MSME110632,,70.1,71.8,80.9,72.5,B - Moderate,3/4,0
MSME110633,,,45.8,41.0,44.6,C - Weak,2/4,0
MSME110634,70.0,,76.1,89.6,75.1,A - Strong,3/4,0
MSME110635,69.9,50.6,65.6,,63.1,B - Moderate,3/4,0
MSME110636,68.6,68.7,68.8,65.4,68.4,B - Moderate,4/4,0
MSME110637,,30.8,,35.4,32.1,D - High Risk,2/4,0
MSME110638,27.9,36.7,,,31.6,D - High Risk,2/4,0
MSME110639,,41.0,,,41.0,C - Weak,1/4,0
MSME110640,78.2,93.2,74.0,,81.0,A - Strong,3/4,0
MSME110641,56.5,,65.1,59.6,60.4,B - Moderate,3/4,0
MSME110642,,,,,,Unscoreable,0/4,0
MSME110643,43.5,30.4,,52.2,40.1,C - Weak,3/4,0
MSME110644,,,,,,Unscoreable,0/4,0
MSME110645,,57.7,,,57.7,B - Moderate,1/4,0
MSME110646,39.6,53.4,41.1,,43.9,C - Weak,3/4,0
MSME110647,60.3,,,,60.3,B - Moderate,1/4,0
MSME110648,,48.8,,51.6,49.6,C - Weak,2/4,0
MSME110649,33.8,35.0,37.7,,35.4,C - Weak,3/4,0
MSME110650,43.4,48.4,68.7,,53.2,C - Weak,3/4,0
MSME110651,,82.7,88.8,,86.0,A - Strong,2/4,0
MSME110652,65.2,,,70.6,66.4,B - Moderate,2/4,0
MSME110653,67.5,68.7,,,68.0,B - Moderate,2/4,0
MSME110654,68.9,70.3,54.8,,64.6,B - Moderate,3/4,0
MSME110655,61.1,80.2,,,69.1,B - Moderate,2/4,0
MSME110656,52.9,83.8,,,65.8,B - Moderate,2/4,0
MSME110657,81.8,91.1,89.3,,86.9,A - Strong,3/4,0
MSME110658,73.7,,80.1,,76.7,A - Strong,2/4,0
MSME110659,47.3,62.6,52.6,,53.3,C - Weak,3/4,1
MSME110660,59.7,67.3,69.3,,65.0,B - Moderate,3/4,0
MSME110661,78.7,,87.0,87.4,83.2,A - Strong,3/4,0
MSME110662,50.9,65.0,,,56.8,B - Moderate,2/4,0
MSME110663,82.1,85.7,88.2,,85.1,A - Strong,3/4,0
MSME110664,,49.9,,,49.9,C - Weak,1/4,0
MSME110665,44.5,,,,44.5,C - Weak,1/4,0
MSME110666,,36.6,56.0,,47.2,C - Weak,2/4,0
MSME110667,,22.1,,,22.1,D - High Risk,1/4,0
MSME110668,51.2,57.1,,,53.7,C - Weak,2/4,0
MSME110669,64.2,48.9,61.0,,58.9,B - Moderate,3/4,0
MSME110670,,68.4,,,68.4,B - Moderate,1/4,0
MSME110671,57.6,,31.1,35.8,44.1,C - Weak,3/4,0
MSME110672,54.9,72.6,73.0,,65.9,B - Moderate,3/4,0
MSME110673,51.4,60.7,41.9,58.5,51.6,C - Weak,4/4,0
MSME110674,58.9,76.7,58.7,58.6,63.3,B - Moderate,4/4,0
MSME110675,86.5,92.9,,,89.2,A - Strong,2/4,0
MSME110676,,59.6,,,59.6,B - Moderate,1/4,0
MSME110677,86.3,,91.6,,88.7,A - Strong,2/4,0
MSME110678,40.4,45.3,68.4,,51.1,C - Weak,3/4,0
MSME110679,50.1,38.5,33.3,40.1,41.2,C - Weak,4/4,0
MSME110680,76.3,84.9,83.8,,81.2,A - Strong,3/4,0
MSME110681,,47.8,68.7,48.4,57.5,B - Moderate,3/4,0
MSME110682,62.9,,,,62.9,B - Moderate,1/4,0
MSME110683,65.0,,,,65.0,B - Moderate,1/4,0
MSME110684,,,67.8,,67.8,B - Moderate,1/4,0
MSME110685,,46.1,,58.8,49.7,C - Weak,2/4,0
MSME110686,89.0,83.6,82.3,75.7,84.3,A - Strong,4/4,0
MSME110687,61.6,,77.0,75.4,69.6,B - Moderate,3/4,0
MSME110688,,62.9,77.2,,70.7,B - Moderate,2/4,0
MSME110689,,,57.0,73.2,61.0,B - Moderate,2/4,0
MSME110690,71.8,,82.1,83.5,77.5,A - Strong,3/4,0
MSME110691,,69.9,,,69.9,B - Moderate,1/4,0
MSME110692,70.2,78.8,,,73.8,B - Moderate,2/4,0
MSME110693,68.9,70.5,,,69.6,B - Moderate,2/4,0
MSME110694,41.0,42.4,,46.3,42.3,C - Weak,3/4,0
MSME110695,49.5,54.1,,,51.4,C - Weak,2/4,0
MSME110696,,30.6,,,30.6,D - High Risk,1/4,1
MSME110697,85.6,88.7,72.1,,82.0,A - Strong,3/4,0
MSME110698,,,22.0,,22.0,D - High Risk,1/4,0
MSME110699,71.2,65.0,56.6,,64.6,B - Moderate,3/4,0
MSME110700,47.8,49.3,32.1,,43.0,C - Weak,3/4,1
MSME110701,80.4,89.3,88.3,,85.5,A - Strong,3/4,0
MSME110702,72.8,68.4,,,71.0,B - Moderate,2/4,0
MSME110703,55.6,66.6,58.8,,59.7,B - Moderate,3/4,0
MSME110704,,35.2,,,35.2,C - Weak,1/4,0
MSME110705,71.7,65.5,69.4,,69.2,B - Moderate,3/4,0
MSME110706,47.5,58.6,67.7,54.8,57.1,B - Moderate,4/4,0
MSME110707,80.4,90.5,,,84.6,A - Strong,2/4,0
MSME110708,,,,,,Unscoreable,0/4,0
MSME110709,72.1,,,77.0,73.2,B - Moderate,2/4,0
MSME110710,,,,,,Unscoreable,0/4,0
MSME110711,55.8,76.8,64.9,,64.7,B - Moderate,3/4,0
MSME110712,,62.5,56.9,,59.4,B - Moderate,2/4,0
MSME110713,,36.1,33.3,,34.6,D - High Risk,2/4,0
MSME110714,46.7,47.5,,,47.0,C - Weak,2/4,1
MSME110715,73.1,69.6,60.8,,68.0,B - Moderate,3/4,0
MSME110716,,36.9,,,36.9,C - Weak,1/4,0
MSME110717,47.9,63.2,,,54.3,C - Weak,2/4,0
MSME110718,,30.6,,,30.6,D - High Risk,1/4,1
MSME110719,,59.6,,,59.6,B - Moderate,1/4,0
MSME110720,,29.4,,,29.4,D - High Risk,1/4,0
MSME110721,,57.6,,,57.6,B - Moderate,1/4,0
MSME110722,24.7,38.2,,19.4,28.8,D - High Risk,3/4,0
MSME110723,21.0,18.2,,17.2,19.5,D - High Risk,3/4,0
MSME110724,90.0,92.8,82.8,93.2,88.9,A - Strong,4/4,0
MSME110725,,78.5,,66.3,75.0,A - Strong,2/4,0
MSME110726,90.1,92.0,,81.0,89.5,A - Strong,3/4,0
MSME110727,,52.4,,,52.4,C - Weak,1/4,0
MSME110728,60.5,,,,60.5,B - Moderate,1/4,0
MSME110729,55.3,71.4,,43.2,59.3,B - Moderate,3/4,1
MSME110730,55.0,55.1,,,55.0,B - Moderate,2/4,0
MSME110731,47.1,60.7,48.3,,51.3,C - Weak,3/4,0
MSME110732,64.7,,61.5,,63.2,B - Moderate,2/4,0
MSME110733,87.9,92.4,81.3,88.4,87.1,A - Strong,4/4,0
MSME110734,,55.9,,55.1,55.7,B - Moderate,2/4,0
MSME110735,75.3,,,,75.3,A - Strong,1/4,0
MSME110736,,,,,,Unscoreable,0/4,0
MSME110737,,54.4,46.2,,49.9,C - Weak,2/4,0
MSME110738,,,82.3,,82.3,A - Strong,1/4,0
MSME110739,75.8,91.0,67.6,,77.3,A - Strong,3/4,1
MSME110740,81.0,,89.5,,84.9,A - Strong,2/4,0
MSME110741,52.9,41.1,,52.7,48.7,C - Weak,3/4,0
MSME110742,,,28.4,,28.4,D - High Risk,1/4,0
MSME110743,70.9,78.2,63.6,64.2,69.9,B - Moderate,4/4,0
MSME110744,39.9,35.0,36.5,,37.4,C - Weak,3/4,0
MSME110745,71.6,72.5,47.6,,63.8,B - Moderate,3/4,0
MSME110746,83.6,87.9,87.9,,86.2,A - Strong,3/4,0
MSME110747,49.3,,,,49.3,C - Weak,1/4,0
MSME110748,77.7,64.0,,,72.0,B - Moderate,2/4,0
MSME110749,88.6,92.1,82.6,87.1,87.5,A - Strong,4/4,0
MSME110750,44.1,64.4,43.5,,49.5,C - Weak,3/4,0
MSME110751,70.8,58.7,,,65.8,B - Moderate,2/4,0
MSME110752,78.5,,87.0,,82.4,A - Strong,2/4,0
MSME110753,59.8,57.2,,,58.7,B - Moderate,2/4,0
MSME110754,62.3,,76.6,,68.9,B - Moderate,2/4,0
MSME110755,,86.6,91.1,,89.1,A - Strong,2/4,0
MSME110756,72.0,72.0,76.8,67.2,73.0,B - Moderate,4/4,0
MSME110757,,56.0,80.6,,69.4,B - Moderate,2/4,0
MSME110758,75.8,,90.4,,82.5,A - Strong,2/4,0
MSME110759,53.8,29.8,43.0,,43.5,C - Weak,3/4,0
MSME110760,,58.9,,83.3,65.9,B - Moderate,2/4,0
MSME110761,24.8,52.3,23.0,,31.8,D - High Risk,3/4,1
MSME110762,47.7,54.9,,,50.7,C - Weak,2/4,0
MSME110763,36.3,,,,36.3,C - Weak,1/4,0
MSME110764,74.2,,59.0,51.6,65.1,B - Moderate,3/4,1
MSME110765,,23.2,20.1,41.3,24.6,D - High Risk,3/4,0
MSME110766,,32.9,,,32.9,D - High Risk,1/4,0
MSME110767,33.5,,,,33.5,D - High Risk,1/4,0
MSME110768,45.4,,,37.9,43.7,C - Weak,2/4,0
MSME110769,56.7,83.1,74.0,,69.8,B - Moderate,3/4,0
MSME110770,,,,,,Unscoreable,0/4,0
MSME110771,43.0,66.2,,,52.7,C - Weak,2/4,0
MSME110772,,33.1,,,33.1,D - High Risk,1/4,0
MSME110773,17.2,25.2,,,20.5,D - High Risk,2/4,0
MSME110774,62.2,64.4,57.8,66.3,61.8,B - Moderate,4/4,0
MSME110775,58.0,61.4,,,59.4,B - Moderate,2/4,0
MSME110776,73.7,88.3,72.4,,77.3,A - Strong,3/4,0
MSME110777,37.4,60.3,,,46.9,C - Weak,2/4,0
MSME110778,88.6,93.2,83.4,77.5,87.1,A - Strong,4/4,0
MSME110779,,38.5,,,38.5,C - Weak,1/4,0
MSME110780,,81.7,,,81.7,A - Strong,1/4,0
MSME110781,74.5,82.1,,66.5,76.1,A - Strong,3/4,0
MSME110782,,56.6,,,56.6,B - Moderate,1/4,0
MSME110783,30.9,,,,30.9,D - High Risk,1/4,0
MSME110784,55.7,57.1,68.1,76.0,61.8,B - Moderate,4/4,0
MSME110785,40.8,,51.4,,45.7,C - Weak,2/4,0
MSME110786,88.0,92.9,,88.5,89.8,A - Strong,3/4,0
MSME110787,84.1,93.2,83.5,,86.4,A - Strong,3/4,0
MSME110788,,,,,,Unscoreable,0/4,0
MSME110789,,,,,,Unscoreable,0/4,1
MSME110790,88.6,,89.3,93.2,89.5,A - Strong,3/4,0
MSME110791,,58.2,,,58.2,B - Moderate,1/4,0
MSME110792,73.2,73.0,,,73.1,B - Moderate,2/4,0
MSME110793,,,57.0,56.6,56.9,B - Moderate,2/4,0
MSME110794,33.5,34.4,,,33.9,D - High Risk,2/4,0
MSME110795,,26.8,28.3,,27.6,D - High Risk,2/4,0
MSME110796,24.3,33.6,,,28.2,D - High Risk,2/4,1
MSME110797,58.8,72.5,67.9,46.5,63.7,B - Moderate,4/4,0
MSME110798,,,,61.6,61.6,B - Moderate,1/4,0
MSME110799,91.5,88.3,85.9,,88.7,A - Strong,3/4,0
MSME110800,,52.2,,,52.2,C - Weak,1/4,0
MSME110801,48.2,,57.2,,52.4,C - Weak,2/4,0
MSME110802,38.9,43.5,,,40.8,C - Weak,2/4,1
MSME110803,,55.5,,,55.5,B - Moderate,1/4,0
MSME110804,75.1,77.3,,,76.0,A - Strong,2/4,0
MSME110805,50.2,62.7,38.2,28.8,47.6,C - Weak,4/4,0
MSME110806,75.3,73.3,,,74.5,B - Moderate,2/4,0
MSME110807,88.2,80.3,,,84.9,A - Strong,2/4,0
MSME110808,,,,,,Unscoreable,0/4,0
MSME110809,66.8,,,,66.8,B - Moderate,1/4,0
MSME110810,64.4,66.0,,,65.1,B - Moderate,2/4,0
MSME110811,,49.7,67.8,61.6,59.9,B - Moderate,3/4,0
MSME110812,,43.9,54.7,,49.8,C - Weak,2/4,0
MSME110813,82.5,,67.1,73.3,75.1,A - Strong,3/4,0
MSME110814,,40.5,,,40.5,C - Weak,1/4,0
MSME110815,,76.0,,,76.0,A - Strong,1/4,0
MSME110816,,65.4,,,65.4,B - Moderate,1/4,1
MSME110817,69.5,,,79.7,71.8,B - Moderate,2/4,0
MSME110818,,62.9,34.2,,47.2,C - Weak,2/4,0
MSME110819,,66.9,,86.1,72.4,B - Moderate,2/4,0
MSME110820,,64.4,,60.9,63.4,B - Moderate,2/4,0
MSME110821,35.4,31.6,,,33.8,D - High Risk,2/4,1
MSME110822,,56.3,,,56.3,B - Moderate,1/4,1
MSME110823,65.4,74.4,74.5,,70.9,B - Moderate,3/4,0
MSME110824,,85.2,75.8,,80.1,A - Strong,2/4,0
MSME110825,56.8,65.4,,56.1,59.8,B - Moderate,3/4,1
MSME110826,90.5,90.5,87.7,,89.6,A - Strong,3/4,0
MSME110827,83.7,80.9,,,82.5,A - Strong,2/4,0
MSME110828,,84.6,81.1,,82.7,A - Strong,2/4,0
MSME110829,35.1,34.0,38.8,,36.0,C - Weak,3/4,0
MSME110830,62.0,80.6,,,69.8,B - Moderate,2/4,0
MSME110831,68.9,71.5,67.3,,69.1,B - Moderate,3/4,0
MSME110832,,31.3,,,31.3,D - High Risk,1/4,0
MSME110833,85.1,93.1,83.3,,86.7,A - Strong,3/4,0
MSME110834,42.7,55.6,,,48.1,C - Weak,2/4,0
MSME110835,,81.0,55.9,,67.3,B - Moderate,2/4,0
MSME110836,43.9,66.7,,,53.4,C - Weak,2/4,0
MSME110837,88.0,,93.0,,90.3,A - Strong,2/4,0
MSME110838,,38.6,48.2,,43.8,C - Weak,2/4,0
MSME110839,,,66.4,72.6,68.0,B - Moderate,2/4,0
MSME110840,,56.0,57.0,,56.5,B - Moderate,2/4,0
MSME110841,41.7,,60.8,,50.5,C - Weak,2/4,0
MSME110842,,58.6,37.6,52.0,47.9,C - Weak,3/4,0
MSME110843,84.7,,86.6,,85.6,A - Strong,2/4,0
MSME110844,,29.0,20.5,,24.4,D - High Risk,2/4,1
MSME110845,81.3,,69.1,77.0,75.8,A - Strong,3/4,0
MSME110846,45.2,55.8,,,49.6,C - Weak,2/4,0
MSME110847,39.6,43.9,,,41.4,C - Weak,2/4,0
MSME110848,29.7,32.5,,19.7,29.3,D - High Risk,3/4,0
MSME110849,,84.1,67.7,,75.2,A - Strong,2/4,0
MSME110850,62.5,69.6,,70.0,66.1,B - Moderate,3/4,1
MSME110851,68.8,58.7,,,64.6,B - Moderate,2/4,0
MSME110852,37.0,27.0,,,32.8,D - High Risk,2/4,0
MSME110853,69.2,77.8,56.2,,67.3,B - Moderate,3/4,0
MSME110854,70.6,80.1,73.7,65.9,73.4,B - Moderate,4/4,0
MSME110855,,68.0,62.8,,65.2,B - Moderate,2/4,0
MSME110856,,29.8,,,29.8,D - High Risk,1/4,0
MSME110857,38.5,53.9,51.8,38.0,46.3,C - Weak,4/4,1
MSME110858,80.9,,75.4,76.7,78.1,A - Strong,3/4,0
MSME110859,44.0,51.8,52.5,44.6,48.6,C - Weak,4/4,1
MSME110860,42.3,57.1,48.9,,48.6,C - Weak,3/4,0
MSME110861,,80.7,83.7,,82.3,A - Strong,2/4,0
MSME110862,50.1,57.2,43.2,,49.8,C - Weak,3/4,0
MSME110863,,41.3,49.0,,45.5,C - Weak,2/4,0
MSME110864,43.0,69.6,,,54.1,C - Weak,2/4,0
MSME110865,60.4,,,,60.4,B - Moderate,1/4,0
MSME110866,,55.3,,,55.3,B - Moderate,1/4,1
MSME110867,57.5,43.9,,,51.8,C - Weak,2/4,0
MSME110868,57.9,,,,57.9,B - Moderate,1/4,0
MSME110869,70.7,,,,70.7,B - Moderate,1/4,0
MSME110870,,55.4,,,55.4,B - Moderate,1/4,0
MSME110871,,86.4,91.3,,89.1,A - Strong,2/4,0
MSME110872,85.3,,,,85.3,A - Strong,1/4,0
MSME110873,62.3,77.8,69.1,,68.9,B - Moderate,3/4,0
MSME110874,75.5,,87.6,79.5,80.9,A - Strong,3/4,0
MSME110875,45.5,62.9,,,52.8,C - Weak,2/4,0
MSME110876,,,,,,Unscoreable,0/4,0
MSME110877,38.6,36.3,,,37.6,C - Weak,2/4,0
MSME110878,81.4,87.9,77.6,,81.9,A - Strong,3/4,0
MSME110879,38.4,43.6,60.4,,47.2,C - Weak,3/4,0
MSME110880,29.9,30.6,,,30.2,D - High Risk,2/4,1
MSME110881,80.6,,91.3,,85.5,A - Strong,2/4,0
MSME110882,72.7,,79.8,,76.0,A - Strong,2/4,0
MSME110883,,50.5,,41.0,47.8,C - Weak,2/4,0
MSME110884,63.4,86.8,,,73.2,B - Moderate,2/4,0
MSME110885,69.2,84.7,,,75.7,A - Strong,2/4,0
MSME110886,,,,,,Unscoreable,0/4,0
MSME110887,48.7,72.9,50.1,,55.9,B - Moderate,3/4,0
MSME110888,83.6,94.3,87.5,85.4,87.6,A - Strong,4/4,0
MSME110889,,18.5,,,18.5,D - High Risk,1/4,1
MSME110890,,,,,,Unscoreable,0/4,0
MSME110891,39.1,43.6,,,41.0,C - Weak,2/4,0
MSME110892,86.2,,,,86.2,A - Strong,1/4,0
MSME110893,87.9,91.6,,,89.4,A - Strong,2/4,0
MSME110894,,46.2,59.6,58.1,54.2,C - Weak,3/4,0
MSME110895,90.5,88.4,88.2,86.6,88.9,A - Strong,4/4,0
MSME110896,41.3,46.4,,,43.4,C - Weak,2/4,1
MSME110897,,33.5,33.4,39.5,34.4,D - High Risk,3/4,0
MSME110898,59.0,58.9,75.3,,64.4,B - Moderate,3/4,0
MSME110899,,63.5,32.8,,46.8,C - Weak,2/4,0
MSME110900,80.3,78.7,,,79.6,A - Strong,2/4,0
MSME110901,84.1,85.8,75.3,,81.6,A - Strong,3/4,0
MSME110902,43.9,38.3,,,41.6,C - Weak,2/4,0
MSME110903,78.4,79.8,,,79.0,A - Strong,2/4,0
MSME110904,,23.8,18.7,,21.0,D - High Risk,2/4,1
MSME110905,78.2,90.9,,,83.5,A - Strong,2/4,0
MSME110906,,60.9,61.5,76.0,63.5,B - Moderate,3/4,0
MSME110907,55.5,49.2,48.3,,51.4,C - Weak,3/4,1
MSME110908,90.6,89.7,,,90.2,A - Strong,2/4,0
MSME110909,44.3,,,63.2,48.5,C - Weak,2/4,0
MSME110910,33.4,45.1,15.3,21.0,29.7,D - High Risk,4/4,1
MSME110911,42.3,43.3,,,42.7,C - Weak,2/4,0
MSME110912,,61.8,,,61.8,B - Moderate,1/4,0
MSME110913,,65.8,80.5,84.8,75.5,A - Strong,3/4,0
MSME110914,46.9,55.4,,,50.4,C - Weak,2/4,0
MSME110915,85.5,92.7,84.1,,87.0,A - Strong,3/4,0
MSME110916,22.7,24.6,,,23.5,D - High Risk,2/4,0
MSME110917,65.3,67.2,59.9,,64.0,B - Moderate,3/4,0
MSME110918,56.5,82.9,,50.4,65.1,B - Moderate,3/4,0
MSME110919,,64.4,,75.5,67.6,B - Moderate,2/4,0
MSME110920,22.6,35.3,,19.8,26.7,D - High Risk,3/4,0
MSME110921,69.7,,,84.7,73.0,B - Moderate,2/4,0
MSME110922,70.8,61.5,,84.0,69.4,B - Moderate,3/4,0
MSME110923,,46.9,,,46.9,C - Weak,1/4,0
MSME110924,,88.3,,,88.3,A - Strong,1/4,0
MSME110925,57.7,49.0,62.6,,56.9,B - Moderate,3/4,0
MSME110926,68.0,61.8,,,65.4,B - Moderate,2/4,0
MSME110927,66.8,84.2,72.8,70.9,73.4,B - Moderate,4/4,0
MSME110928,,46.5,41.9,,44.0,C - Weak,2/4,0
MSME110929,79.4,67.9,90.5,,79.9,A - Strong,3/4,0
MSME110930,30.2,38.1,46.6,,37.9,C - Weak,3/4,0
MSME110931,,,,,,Unscoreable,0/4,0
MSME110932,76.6,,61.7,,69.7,B - Moderate,2/4,0
MSME110933,83.4,73.6,,,79.3,A - Strong,2/4,0
MSME110934,,40.7,49.4,,45.4,C - Weak,2/4,0
MSME110935,,,,,,Unscoreable,0/4,1
MSME110936,,62.8,72.0,,67.8,B - Moderate,2/4,0
MSME110937,,44.2,,,44.2,C - Weak,1/4,0
MSME110938,28.6,37.6,,,32.4,D - High Risk,2/4,1
MSME110939,61.5,50.4,55.0,52.2,55.8,B - Moderate,4/4,0
MSME110940,41.2,56.0,44.1,57.9,47.4,C - Weak,4/4,0
MSME110941,25.4,44.4,,54.5,36.3,C - Weak,3/4,0
MSME110942,,20.6,,,20.6,D - High Risk,1/4,0
MSME110943,76.7,90.2,73.5,,79.4,A - Strong,3/4,0
MSME110944,,56.3,84.0,74.5,71.9,B - Moderate,3/4,0
MSME110945,88.7,,91.2,,89.9,A - Strong,2/4,0
MSME110946,73.0,,67.7,80.9,71.9,B - Moderate,3/4,0
MSME110947,82.1,67.9,73.7,83.6,76.2,A - Strong,4/4,0
MSME110948,42.5,64.4,,,51.6,C - Weak,2/4,0
MSME110949,66.3,66.1,67.1,,66.5,B - Moderate,3/4,0
MSME110950,71.9,,51.2,,62.3,B - Moderate,2/4,0
MSME110951,,82.2,,,82.2,A - Strong,1/4,0
MSME110952,62.8,56.0,,,60.0,B - Moderate,2/4,0
MSME110953,81.9,90.8,88.8,91.1,87.1,A - Strong,4/4,0
MSME110954,72.4,,,87.2,75.7,A - Strong,2/4,0
MSME110955,35.0,48.7,43.4,,41.6,C - Weak,3/4,1
MSME110956,82.6,85.3,72.0,77.2,79.6,A - Strong,4/4,0
MSME110957,35.7,25.5,28.1,,30.3,D - High Risk,3/4,0
MSME110958,,60.0,42.7,,50.6,C - Weak,2/4,0
MSME110959,83.4,87.2,81.0,90.2,84.3,A - Strong,4/4,0
MSME110960,77.3,88.5,67.0,,77.0,A - Strong,3/4,0
MSME110961,76.4,92.0,,59.7,79.6,A - Strong,3/4,0
MSME110962,83.8,89.1,81.3,76.6,83.7,A - Strong,4/4,0
MSME110963,,,42.5,,42.5,C - Weak,1/4,0
MSME110964,,54.7,69.2,,62.6,B - Moderate,2/4,0
MSME110965,70.2,70.6,64.4,,68.4,B - Moderate,3/4,0
MSME110966,77.1,86.8,80.9,,81.1,A - Strong,3/4,0
MSME110967,64.4,,,71.9,66.1,B - Moderate,2/4,0
MSME110968,,64.0,38.0,,49.8,C - Weak,2/4,0
MSME110969,60.6,66.4,59.3,66.5,62.2,B - Moderate,4/4,0
MSME110970,17.8,22.3,15.5,,18.3,D - High Risk,3/4,1
MSME110971,,,,,,Unscoreable,0/4,0
MSME110972,,,41.4,,41.4,C - Weak,1/4,1
MSME110973,39.4,,,,39.4,C - Weak,1/4,1
MSME110974,,38.6,44.2,,41.7,C - Weak,2/4,0
MSME110975,58.4,53.1,42.1,,51.5,C - Weak,3/4,0
MSME110976,,49.6,,,49.6,C - Weak,1/4,0
MSME110977,,32.5,,,32.5,D - High Risk,1/4,0
MSME110978,,,,,,Unscoreable,0/4,0
MSME110979,50.2,62.7,37.2,,49.3,C - Weak,3/4,0
MSME110980,,47.0,26.7,,35.9,C - Weak,2/4,0
MSME110981,,48.0,,,48.0,C - Weak,1/4,0
MSME110982,,23.7,,,23.7,D - High Risk,1/4,1
MSME110983,90.0,92.5,,,91.0,A - Strong,2/4,0
MSME110984,33.1,,22.0,,28.0,D - High Risk,2/4,1
MSME110985,,32.2,,,32.2,D - High Risk,1/4,0
MSME110986,,28.4,,20.5,26.1,D - High Risk,2/4,0
MSME110987,64.2,73.1,71.4,68.5,69.0,B - Moderate,4/4,0
MSME110988,,25.6,,,25.6,D - High Risk,1/4,1
MSME110989,89.8,84.7,91.2,92.9,89.3,A - Strong,4/4,0
MSME110990,42.4,46.3,,,44.0,C - Weak,2/4,0
MSME110991,51.6,59.9,,,55.1,B - Moderate,2/4,0
MSME110992,80.3,82.2,,,81.1,A - Strong,2/4,0
MSME110993,45.5,60.7,55.8,,53.2,C - Weak,3/4,0
MSME110994,73.0,,,62.2,70.6,B - Moderate,2/4,0
MSME110995,21.4,36.2,,,27.6,D - High Risk,2/4,1
MSME110996,85.3,84.7,72.0,,80.7,A - Strong,3/4,0
MSME110997,47.3,,,66.0,51.5,C - Weak,2/4,0
MSME110998,24.6,36.1,,18.4,27.8,D - High Risk,3/4,0
MSME110999,91.6,87.9,88.2,92.1,89.7,A - Strong,4/4,0
MSME111000,,,47.7,,47.7,C - Weak,1/4,1
MSME111001,,39.5,,,39.5,C - Weak,1/4,0
MSME111002,56.5,73.1,,33.9,59.2,B - Moderate,3/4,0
MSME111003,66.2,79.1,,70.4,71.4,B - Moderate,3/4,0
MSME111004,,,,40.2,40.2,C - Weak,1/4,0
MSME111005,,72.0,,,72.0,B - Moderate,1/4,0
MSME111006,,33.1,46.4,,40.4,C - Weak,2/4,0
MSME111007,57.3,75.9,51.9,,60.7,B - Moderate,3/4,0
MSME111008,,49.3,27.2,,37.2,C - Weak,2/4,0
MSME111009,86.7,86.3,70.2,,81.1,A - Strong,3/4,0
MSME111010,,57.8,,,57.8,B - Moderate,1/4,1
MSME111011,41.8,,,45.8,42.7,C - Weak,2/4,0
MSME111012,,,,,,Unscoreable,0/4,0
MSME111013,59.1,74.3,,,65.4,B - Moderate,2/4,0
MSME111014,,54.8,,,54.8,C - Weak,1/4,0
MSME111015,,79.5,67.8,,73.1,B - Moderate,2/4,1
MSME111016,42.2,54.8,,,47.5,C - Weak,2/4,0
MSME111017,,32.0,,,32.0,D - High Risk,1/4,0
MSME111018,,24.8,,,24.8,D - High Risk,1/4,0
MSME111019,70.1,76.4,83.8,,76.4,A - Strong,3/4,0
MSME111020,,20.0,15.7,,17.7,D - High Risk,2/4,1
MSME111021,84.0,92.4,86.0,84.6,86.8,A - Strong,4/4,0
MSME111022,,,,,,Unscoreable,0/4,0
MSME111023,71.1,,68.4,,69.9,B - Moderate,2/4,0
MSME111024,,62.6,63.2,,62.9,B - Moderate,2/4,0
MSME111025,79.0,,75.5,,77.4,A - Strong,2/4,0
MSME111026,46.4,56.7,69.7,,57.0,B - Moderate,3/4,0
MSME111027,68.2,56.0,36.8,41.2,53.0,C - Weak,4/4,0
MSME111028,,39.9,,,39.9,C - Weak,1/4,1
MSME111029,,79.6,80.4,85.9,80.9,A - Strong,3/4,0
MSME111030,,51.0,,58.9,53.3,C - Weak,2/4,1
MSME111031,,72.3,,,72.3,B - Moderate,1/4,0
MSME111032,,,75.8,,75.8,A - Strong,1/4,0
MSME111033,45.0,62.2,71.8,,58.7,B - Moderate,3/4,0
MSME111034,73.8,,77.3,,75.4,A - Strong,2/4,0
MSME111035,57.0,,,,57.0,B - Moderate,1/4,0
MSME111036,78.4,78.8,77.5,92.4,79.6,A - Strong,4/4,0
MSME111037,,,,,,Unscoreable,0/4,0
MSME111038,,42.4,28.3,,34.7,D - High Risk,2/4,0
MSME111039,65.5,61.6,,,63.9,B - Moderate,2/4,0
MSME111040,78.7,,,86.1,80.3,A - Strong,2/4,0
MSME111041,52.8,54.0,42.3,,49.6,C - Weak,3/4,1
MSME111042,69.4,67.2,,61.7,67.5,B - Moderate,3/4,0
MSME111043,25.1,33.5,,,28.6,D - High Risk,2/4,0
MSME111044,42.2,40.3,,,41.4,C - Weak,2/4,0
MSME111045,38.3,,26.3,,32.8,D - High Risk,2/4,1
MSME111046,61.0,,68.2,83.7,66.9,B - Moderate,3/4,0
MSME111047,83.7,79.8,87.5,,83.9,A - Strong,3/4,0
MSME111048,,85.0,,90.0,86.4,A - Strong,2/4,0
MSME111049,51.3,36.1,47.5,,45.8,C - Weak,3/4,1
MSME111050,,25.3,,,25.3,D - High Risk,1/4,0
MSME111051,58.7,89.9,,82.7,73.3,B - Moderate,3/4,0
MSME111052,,45.9,64.2,62.3,56.9,B - Moderate,3/4,0
MSME111053,34.6,27.0,,,31.4,D - High Risk,2/4,1
MSME111054,,54.9,44.8,,49.4,C - Weak,2/4,0
MSME111055,57.2,75.2,74.3,,67.9,B - Moderate,3/4,0
MSME111056,39.8,54.3,,,45.8,C - Weak,2/4,0
MSME111057,27.3,35.5,24.5,,28.6,D - High Risk,3/4,0
MSME111058,78.3,91.0,73.2,77.5,79.9,A - Strong,4/4,1
MSME111059,37.1,51.7,26.2,44.7,38.2,C - Weak,4/4,0
MSME111060,,50.7,,,50.7,C - Weak,1/4,0
MSME111061,22.5,34.3,,,27.4,D - High Risk,2/4,0
MSME111062,67.7,77.5,,,71.8,B - Moderate,2/4,0
MSME111063,63.3,74.2,,,67.8,B - Moderate,2/4,0
MSME111064,66.9,79.2,69.6,,71.2,B - Moderate,3/4,0
MSME111065,60.9,51.3,49.1,,54.3,C - Weak,3/4,0
MSME111066,,75.2,,86.6,78.5,A - Strong,2/4,0
MSME111067,62.1,54.2,74.7,,64.1,B - Moderate,3/4,0
MSME111068,,77.6,79.1,,78.4,A - Strong,2/4,0
MSME111069,53.4,48.2,65.0,,55.8,B - Moderate,3/4,0
MSME111070,84.7,,82.8,,83.8,A - Strong,2/4,0
MSME111071,60.0,75.5,,,66.5,B - Moderate,2/4,0
MSME111072,77.4,,90.6,91.7,84.6,A - Strong,3/4,0
MSME111073,70.8,74.6,,,72.4,B - Moderate,2/4,0
MSME111074,55.1,72.7,71.2,70.9,65.9,B - Moderate,4/4,0
MSME111075,72.1,83.9,69.0,,74.3,B - Moderate,3/4,0
MSME111076,,29.6,,,29.6,D - High Risk,1/4,0
MSME111077,81.4,74.5,,,78.5,A - Strong,2/4,0
MSME111078,,38.3,,,38.3,C - Weak,1/4,1
MSME111079,23.8,,,,23.8,D - High Risk,1/4,1
MSME111080,55.1,69.9,70.9,66.2,64.7,B - Moderate,4/4,0
MSME111081,,60.7,,,60.7,B - Moderate,1/4,0
MSME111082,,54.8,,,54.8,C - Weak,1/4,0
MSME111083,60.9,87.8,77.5,85.3,75.0,A - Strong,4/4,0
MSME111084,45.1,48.7,52.1,,48.4,C - Weak,3/4,1
MSME111085,87.2,,,91.8,88.2,A - Strong,2/4,0
MSME111086,69.0,83.8,63.2,,71.2,B - Moderate,3/4,0
MSME111087,,,68.6,,68.6,B - Moderate,1/4,0
MSME111088,,72.5,55.7,,63.3,B - Moderate,2/4,0
MSME111089,41.2,35.1,34.1,,37.1,C - Weak,3/4,0
MSME111090,34.5,38.6,,,36.2,C - Weak,2/4,0
MSME111091,,28.5,29.0,,28.8,D - High Risk,2/4,0
MSME111092,,64.1,67.8,,66.1,B - Moderate,2/4,0
MSME111093,40.7,55.7,59.1,,51.0,C - Weak,3/4,0
MSME111094,59.8,59.4,,,59.6,B - Moderate,2/4,0
MSME111095,27.0,49.1,45.7,,39.4,C - Weak,3/4,0
MSME111096,39.2,47.6,,,42.7,C - Weak,2/4,0
MSME111097,41.0,61.0,21.5,46.9,40.7,C - Weak,4/4,1
MSME111098,,20.5,,,20.5,D - High Risk,1/4,0
MSME111099,88.6,92.7,81.7,,87.4,A - Strong,3/4,0
MSME111100,85.9,92.4,,,88.6,A - Strong,2/4,0
MSME111101,72.7,52.8,,,64.4,B - Moderate,2/4,0
MSME111102,69.7,,79.0,,74.0,B - Moderate,2/4,0
MSME111103,18.9,18.3,,,18.6,D - High Risk,2/4,1
MSME111104,44.6,45.7,73.8,,54.6,C - Weak,3/4,0
MSME111105,79.5,92.6,80.9,,83.6,A - Strong,3/4,0
MSME111106,70.1,85.7,,54.6,73.5,B - Moderate,3/4,0
MSME111107,76.9,89.3,,,82.1,A - Strong,2/4,0
MSME111108,,66.3,63.5,,64.8,B - Moderate,2/4,0
MSME111109,62.9,63.3,,,63.1,B - Moderate,2/4,0
MSME111110,,39.1,55.5,65.5,50.7,C - Weak,3/4,0
MSME111111,,32.7,52.1,60.7,46.0,C - Weak,3/4,0
MSME111112,,42.6,33.8,,37.8,C - Weak,2/4,0
MSME111113,,37.2,63.9,,51.8,C - Weak,2/4,0
MSME111114,69.1,,,63.2,67.8,B - Moderate,2/4,0
MSME111115,51.7,63.5,,54.0,56.2,B - Moderate,3/4,0
MSME111116,35.0,36.9,22.9,,31.5,D - High Risk,3/4,0
MSME111117,,38.0,,,38.0,C - Weak,1/4,0
MSME111118,,23.6,,,23.6,D - High Risk,1/4,0
MSME111119,80.1,90.6,,93.0,85.7,A - Strong,3/4,0
MSME111120,,63.5,79.7,,72.3,B - Moderate,2/4,0
MSME111121,,83.1,52.8,,66.6,B - Moderate,2/4,0
MSME111122,79.8,77.2,,,78.7,A - Strong,2/4,0
MSME111123,,43.5,53.6,,49.0,C - Weak,2/4,0
MSME111124,,40.1,55.1,65.0,50.9,C - Weak,3/4,0
MSME111125,45.4,62.1,,,52.4,C - Weak,2/4,0
MSME111126,,24.9,,,24.9,D - High Risk,1/4,0
MSME111127,44.0,41.7,44.3,,43.5,C - Weak,3/4,0
MSME111128,66.6,69.6,79.2,,71.6,B - Moderate,3/4,0
MSME111129,76.2,89.4,,83.9,82.0,A - Strong,3/4,0
MSME111130,57.8,52.0,,,55.4,B - Moderate,2/4,0
MSME111131,,34.2,15.3,20.6,23.4,D - High Risk,3/4,1
MSME111132,70.7,52.8,48.3,,58.3,B - Moderate,3/4,0
MSME111133,78.4,,79.1,,78.7,A - Strong,2/4,0
MSME111134,28.4,39.3,,,32.9,D - High Risk,2/4,0
MSME111135,75.6,,75.1,,75.4,A - Strong,2/4,0
MSME111136,,44.1,46.1,47.5,45.5,C - Weak,3/4,0
MSME111137,85.7,,89.8,,87.6,A - Strong,2/4,0
MSME111138,,24.3,29.2,,27.0,D - High Risk,2/4,1
MSME111139,42.0,69.3,,,53.4,C - Weak,2/4,0
MSME111140,,42.8,,,42.8,C - Weak,1/4,1
MSME111141,30.3,34.8,38.5,,34.3,D - High Risk,3/4,0
MSME111142,62.9,78.0,,49.3,66.3,B - Moderate,3/4,1
MSME111143,69.1,67.3,80.1,,72.3,B - Moderate,3/4,0
MSME111144,77.1,88.8,68.3,,77.4,A - Strong,3/4,0
MSME111145,52.5,70.6,42.0,,54.0,C - Weak,3/4,0
MSME111146,61.5,69.9,75.9,67.0,68.5,B - Moderate,4/4,0
MSME111147,,23.2,16.2,,19.4,D - High Risk,2/4,0
MSME111148,53.9,60.5,60.6,,58.0,B - Moderate,3/4,0
MSME111149,,,44.4,70.7,51.0,C - Weak,2/4,0
MSME111150,34.0,29.7,38.0,44.3,35.2,C - Weak,4/4,0
MSME111151,51.2,50.9,61.9,44.7,53.7,C - Weak,4/4,1
MSME111152,,63.7,,,63.7,B - Moderate,1/4,0
MSME111153,,,,42.2,42.2,C - Weak,1/4,0
MSME111154,24.9,33.0,,,28.3,D - High Risk,2/4,0
MSME111155,,52.3,,46.6,50.7,C - Weak,2/4,0
MSME111156,35.2,,28.6,,32.2,D - High Risk,2/4,1
MSME111157,48.9,61.4,73.7,,60.6,B - Moderate,3/4,0
MSME111158,,64.5,85.2,76.0,75.8,A - Strong,3/4,0
MSME111159,44.0,39.4,,,42.1,C - Weak,2/4,0
MSME111160,,51.2,65.7,,59.1,B - Moderate,2/4,0
MSME111161,90.2,92.3,85.7,92.3,89.6,A - Strong,4/4,0
MSME111162,,60.9,,,60.9,B - Moderate,1/4,1
MSME111163,79.4,84.4,79.1,62.2,78.8,A - Strong,4/4,0
MSME111164,79.8,79.5,71.8,70.3,76.4,A - Strong,4/4,0
MSME111165,,58.8,,,58.8,B - Moderate,1/4,0
MSME111166,,24.9,19.9,28.2,23.1,D - High Risk,3/4,1
MSME111167,83.6,,91.0,,87.0,A - Strong,2/4,0
MSME111168,72.5,81.4,73.9,,75.4,A - Strong,3/4,0
MSME111169,,22.7,30.5,40.0,29.0,D - High Risk,3/4,1
MSME111170,,35.0,,77.5,47.1,C - Weak,2/4,0
MSME111171,28.9,,,,28.9,D - High Risk,1/4,1
MSME111172,84.1,88.1,70.9,,80.8,A - Strong,3/4,0
MSME111173,,77.8,81.3,78.9,79.6,A - Strong,3/4,0
MSME111174,,31.1,49.6,,41.2,C - Weak,2/4,0
MSME111175,,31.6,,,31.6,D - High Risk,1/4,1
MSME111176,42.6,49.3,,,45.4,C - Weak,2/4,0
MSME111177,50.9,,,,50.9,C - Weak,1/4,0
MSME111178,88.2,90.2,83.3,92.1,87.6,A - Strong,4/4,0
MSME111179,40.7,56.6,58.3,,51.0,C - Weak,3/4,0
MSME111180,,31.6,28.6,,30.0,D - High Risk,2/4,1
MSME111181,,37.7,,,37.7,C - Weak,1/4,1
MSME111182,66.4,66.7,66.5,82.0,68.1,B - Moderate,4/4,0
MSME111183,63.2,,59.0,,61.3,B - Moderate,2/4,0
MSME111184,43.3,59.2,,,49.9,C - Weak,2/4,0
MSME111185,69.4,,65.0,,67.4,B - Moderate,2/4,0
MSME111186,30.8,,,52.1,35.5,C - Weak,2/4,0
MSME111187,,,53.4,,53.4,C - Weak,1/4,1
MSME111188,63.8,,55.0,57.3,59.4,B - Moderate,3/4,0
MSME111189,17.6,23.1,15.8,,18.5,D - High Risk,3/4,0
MSME111190,52.1,53.0,48.0,,51.0,C - Weak,3/4,0
MSME111191,,81.9,,,81.9,A - Strong,1/4,0
MSME111192,26.9,,22.5,,24.9,D - High Risk,2/4,1
MSME111193,,40.8,33.7,,36.9,C - Weak,2/4,0
MSME111194,,,39.2,22.7,35.1,C - Weak,2/4,0
MSME111195,78.5,83.7,,47.5,75.9,A - Strong,3/4,0
MSME111196,36.1,31.3,,,34.1,D - High Risk,2/4,1
MSME111197,,57.8,,,57.8,B - Moderate,1/4,0
MSME111198,87.6,92.4,,,89.6,A - Strong,2/4,0
MSME111199,82.2,75.8,,,79.5,A - Strong,2/4,0
MSME111200,,55.4,31.4,,42.3,C - Weak,2/4,0
MSME111201,83.4,74.8,,,79.8,A - Strong,2/4,0
MSME111202,60.2,,,,60.2,B - Moderate,1/4,0
MSME111203,69.7,57.9,49.9,,59.8,B - Moderate,3/4,1
MSME111204,,35.4,32.2,27.1,32.6,D - High Risk,3/4,0
MSME111205,75.6,82.1,87.1,,81.2,A - Strong,3/4,0
MSME111206,71.9,76.0,60.1,63.6,68.6,B - Moderate,4/4,0
MSME111207,79.6,86.7,78.8,,81.3,A - Strong,3/4,0
MSME111208,19.2,,,,19.2,D - High Risk,1/4,1
MSME111209,,77.0,81.7,,79.6,A - Strong,2/4,0
MSME111210,56.9,63.6,64.0,,61.1,B - Moderate,3/4,0
MSME111211,70.2,44.6,,,59.5,B - Moderate,2/4,0
MSME111212,86.5,90.2,,,88.0,A - Strong,2/4,0
MSME111213,,33.9,,,33.9,D - High Risk,1/4,0
MSME111214,59.6,75.3,64.2,,65.5,B - Moderate,3/4,0
MSME111215,,60.8,,,60.8,B - Moderate,1/4,0
MSME111216,38.6,38.6,43.4,,40.2,C - Weak,3/4,0
MSME111217,39.2,43.9,34.7,,39.0,C - Weak,3/4,0
MSME111218,60.0,44.5,40.0,,49.0,C - Weak,3/4,0
MSME111219,33.6,34.1,,40.8,34.8,D - High Risk,3/4,0
MSME111220,52.3,46.7,,,50.0,C - Weak,2/4,0
MSME111221,51.6,42.9,,,48.0,C - Weak,2/4,0
MSME111222,,51.8,49.5,,50.5,C - Weak,2/4,1
MSME111223,,37.0,,,37.0,C - Weak,1/4,0
MSME111224,30.3,43.0,,,35.6,C - Weak,2/4,0
MSME111225,68.3,50.9,,53.7,60.0,B - Moderate,3/4,0
MSME111226,67.0,61.3,77.1,,68.8,B - Moderate,3/4,0
MSME111227,79.0,90.9,69.6,,79.2,A - Strong,3/4,0
MSME111228,63.9,,50.4,,57.7,B - Moderate,2/4,1
MSME111229,64.8,,,,64.8,B - Moderate,1/4,0
MSME111230,27.0,22.2,,,25.0,D - High Risk,2/4,1
MSME111231,39.4,39.3,,41.5,39.7,C - Weak,3/4,1
MSME111232,,74.4,87.9,,81.8,A - Strong,2/4,0
MSME111233,34.8,49.8,36.5,,39.5,C - Weak,3/4,1
MSME111234,90.0,90.9,76.8,,85.9,A - Strong,3/4,0
MSME111235,80.8,77.3,90.0,,82.9,A - Strong,3/4,0
MSME111236,,24.2,32.9,,28.9,D - High Risk,2/4,0
MSME111237,,24.6,,,24.6,D - High Risk,1/4,0
MSME111238,55.3,50.0,65.4,64.4,57.9,B - Moderate,4/4,0
MSME111239,35.4,42.6,,,38.4,C - Weak,2/4,0
MSME111240,78.6,90.4,,,83.5,A - Strong,2/4,0
MSME111241,55.1,39.9,63.1,,53.5,C - Weak,3/4,0
MSME111242,52.2,53.0,52.7,,52.6,C - Weak,3/4,0
MSME111243,47.9,50.6,,47.9,48.9,C - Weak,3/4,0
MSME111244,,70.4,52.9,,60.9,B - Moderate,2/4,0
MSME111245,,,58.6,,58.6,B - Moderate,1/4,0
MSME111246,60.0,63.0,,,61.2,B - Moderate,2/4,0
MSME111247,82.0,85.8,88.2,,85.1,A - Strong,3/4,0
MSME111248,69.6,69.7,,,69.6,B - Moderate,2/4,0
MSME111249,,63.6,64.8,,64.3,B - Moderate,2/4,0
MSME111250,,22.1,23.5,,22.9,D - High Risk,2/4,0
MSME111251,91.2,81.9,,,87.3,A - Strong,2/4,0
MSME111252,40.5,38.0,63.4,,47.4,C - Weak,3/4,0
MSME111253,60.1,58.4,,,59.4,B - Moderate,2/4,0
MSME111254,,37.9,,,37.9,C - Weak,1/4,0
MSME111255,,30.2,,,30.2,D - High Risk,1/4,1
MSME111256,,65.6,,,65.6,B - Moderate,1/4,0
MSME111257,,57.7,83.2,,71.6,B - Moderate,2/4,0
MSME111258,50.0,67.0,,,57.1,B - Moderate,2/4,0
MSME111259,,55.1,55.7,,55.4,B - Moderate,2/4,0
MSME111260,,47.9,,,47.9,C - Weak,1/4,0
MSME111261,88.4,81.6,85.6,85.5,85.6,A - Strong,4/4,0
MSME111262,59.6,54.7,75.4,,63.5,B - Moderate,3/4,0
MSME111263,61.4,78.5,65.1,,67.4,B - Moderate,3/4,0
MSME111264,62.1,61.4,45.0,,56.2,B - Moderate,3/4,0
MSME111265,85.0,91.5,,,87.7,A - Strong,2/4,0
MSME111266,,37.7,39.1,,38.5,C - Weak,2/4,0
MSME111267,33.2,38.7,,44.9,36.8,C - Weak,3/4,0
MSME111268,31.4,44.4,36.5,,36.7,C - Weak,3/4,0
MSME111269,,24.4,,,24.4,D - High Risk,1/4,0
MSME111270,34.0,27.5,,38.4,32.3,D - High Risk,3/4,0
MSME111271,30.5,35.1,,,32.4,D - High Risk,2/4,1
MSME111272,62.7,58.6,,43.9,58.6,B - Moderate,3/4,0
MSME111273,56.5,64.7,,,59.9,B - Moderate,2/4,0
MSME111274,62.4,74.7,63.2,,66.1,B - Moderate,3/4,0
MSME111275,,,,,,Unscoreable,0/4,0
MSME111276,,39.8,,,39.8,C - Weak,1/4,0
MSME111277,,28.5,20.2,,24.0,D - High Risk,2/4,0
MSME111278,81.0,77.0,61.9,,73.5,B - Moderate,3/4,0
MSME111279,,29.1,,,29.1,D - High Risk,1/4,1
MSME111280,73.8,87.2,,,79.4,A - Strong,2/4,0
MSME111281,67.0,77.5,,,71.4,B - Moderate,2/4,0
MSME111282,45.2,67.4,42.6,58.5,51.3,C - Weak,4/4,0
MSME111283,,26.6,20.2,,23.1,D - High Risk,2/4,1
MSME111284,40.2,64.8,,40.8,49.1,C - Weak,3/4,0
MSME111285,,55.5,64.2,,60.2,B - Moderate,2/4,0
MSME111286,36.1,53.9,31.0,43.6,39.8,C - Weak,4/4,1
MSME111287,,44.7,,39.2,43.1,C - Weak,2/4,0
MSME111288,,67.0,,,67.0,B - Moderate,1/4,0
MSME111289,86.0,88.6,,,87.1,A - Strong,2/4,0
MSME111290,,21.4,,,21.4,D - High Risk,1/4,0
MSME111291,,,,,,Unscoreable,0/4,1
MSME111292,,22.0,,,22.0,D - High Risk,1/4,1
MSME111293,34.8,37.2,,,35.8,C - Weak,2/4,1
MSME111294,77.0,83.5,,,79.7,A - Strong,2/4,0
MSME111295,77.5,71.3,75.8,,75.2,A - Strong,3/4,1
MSME111296,36.0,60.8,32.7,,41.8,C - Weak,3/4,0
MSME111297,74.1,,76.6,83.5,76.4,A - Strong,3/4,0
MSME111298,81.9,79.6,77.4,,79.8,A - Strong,3/4,0
MSME111299,86.3,,85.3,79.8,85.0,A - Strong,3/4,0
MSME111300,,22.5,,20.9,22.0,D - High Risk,2/4,1
MSME111301,85.3,85.2,,80.8,84.6,A - Strong,3/4,0
MSME111302,74.7,,,78.5,75.5,A - Strong,2/4,0
MSME111303,,68.1,,,68.1,B - Moderate,1/4,0
MSME111304,64.8,75.4,72.9,,70.4,B - Moderate,3/4,0
MSME111305,,49.6,,,49.6,C - Weak,1/4,0
MSME111306,83.6,89.9,,,86.2,A - Strong,2/4,0
MSME111307,76.8,86.1,72.3,75.7,77.7,A - Strong,4/4,0
MSME111308,83.0,90.8,68.4,,80.3,A - Strong,3/4,0
MSME111309,22.2,45.0,,,31.7,D - High Risk,2/4,0
MSME111310,,32.7,,,32.7,D - High Risk,1/4,0
MSME111311,40.0,58.6,,,47.8,C - Weak,2/4,0
MSME111312,,,,,,Unscoreable,0/4,0
MSME111313,,58.2,,,58.2,B - Moderate,1/4,0
MSME111314,,67.0,,91.9,74.1,B - Moderate,2/4,0
MSME111315,,61.6,,52.3,58.9,B - Moderate,2/4,0
MSME111316,68.2,52.7,,,61.7,B - Moderate,2/4,0
MSME111317,64.2,,,,64.2,B - Moderate,1/4,0
MSME111318,85.0,,81.0,,83.2,A - Strong,2/4,0
MSME111319,78.0,81.6,,,79.5,A - Strong,2/4,0
MSME111320,,84.7,,,84.7,A - Strong,1/4,0
MSME111321,47.9,52.5,58.8,,52.8,C - Weak,3/4,1
MSME111322,,69.3,75.0,,72.4,B - Moderate,2/4,0
MSME111323,,27.2,,,27.2,D - High Risk,1/4,1
MSME111324,,37.3,,27.4,34.5,D - High Risk,2/4,0
MSME111325,,52.3,51.5,48.1,51.3,C - Weak,3/4,1
MSME111326,57.5,75.6,67.5,,65.9,B - Moderate,3/4,0
MSME111327,,57.7,,,57.7,B - Moderate,1/4,0
MSME111328,,78.4,,,78.4,A - Strong,1/4,0
MSME111329,58.3,86.3,,59.0,68.4,B - Moderate,3/4,0
MSME111330,,35.1,,,35.1,C - Weak,1/4,1
MSME111331,76.2,79.8,,75.5,77.4,A - Strong,3/4,0
MSME111332,92.3,92.5,88.9,,91.2,A - Strong,3/4,0
MSME111333,26.3,39.3,,,31.7,D - High Risk,2/4,0
MSME111334,55.9,59.2,48.1,,54.2,C - Weak,3/4,0
MSME111335,,70.5,50.1,,59.4,B - Moderate,2/4,0
MSME111336,,56.7,,,56.7,B - Moderate,1/4,0
MSME111337,,41.3,54.5,,48.5,C - Weak,2/4,0
MSME111338,75.5,77.9,,,76.5,A - Strong,2/4,0
MSME111339,40.4,46.2,48.5,,44.7,C - Weak,3/4,0
MSME111340,74.5,86.4,,,79.5,A - Strong,2/4,0
MSME111341,,60.4,57.2,,58.7,B - Moderate,2/4,1
MSME111342,,29.6,,,29.6,D - High Risk,1/4,1
MSME111343,46.1,36.7,,,42.2,C - Weak,2/4,0
MSME111344,62.1,63.9,,,62.9,B - Moderate,2/4,0
MSME111345,20.1,18.3,,,19.4,D - High Risk,2/4,0
MSME111346,,55.2,,36.8,49.9,C - Weak,2/4,0
MSME111347,59.8,62.1,,,60.8,B - Moderate,2/4,0
MSME111348,36.9,36.6,,,36.8,C - Weak,2/4,0
MSME111349,,67.2,74.8,76.8,72.2,B - Moderate,3/4,0
MSME111350,,,,,,Unscoreable,0/4,0
MSME111351,56.2,56.8,45.6,,52.8,C - Weak,3/4,1
MSME111352,83.7,94.1,85.3,,87.1,A - Strong,3/4,0
MSME111353,,67.3,54.9,,60.5,B - Moderate,2/4,1
MSME111354,89.2,92.9,89.6,,90.4,A - Strong,3/4,0
MSME111355,,27.7,,,27.7,D - High Risk,1/4,0
MSME111356,79.1,72.6,,,76.4,A - Strong,2/4,0
MSME111357,89.4,92.9,92.0,91.2,91.2,A - Strong,4/4,0
MSME111358,,76.6,77.0,,76.8,A - Strong,2/4,0
MSME111359,80.1,79.5,,,79.8,A - Strong,2/4,0
MSME111360,72.7,,72.6,56.4,70.5,B - Moderate,3/4,0
MSME111361,61.4,76.3,,,67.6,B - Moderate,2/4,0
MSME111362,36.5,65.3,,,48.5,C - Weak,2/4,0
MSME111363,,,36.9,,36.9,C - Weak,1/4,0
MSME111364,45.0,25.9,33.2,,35.8,C - Weak,3/4,0
MSME111365,76.9,82.7,80.0,68.4,78.4,A - Strong,4/4,0
MSME111366,,63.2,68.8,,66.3,B - Moderate,2/4,0
MSME111367,56.7,,57.5,74.7,59.4,B - Moderate,3/4,0
MSME111368,,84.8,,,84.8,A - Strong,1/4,0
MSME111369,75.7,,,85.3,77.8,A - Strong,2/4,0
MSME111370,28.2,33.5,,,30.4,D - High Risk,2/4,0
MSME111371,59.2,58.1,,,58.7,B - Moderate,2/4,0
MSME111372,,,43.1,,43.1,C - Weak,1/4,0
MSME111373,76.7,87.4,75.0,91.3,80.3,A - Strong,4/4,0
MSME111374,,43.5,,,43.5,C - Weak,1/4,0
MSME111375,33.1,31.1,,,32.3,D - High Risk,2/4,0
MSME111376,80.6,85.4,,52.5,78.3,A - Strong,3/4,0
MSME111377,,42.8,,,42.8,C - Weak,1/4,0
MSME111378,,41.5,48.6,,45.4,C - Weak,2/4,0
MSME111379,35.4,42.5,,,38.4,C - Weak,2/4,0
MSME111380,,,49.8,,49.8,C - Weak,1/4,0
MSME111381,75.0,83.6,,72.2,77.7,A - Strong,3/4,0
MSME111382,24.4,39.3,,,30.6,D - High Risk,2/4,0
MSME111383,,57.1,,,57.1,B - Moderate,1/4,0
MSME111384,,23.3,,,23.3,D - High Risk,1/4,0
MSME111385,,28.5,46.5,,38.3,C - Weak,2/4,0
MSME111386,26.5,45.1,45.5,,38.0,C - Weak,3/4,1
MSME111387,,,,,,Unscoreable,0/4,0
MSME111388,44.0,53.8,,,48.1,C - Weak,2/4,0
MSME111389,26.0,22.3,33.0,,27.3,D - High Risk,3/4,1
MSME111390,58.4,74.3,57.9,,62.7,B - Moderate,3/4,0
MSME111391,,38.8,,,38.8,C - Weak,1/4,1
MSME111392,19.2,,,,19.2,D - High Risk,1/4,0
MSME111393,72.8,78.8,,,75.3,A - Strong,2/4,0
MSME111394,,80.4,85.2,83.5,83.1,A - Strong,3/4,0
MSME111395,59.2,58.3,57.2,62.5,58.7,B - Moderate,4/4,0
MSME111396,,,,,,Unscoreable,0/4,0
MSME111397,,79.2,73.6,,76.1,A - Strong,2/4,0
MSME111398,,52.5,31.4,,41.0,C - Weak,2/4,0
MSME111399,,78.6,67.6,75.2,73.0,B - Moderate,3/4,0
MSME111400,82.0,78.9,58.4,,73.3,B - Moderate,3/4,0
MSME111401,84.3,85.0,,87.4,85.0,A - Strong,3/4,0
MSME111402,,19.5,,,19.5,D - High Risk,1/4,1
MSME111403,40.8,35.4,,51.8,40.4,C - Weak,3/4,0
MSME111404,,,,,,Unscoreable,0/4,0
MSME111405,71.2,70.4,,,70.9,B - Moderate,2/4,0
MSME111406,80.2,85.3,75.2,69.9,78.9,A - Strong,4/4,0
MSME111407,,64.4,,,64.4,B - Moderate,1/4,0
MSME111408,,41.0,,32.4,38.5,C - Weak,2/4,0
MSME111409,,58.5,,,58.5,B - Moderate,1/4,0
MSME111410,70.0,63.3,72.0,,68.8,B - Moderate,3/4,0
MSME111411,,26.4,25.6,,26.0,D - High Risk,2/4,1
MSME111412,42.9,49.4,31.3,45.9,41.3,C - Weak,4/4,0
MSME111413,62.0,55.7,,72.9,61.3,B - Moderate,3/4,0
MSME111414,,,52.8,64.0,55.6,B - Moderate,2/4,0
MSME111415,,35.1,,,35.1,C - Weak,1/4,1
MSME111416,,84.2,84.9,87.8,85.1,A - Strong,3/4,0
MSME111417,86.2,90.6,,90.8,88.4,A - Strong,3/4,0
MSME111418,59.0,53.2,,,56.6,B - Moderate,2/4,0
MSME111419,66.2,74.5,77.0,77.9,72.7,B - Moderate,4/4,0
MSME111420,66.9,,,,66.9,B - Moderate,1/4,0
MSME111421,31.0,43.2,,,36.1,C - Weak,2/4,0
MSME111422,34.0,53.1,,33.4,40.7,C - Weak,3/4,0
MSME111423,89.2,93.9,76.5,,86.3,A - Strong,3/4,0
MSME111424,30.1,46.4,,55.2,39.5,C - Weak,3/4,0
MSME111425,,,77.7,,77.7,A - Strong,1/4,0
MSME111426,35.3,47.7,29.8,,36.9,C - Weak,3/4,0
MSME111427,70.1,70.7,70.9,,70.5,B - Moderate,3/4,0
MSME111428,45.9,59.7,43.5,,48.9,C - Weak,3/4,0
MSME111429,89.6,93.1,85.9,87.6,89.2,A - Strong,4/4,0
MSME111430,75.4,81.5,,,77.9,A - Strong,2/4,0
MSME111431,81.2,89.1,,,84.5,A - Strong,2/4,0
MSME111432,72.9,,,,72.9,B - Moderate,1/4,0
MSME111433,41.7,56.3,47.4,,47.7,C - Weak,3/4,0
MSME111434,,30.5,47.8,,39.9,C - Weak,2/4,0
MSME111435,19.9,25.0,,,22.0,D - High Risk,2/4,1
MSME111436,63.9,44.6,,,55.9,B - Moderate,2/4,0
MSME111437,67.2,67.7,80.0,,71.6,B - Moderate,3/4,0
MSME111438,34.9,,16.6,,26.5,D - High Risk,2/4,1
MSME111439,55.9,56.7,46.5,,53.0,C - Weak,3/4,0
MSME111440,,41.0,,,41.0,C - Weak,1/4,1
MSME111441,,25.0,,,25.0,D - High Risk,1/4,1
MSME111442,54.3,45.5,51.8,,51.0,C - Weak,3/4,0
MSME111443,77.2,90.2,82.4,,82.5,A - Strong,3/4,0
MSME111444,45.3,46.4,,63.8,48.3,C - Weak,3/4,0
MSME111445,65.4,,72.8,80.3,70.3,B - Moderate,3/4,0
MSME111446,,,27.4,29.9,28.0,D - High Risk,2/4,0
MSME111447,,23.0,,,23.0,D - High Risk,1/4,0
MSME111448,73.3,,77.1,77.7,75.4,A - Strong,3/4,0
MSME111449,,69.2,,69.0,69.1,B - Moderate,2/4,0
MSME111450,71.6,,83.2,,77.0,A - Strong,2/4,0
MSME111451,83.7,88.1,,92.8,86.6,A - Strong,3/4,0
MSME111452,81.5,92.0,74.7,80.5,82.0,A - Strong,4/4,0
MSME111453,,77.2,,,77.2,A - Strong,1/4,0
MSME111454,23.1,32.0,31.5,,28.4,D - High Risk,3/4,0
MSME111455,61.5,80.4,,,69.4,B - Moderate,2/4,0
MSME111456,,90.3,81.3,,85.4,A - Strong,2/4,0
MSME111457,,50.6,,,50.6,C - Weak,1/4,0
MSME111458,71.7,80.0,73.9,73.8,74.6,B - Moderate,4/4,0
MSME111459,34.4,40.6,,,37.0,C - Weak,2/4,0
MSME111460,,22.4,,,22.4,D - High Risk,1/4,0
MSME111461,,76.1,69.6,,72.6,B - Moderate,2/4,0
MSME111462,85.1,92.7,86.4,,87.6,A - Strong,3/4,0
MSME111463,,28.8,,,28.8,D - High Risk,1/4,1
MSME111464,59.9,,,,59.9,B - Moderate,1/4,0
MSME111465,79.3,84.2,,93.9,83.1,A - Strong,3/4,0
MSME111466,83.0,86.0,74.3,,80.9,A - Strong,3/4,0
MSME111467,57.4,62.8,,,59.7,B - Moderate,2/4,0
MSME111468,78.7,,76.0,82.5,78.1,A - Strong,3/4,0
MSME111469,,59.3,66.8,44.2,60.4,B - Moderate,3/4,0
MSME111470,,69.9,,,69.9,B - Moderate,1/4,0
MSME111471,,47.0,,,47.0,C - Weak,1/4,0
MSME111472,,26.7,,,26.7,D - High Risk,1/4,0
MSME111473,,29.7,,,29.7,D - High Risk,1/4,0
MSME111474,61.2,68.3,72.6,,67.0,B - Moderate,3/4,0
MSME111475,43.5,53.7,54.4,,50.0,C - Weak,3/4,0
MSME111476,,47.2,,,47.2,C - Weak,1/4,0
MSME111477,,61.8,,,61.8,B - Moderate,1/4,0
MSME111478,66.7,48.3,,,59.0,B - Moderate,2/4,0
MSME111479,84.0,91.1,84.9,,86.3,A - Strong,3/4,0
MSME111480,42.5,,,25.1,38.6,C - Weak,2/4,0
MSME111481,84.3,84.3,88.1,89.1,85.9,A - Strong,4/4,0
MSME111482,,72.0,,,72.0,B - Moderate,1/4,0
MSME111483,87.2,87.2,88.6,86.8,87.6,A - Strong,4/4,0
MSME111484,,43.6,52.5,,48.5,C - Weak,2/4,0
MSME111485,64.0,67.8,,,65.6,B - Moderate,2/4,0
MSME111486,,69.5,62.4,76.1,67.2,B - Moderate,3/4,0
MSME111487,84.1,83.5,76.3,79.1,81.1,A - Strong,4/4,0
MSME111488,81.7,91.7,,,85.9,A - Strong,2/4,0
MSME111489,53.5,65.7,,,58.6,B - Moderate,2/4,0
MSME111490,40.6,69.7,60.5,,55.3,B - Moderate,3/4,0
MSME111491,,30.1,,,30.1,D - High Risk,1/4,0
MSME111492,18.5,20.3,,,19.2,D - High Risk,2/4,1
MSME111493,61.0,47.8,,,55.5,B - Moderate,2/4,0
MSME111494,83.7,,,90.2,85.1,A - Strong,2/4,0
MSME111495,63.2,60.6,,,62.1,B - Moderate,2/4,0
MSME111496,23.6,,,,23.6,D - High Risk,1/4,1
MSME111497,67.5,,72.0,71.3,69.8,B - Moderate,3/4,0
MSME111498,,42.8,66.1,,55.5,B - Moderate,2/4,0
MSME111499,,32.1,28.3,,30.0,D - High Risk,2/4,0
MSME111500,,84.1,67.4,78.9,75.6,A - Strong,3/4,0
MSME111501,,63.5,78.9,,71.9,B - Moderate,2/4,0
MSME111502,54.2,,,,54.2,C - Weak,1/4,0
MSME111503,44.5,54.8,,,48.8,C - Weak,2/4,0
MSME111504,,53.0,,42.8,50.1,C - Weak,2/4,0
MSME111505,46.4,57.4,,,51.0,C - Weak,2/4,0
MSME111506,37.6,26.2,,,32.9,D - High Risk,2/4,0
MSME111507,75.1,80.2,60.1,,71.5,B - Moderate,3/4,0
MSME111508,,,71.9,84.0,74.9,B - Moderate,2/4,0
MSME111509,,41.0,,,41.0,C - Weak,1/4,0
MSME111510,47.5,64.4,,,54.5,C - Weak,2/4,0
MSME111511,66.2,,,53.2,63.3,B - Moderate,2/4,0
MSME111512,,66.8,50.9,,58.1,B - Moderate,2/4,0
MSME111513,33.9,27.6,,32.3,31.4,D - High Risk,3/4,0
MSME111514,61.6,51.9,,,57.6,B - Moderate,2/4,0
MSME111515,71.7,,,83.2,74.3,B - Moderate,2/4,0
MSME111516,88.1,89.5,86.3,87.9,87.9,A - Strong,4/4,0
MSME111517,35.6,40.8,,,37.8,C - Weak,2/4,0
MSME111518,,66.3,67.8,,67.1,B - Moderate,2/4,0
MSME111519,74.3,84.8,79.5,,79.0,A - Strong,3/4,0
MSME111520,,31.8,,,31.8,D - High Risk,1/4,0
MSME111521,17.6,18.0,30.4,,22.0,D - High Risk,3/4,0
MSME111522,51.2,52.5,60.3,56.4,54.8,C - Weak,4/4,0
MSME111523,56.2,68.5,60.5,,61.0,B - Moderate,3/4,0
MSME111524,86.4,,84.8,,85.7,A - Strong,2/4,0
MSME111525,80.0,82.4,60.8,,74.3,B - Moderate,3/4,0
MSME111526,,,81.7,84.8,82.5,A - Strong,2/4,0
MSME111527,70.4,78.3,85.0,70.5,76.8,A - Strong,4/4,0
MSME111528,85.1,87.9,76.9,,83.1,A - Strong,3/4,0
MSME111529,,42.1,,,42.1,C - Weak,1/4,0
MSME111530,,42.8,32.6,,37.2,C - Weak,2/4,0
MSME111531,,71.7,,68.1,70.7,B - Moderate,2/4,0
MSME111532,56.7,40.6,57.2,,52.4,C - Weak,3/4,0
MSME111533,,,,72.7,72.7,B - Moderate,1/4,0
MSME111534,,63.1,69.4,,66.5,B - Moderate,2/4,0
MSME111535,,,,21.1,21.1,D - High Risk,1/4,0
MSME111536,59.8,51.1,61.2,,57.9,B - Moderate,3/4,0
MSME111537,,49.7,64.7,,57.9,B - Moderate,2/4,0
MSME111538,23.6,,,,23.6,D - High Risk,1/4,1
MSME111539,,56.7,50.9,55.1,53.8,C - Weak,3/4,0
MSME111540,,50.0,36.6,,42.7,C - Weak,2/4,0
MSME111541,,75.5,68.5,,71.7,B - Moderate,2/4,0
MSME111542,,50.1,40.6,,44.9,C - Weak,2/4,0
MSME111543,,,,,,Unscoreable,0/4,0
MSME111544,,31.6,,,31.6,D - High Risk,1/4,1
MSME111545,60.0,,66.7,,63.1,B - Moderate,2/4,0
MSME111546,,32.7,,,32.7,D - High Risk,1/4,1
MSME111547,17.6,17.6,,,17.6,D - High Risk,2/4,1
MSME111548,31.6,42.5,,,36.1,C - Weak,2/4,1
MSME111549,64.1,70.7,,,66.8,B - Moderate,2/4,0
MSME111550,67.7,75.5,73.6,,71.8,B - Moderate,3/4,0
MSME111551,60.5,79.0,,,68.2,B - Moderate,2/4,0
MSME111552,,70.8,,,70.8,B - Moderate,1/4,0
MSME111553,,,67.3,,67.3,B - Moderate,1/4,0
MSME111554,60.0,45.5,46.1,50.9,51.3,C - Weak,4/4,1
MSME111555,38.3,52.2,27.6,,38.6,C - Weak,3/4,0
MSME111556,64.4,,,,64.4,B - Moderate,1/4,0
MSME111557,62.3,70.0,,61.3,64.9,B - Moderate,3/4,0
MSME111558,47.8,41.4,57.1,,49.1,C - Weak,3/4,0
MSME111559,32.6,35.4,,,33.8,D - High Risk,2/4,0
MSME111560,,41.9,,,41.9,C - Weak,1/4,0
MSME111561,,59.0,55.0,,56.8,B - Moderate,2/4,0
MSME111562,55.1,65.4,58.0,,58.9,B - Moderate,3/4,0
MSME111563,,81.9,,,81.9,A - Strong,1/4,0
MSME111564,,50.7,,,50.7,C - Weak,1/4,0
MSME111565,,26.4,,,26.4,D - High Risk,1/4,1
MSME111566,21.3,30.6,20.8,,23.7,D - High Risk,3/4,0
MSME111567,76.8,85.6,,,80.5,A - Strong,2/4,0
MSME111568,,67.1,63.5,,65.1,B - Moderate,2/4,0
MSME111569,,75.4,55.5,,64.5,B - Moderate,2/4,0
MSME111570,30.8,28.1,27.2,32.3,29.2,D - High Risk,4/4,1
MSME111571,57.5,72.3,53.9,62.9,60.7,B - Moderate,4/4,0
MSME111572,44.6,72.3,,,56.1,B - Moderate,2/4,0
MSME111573,,62.3,,,62.3,B - Moderate,1/4,0
MSME111574,55.1,68.4,,74.6,62.6,B - Moderate,3/4,0
MSME111575,66.3,75.1,,,70.0,B - Moderate,2/4,0
MSME111576,54.2,72.6,,,61.9,B - Moderate,2/4,0
MSME111577,,51.1,,,51.1,C - Weak,1/4,0
MSME111578,62.4,89.3,81.0,,76.1,A - Strong,3/4,0
MSME111579,53.2,57.2,,,54.9,C - Weak,2/4,0
MSME111580,,75.3,78.4,,77.0,A - Strong,2/4,0
MSME111581,64.3,68.8,,68.8,66.5,B - Moderate,3/4,0
MSME111582,54.7,40.8,,,48.9,C - Weak,2/4,1
MSME111583,45.8,54.4,50.0,48.0,49.4,C - Weak,4/4,0
MSME111584,89.1,89.5,,,89.3,A - Strong,2/4,0
MSME111585,81.5,93.1,81.3,92.4,85.4,A - Strong,4/4,0
MSME111586,85.9,,84.4,,85.2,A - Strong,2/4,0
MSME111587,60.7,87.8,,,72.0,B - Moderate,2/4,0
MSME111588,59.8,55.2,,,57.9,B - Moderate,2/4,0
MSME111589,27.7,28.0,32.7,,29.5,D - High Risk,3/4,0
MSME111590,37.7,45.9,46.2,,42.8,C - Weak,3/4,0
MSME111591,52.8,53.5,34.8,,47.0,C - Weak,3/4,1
MSME111592,48.5,,,,48.5,C - Weak,1/4,0
MSME111593,39.5,,40.3,,39.9,C - Weak,2/4,0
MSME111594,30.1,26.1,,,28.4,D - High Risk,2/4,1
MSME111595,68.6,67.4,80.0,,72.1,B - Moderate,3/4,0
MSME111596,,25.5,,,25.5,D - High Risk,1/4,0
MSME111597,,53.3,,,53.3,C - Weak,1/4,0
MSME111598,,64.9,71.7,,68.6,B - Moderate,2/4,0
MSME111599,,51.5,,,51.5,C - Weak,1/4,0
MSME111600,38.9,,,,38.9,C - Weak,1/4,0
MSME111601,,46.7,,,46.7,C - Weak,1/4,0
MSME111602,,89.3,,,89.3,A - Strong,1/4,0
MSME111603,,62.8,76.3,,70.2,B - Moderate,2/4,0
MSME111604,,45.4,50.1,,48.0,C - Weak,2/4,0
MSME111605,,25.2,,,25.2,D - High Risk,1/4,1
MSME111606,,55.8,56.5,,56.2,B - Moderate,2/4,0
MSME111607,,,17.5,,17.5,D - High Risk,1/4,0
MSME111608,68.0,68.7,44.4,,60.3,B - Moderate,3/4,0
MSME111609,79.9,72.3,66.4,,73.3,B - Moderate,3/4,0
MSME111610,69.5,55.0,,,63.5,B - Moderate,2/4,0
MSME111611,,51.9,,,51.9,C - Weak,1/4,0
MSME111612,,44.0,,,44.0,C - Weak,1/4,0
MSME111613,50.7,53.6,49.2,49.9,50.9,C - Weak,4/4,0
MSME111614,,45.4,,,45.4,C - Weak,1/4,0
MSME111615,34.6,32.3,,,33.6,D - High Risk,2/4,1
MSME111616,83.5,86.7,54.1,,74.6,B - Moderate,3/4,0
MSME111617,,,,,,Unscoreable,0/4,0
MSME111618,,63.6,,,63.6,B - Moderate,1/4,1
MSME111619,43.7,49.1,,,46.0,C - Weak,2/4,0
MSME111620,40.3,51.2,29.8,,39.8,C - Weak,3/4,0
MSME111621,,28.4,,,28.4,D - High Risk,1/4,0
MSME111622,,86.2,,,86.2,A - Strong,1/4,0
MSME111623,65.7,,72.4,,68.8,B - Moderate,2/4,0
MSME111624,58.4,62.1,,48.5,58.3,B - Moderate,3/4,0
MSME111625,54.2,63.1,41.0,,52.3,C - Weak,3/4,0
MSME111626,76.9,68.3,,,73.3,B - Moderate,2/4,0
MSME111627,87.1,89.1,86.5,86.0,87.3,A - Strong,4/4,0
MSME111628,50.3,47.3,,,49.0,C - Weak,2/4,0
MSME111629,,,,,,Unscoreable,0/4,0
MSME111630,46.5,60.2,,,52.2,C - Weak,2/4,0
MSME111631,66.2,76.0,,,70.3,B - Moderate,2/4,0
MSME111632,62.3,,64.3,54.0,62.0,B - Moderate,3/4,0
MSME111633,,32.9,,,32.9,D - High Risk,1/4,0
MSME111634,,,,,,Unscoreable,0/4,0
MSME111635,78.6,80.7,80.1,,79.7,A - Strong,3/4,0
MSME111636,,80.0,78.6,63.2,76.8,A - Strong,3/4,0
MSME111637,,39.4,,43.1,40.5,C - Weak,2/4,0
MSME111638,74.2,84.7,72.4,,76.5,A - Strong,3/4,0
MSME111639,34.7,36.8,,,35.6,C - Weak,2/4,0
MSME111640,78.9,90.5,85.2,,84.2,A - Strong,3/4,0
MSME111641,59.9,64.5,84.7,,69.4,B - Moderate,3/4,0
MSME111642,,53.0,27.4,39.9,39.2,C - Weak,3/4,0
MSME111643,75.2,68.5,,,72.4,B - Moderate,2/4,0
MSME111644,,59.0,51.8,,55.1,B - Moderate,2/4,0
MSME111645,,81.9,,,81.9,A - Strong,1/4,0
MSME111646,,25.8,33.7,,30.1,D - High Risk,2/4,1
MSME111647,,38.9,,,38.9,C - Weak,1/4,0
MSME111648,44.2,43.5,28.7,,38.8,C - Weak,3/4,0
MSME111649,,60.3,46.2,,52.6,C - Weak,2/4,0
MSME111650,20.5,23.1,24.5,,22.6,D - High Risk,3/4,0
MSME111651,80.0,89.5,86.8,,84.9,A - Strong,3/4,0
MSME111652,,66.7,,,66.7,B - Moderate,1/4,0
MSME111653,,46.1,35.5,,40.3,C - Weak,2/4,0
MSME111654,,27.1,20.5,,23.5,D - High Risk,2/4,0
MSME111655,,86.5,84.8,,85.6,A - Strong,2/4,0
MSME111656,,,58.5,,58.5,B - Moderate,1/4,0
MSME111657,44.6,48.3,,,46.1,C - Weak,2/4,0
MSME111658,74.0,71.7,57.2,,67.8,B - Moderate,3/4,0
MSME111659,71.2,72.3,57.0,51.2,65.2,B - Moderate,4/4,0
MSME111660,81.8,,,,81.8,A - Strong,1/4,0
MSME111661,,48.5,73.6,,62.2,B - Moderate,2/4,0
MSME111662,,64.4,,,64.4,B - Moderate,1/4,0
MSME111663,,22.9,,,22.9,D - High Risk,1/4,1
MSME111664,70.4,,79.1,,74.4,B - Moderate,2/4,0
MSME111665,76.6,90.0,66.9,,77.1,A - Strong,3/4,0
MSME111666,72.9,,,72.0,72.7,B - Moderate,2/4,0
MSME111667,48.1,53.0,,22.3,46.2,C - Weak,3/4,1
MSME111668,,,,,,Unscoreable,0/4,0
MSME111669,,,59.5,64.4,60.7,B - Moderate,2/4,0
MSME111670,,54.3,,,54.3,C - Weak,1/4,0
MSME111671,41.9,57.1,59.5,,52.0,C - Weak,3/4,0
MSME111672,,21.4,,,21.4,D - High Risk,1/4,0
MSME111673,76.5,85.6,,,80.3,A - Strong,2/4,0
MSME111674,60.8,54.7,78.3,,64.9,B - Moderate,3/4,0
MSME111675,55.6,51.1,,,53.7,C - Weak,2/4,0
MSME111676,90.4,91.4,,,90.8,A - Strong,2/4,0
MSME111677,,,88.9,89.2,89.0,A - Strong,2/4,0
MSME111678,,68.7,,,68.7,B - Moderate,1/4,0
MSME111679,84.2,77.8,89.3,,84.1,A - Strong,3/4,0
MSME111680,,52.4,,,52.4,C - Weak,1/4,0
MSME111681,,54.7,,,54.7,C - Weak,1/4,0
MSME111682,87.9,90.9,84.0,,87.4,A - Strong,3/4,0
MSME111683,87.9,92.1,86.7,,88.7,A - Strong,3/4,0
MSME111684,27.8,30.3,29.4,,29.0,D - High Risk,3/4,0
MSME111685,,,73.6,80.0,75.2,A - Strong,2/4,0
MSME111686,48.7,43.0,37.7,,43.5,C - Weak,3/4,0
MSME111687,,38.8,,,38.8,C - Weak,1/4,0
MSME111688,22.8,33.6,21.3,,25.3,D - High Risk,3/4,1
MSME111689,,,61.3,,61.3,B - Moderate,1/4,0
MSME111690,49.7,64.3,39.9,,50.5,C - Weak,3/4,0
MSME111691,77.2,83.7,75.7,91.1,79.8,A - Strong,4/4,0
MSME111692,77.1,90.1,77.4,,80.8,A - Strong,3/4,0
MSME111693,19.3,,,,19.3,D - High Risk,1/4,1
MSME111694,67.2,64.2,57.3,75.3,64.3,B - Moderate,4/4,0
MSME111695,33.8,,,,33.8,D - High Risk,1/4,0
MSME111696,81.7,93.5,83.4,,85.5,A - Strong,3/4,0
MSME111697,,,46.1,,46.1,C - Weak,1/4,0
MSME111698,89.7,84.5,90.7,92.7,89.0,A - Strong,4/4,0
MSME111699,80.8,,,86.4,82.0,A - Strong,2/4,0
MSME111700,69.3,73.5,75.0,,72.4,B - Moderate,3/4,0
MSME111701,52.2,73.1,,,60.9,B - Moderate,2/4,0
MSME111702,,34.0,39.6,,37.1,C - Weak,2/4,0
MSME111703,,80.1,82.5,,81.4,A - Strong,2/4,0
MSME111704,15.9,25.2,,,19.8,D - High Risk,2/4,1
MSME111705,,58.4,,,58.4,B - Moderate,1/4,0
MSME111706,,27.7,,,27.7,D - High Risk,1/4,0
MSME111707,63.6,58.0,,,61.3,B - Moderate,2/4,0
MSME111708,,64.9,52.0,,57.9,B - Moderate,2/4,0
MSME111709,74.7,85.9,,,79.4,A - Strong,2/4,0
MSME111710,,,,,,Unscoreable,0/4,0
MSME111711,67.6,80.7,,,73.1,B - Moderate,2/4,0
MSME111712,27.7,48.2,,,36.2,C - Weak,2/4,0
MSME111713,,25.7,32.0,,29.1,D - High Risk,2/4,0
MSME111714,85.4,91.8,,85.3,87.7,A - Strong,3/4,0
MSME111715,31.2,35.1,24.2,,30.0,D - High Risk,3/4,0
MSME111716,69.9,71.5,64.6,70.4,68.8,B - Moderate,4/4,0
MSME111717,89.9,91.2,,,90.4,A - Strong,2/4,0
MSME111718,80.1,76.8,77.2,,78.2,A - Strong,3/4,0
MSME111719,64.9,,68.8,,66.7,B - Moderate,2/4,0
MSME111720,90.6,90.6,,,90.6,A - Strong,2/4,0
MSME111721,,87.8,,,87.8,A - Strong,1/4,0
MSME111722,,20.4,,,20.4,D - High Risk,1/4,1
MSME111723,78.3,85.0,72.1,,78.1,A - Strong,3/4,0
MSME111724,85.3,92.0,,68.1,85.2,A - Strong,3/4,0
MSME111725,,58.4,,,58.4,B - Moderate,1/4,0
MSME111726,,51.5,61.4,,56.9,B - Moderate,2/4,1
MSME111727,37.2,,79.9,,56.9,B - Moderate,2/4,1
MSME111728,,82.2,88.7,,85.7,A - Strong,2/4,0
MSME111729,72.1,77.2,84.8,,77.8,A - Strong,3/4,0
MSME111730,,,54.6,50.3,53.5,C - Weak,2/4,0
MSME111731,36.6,50.3,31.1,,38.6,C - Weak,3/4,1
MSME111732,85.1,77.1,,91.9,83.2,A - Strong,3/4,0
MSME111733,52.6,63.6,68.3,,60.9,B - Moderate,3/4,0
MSME111734,79.8,,,,79.8,A - Strong,1/4,0
MSME111735,72.4,,,,72.4,B - Moderate,1/4,0
MSME111736,83.1,85.8,,75.3,83.0,A - Strong,3/4,0
MSME111737,64.6,,,49.7,61.3,B - Moderate,2/4,0
MSME111738,73.2,,78.7,,75.7,A - Strong,2/4,0
MSME111739,,43.8,53.5,,49.1,C - Weak,2/4,0
MSME111740,,78.6,,,78.6,A - Strong,1/4,0
MSME111741,27.0,36.4,,33.4,31.3,D - High Risk,3/4,0
MSME111742,,,59.2,35.7,53.3,C - Weak,2/4,0
MSME111743,,32.4,21.4,,26.4,D - High Risk,2/4,0
MSME111744,61.2,47.4,,,55.4,B - Moderate,2/4,0
MSME111745,,83.0,79.3,,81.0,A - Strong,2/4,0
MSME111746,60.6,59.9,77.1,,65.9,B - Moderate,3/4,0
MSME111747,60.8,54.2,,,58.0,B - Moderate,2/4,0
MSME111748,,63.5,54.4,,58.5,B - Moderate,2/4,0
MSME111749,,69.7,64.3,,66.8,B - Moderate,2/4,0
MSME111750,81.4,91.2,,,85.5,A - Strong,2/4,0
MSME111751,39.6,47.5,,,42.9,C - Weak,2/4,0
MSME111752,,,67.8,78.8,70.5,B - Moderate,2/4,0
MSME111753,,34.5,22.7,,28.1,D - High Risk,2/4,0
MSME111754,,79.2,89.1,92.8,85.9,A - Strong,3/4,0
MSME111755,,,68.4,76.8,70.5,B - Moderate,2/4,0
MSME111756,82.5,92.4,77.7,88.8,84.2,A - Strong,4/4,0
MSME111757,,,,,,Unscoreable,0/4,0
MSME111758,,41.6,39.8,,40.6,C - Weak,2/4,0
MSME111759,47.6,54.6,,,50.5,C - Weak,2/4,0
MSME111760,,85.8,,,85.8,A - Strong,1/4,0
MSME111761,52.0,56.0,53.0,42.2,52.3,C - Weak,4/4,0
MSME111762,53.2,61.7,,,56.7,B - Moderate,2/4,0
MSME111763,84.9,92.6,,77.2,86.5,A - Strong,3/4,0
MSME111764,,,,33.1,33.1,D - High Risk,1/4,0
MSME111765,,24.1,,23.0,23.8,D - High Risk,2/4,1
MSME111766,69.5,68.4,83.9,,74.0,B - Moderate,3/4,0
MSME111767,63.7,87.4,,,73.6,B - Moderate,2/4,0
MSME111768,,,,,,Unscoreable,0/4,0
MSME111769,36.6,29.2,,,33.5,D - High Risk,2/4,0
MSME111770,87.2,89.7,,,88.2,A - Strong,2/4,0
MSME111771,,49.2,,,49.2,C - Weak,1/4,0
MSME111772,67.9,69.2,,,68.4,B - Moderate,2/4,0
MSME111773,87.8,89.7,,,88.6,A - Strong,2/4,0
MSME111774,,23.4,22.4,,22.9,D - High Risk,2/4,1
MSME111775,,67.2,84.1,,76.4,A - Strong,2/4,1
MSME111776,72.2,,83.9,,77.6,A - Strong,2/4,0
MSME111777,,82.4,85.8,,84.3,A - Strong,2/4,0
MSME111778,,59.1,54.6,,56.6,B - Moderate,2/4,0
MSME111779,77.4,,,87.4,79.6,A - Strong,2/4,0
MSME111780,71.5,63.9,74.3,,70.3,B - Moderate,3/4,0
MSME111781,79.3,81.7,,,80.3,A - Strong,2/4,0
MSME111782,,44.9,28.6,29.8,35.1,C - Weak,3/4,1
MSME111783,73.5,,78.9,,76.0,A - Strong,2/4,0
MSME111784,,,88.8,,88.8,A - Strong,1/4,0
MSME111785,,23.1,,,23.1,D - High Risk,1/4,0
MSME111786,68.2,,,,68.2,B - Moderate,1/4,0
MSME111787,39.9,,,,39.9,C - Weak,1/4,0
MSME111788,68.3,,72.2,64.8,69.4,B - Moderate,3/4,0
MSME111789,,20.2,25.6,,23.1,D - High Risk,2/4,0
MSME111790,68.7,83.0,59.3,,69.5,B - Moderate,3/4,0
MSME111791,84.4,88.6,90.5,90.3,87.9,A - Strong,4/4,0
MSME111792,62.0,,,,62.0,B - Moderate,1/4,0
MSME111793,,70.8,,90.6,76.5,A - Strong,2/4,0
MSME111794,,22.7,,,22.7,D - High Risk,1/4,0
MSME111795,79.4,86.0,87.2,,83.8,A - Strong,3/4,0
MSME111796,33.6,65.9,45.9,,46.7,C - Weak,3/4,0
MSME111797,,82.8,,,82.8,A - Strong,1/4,0
MSME111798,77.1,68.0,,,73.3,B - Moderate,2/4,0
MSME111799,70.4,83.0,,,75.7,A - Strong,2/4,0
MSME111800,47.3,,,,47.3,C - Weak,1/4,0
MSME111801,,82.1,80.1,,81.0,A - Strong,2/4,0
MSME111802,87.0,,91.1,94.7,89.7,A - Strong,3/4,0
MSME111803,,,80.4,,80.4,A - Strong,1/4,0
MSME111804,68.1,,78.2,,72.8,B - Moderate,2/4,0
MSME111805,89.7,88.9,92.3,91.7,90.5,A - Strong,4/4,0
MSME111806,,29.4,,,29.4,D - High Risk,1/4,1
MSME111807,54.8,70.5,75.9,78.7,67.4,B - Moderate,4/4,0
MSME111808,73.1,,,74.3,73.4,B - Moderate,2/4,0
MSME111809,34.8,76.3,,,52.1,C - Weak,2/4,0
MSME111810,28.8,29.1,20.3,,26.1,D - High Risk,3/4,0
MSME111811,,66.3,,,66.3,B - Moderate,1/4,0
MSME111812,,85.7,67.3,,75.7,A - Strong,2/4,0
MSME111813,64.0,81.5,,,71.3,B - Moderate,2/4,0
MSME111814,,25.2,34.0,,30.0,D - High Risk,2/4,0
MSME111815,,,,18.8,18.8,D - High Risk,1/4,0
MSME111816,58.0,74.6,,,64.9,B - Moderate,2/4,0
MSME111817,59.1,61.2,,,60.0,B - Moderate,2/4,0
MSME111818,,64.9,49.8,,56.7,B - Moderate,2/4,0
MSME111819,69.2,62.3,,,66.3,B - Moderate,2/4,0
MSME111820,,,56.7,57.3,56.9,B - Moderate,2/4,0
MSME111821,,42.7,39.7,,41.1,C - Weak,2/4,1
MSME111822,54.5,,,,54.5,C - Weak,1/4,0
MSME111823,82.7,93.1,,60.8,83.3,A - Strong,3/4,0
MSME111824,,,70.0,,70.0,B - Moderate,1/4,0
MSME111825,19.8,41.1,,,28.7,D - High Risk,2/4,0
MSME111826,73.6,74.1,,,73.8,B - Moderate,2/4,0
MSME111827,50.7,63.9,,,56.2,B - Moderate,2/4,0
MSME111828,75.5,81.1,,,77.8,A - Strong,2/4,0
MSME111829,,83.0,84.9,,84.0,A - Strong,2/4,0
MSME111830,,61.2,50.5,,55.4,B - Moderate,2/4,0
MSME111831,76.6,84.8,65.2,,75.1,A - Strong,3/4,0
MSME111832,46.6,65.0,,,54.3,C - Weak,2/4,0
MSME111833,49.1,45.6,,,47.6,C - Weak,2/4,1
MSME111834,,82.6,,,82.6,A - Strong,1/4,0
MSME111835,,53.8,,,53.8,C - Weak,1/4,0
MSME111836,17.5,25.8,22.7,,21.5,D - High Risk,3/4,1
MSME111837,78.0,81.9,77.7,86.9,79.8,A - Strong,4/4,0
MSME111838,49.4,47.8,42.7,45.9,46.6,C - Weak,4/4,0
MSME111839,45.5,58.6,60.5,67.0,55.4,B - Moderate,4/4,0
MSME111840,,,48.8,62.4,52.2,C - Weak,2/4,0
MSME111841,63.1,,,69.9,64.6,B - Moderate,2/4,0
MSME111842,66.9,,63.8,,65.5,B - Moderate,2/4,0
MSME111843,65.3,70.8,,,67.6,B - Moderate,2/4,0
MSME111844,,34.8,45.2,,40.5,C - Weak,2/4,0
MSME111845,,,67.0,,67.0,B - Moderate,1/4,0
MSME111846,69.6,,,,69.6,B - Moderate,1/4,0
MSME111847,82.7,89.8,75.6,,82.3,A - Strong,3/4,0
MSME111848,,34.8,28.6,,31.4,D - High Risk,2/4,0
MSME111849,71.5,79.6,82.1,,77.3,A - Strong,3/4,0
MSME111850,,23.6,,,23.6,D - High Risk,1/4,1
MSME111851,41.4,50.1,,,45.0,C - Weak,2/4,0
MSME111852,,63.0,41.4,,51.2,C - Weak,2/4,0
MSME111853,86.5,92.1,,88.9,88.8,A - Strong,3/4,0
MSME111854,50.1,56.7,54.2,,53.3,C - Weak,3/4,0
MSME111855,,52.8,,,52.8,C - Weak,1/4,0
MSME111856,,44.9,43.4,,44.1,C - Weak,2/4,0
MSME111857,,48.6,,,48.6,C - Weak,1/4,1
MSME111858,,,33.9,,33.9,D - High Risk,1/4,0
MSME111859,,34.4,56.3,,46.3,C - Weak,2/4,0
MSME111860,71.8,,,65.1,70.3,B - Moderate,2/4,0
MSME111861,74.5,87.1,74.8,79.2,78.2,A - Strong,4/4,0
MSME111862,83.6,93.7,89.1,94.2,88.8,A - Strong,4/4,0
MSME111863,45.0,38.7,,,42.4,C - Weak,2/4,0
MSME111864,,52.1,36.3,,43.5,C - Weak,2/4,0
MSME111865,,67.0,61.3,,63.9,B - Moderate,2/4,0
MSME111866,,32.0,,,32.0,D - High Risk,1/4,0
MSME111867,76.6,,,,76.6,A - Strong,1/4,0
MSME111868,,67.9,,,67.9,B - Moderate,1/4,0
MSME111869,86.2,84.8,78.1,84.6,83.3,A - Strong,4/4,0
MSME111870,19.7,,,,19.7,D - High Risk,1/4,1
MSME111871,,58.0,,,58.0,B - Moderate,1/4,0
MSME111872,23.0,28.8,,27.3,25.7,D - High Risk,3/4,0
MSME111873,34.6,37.2,,,35.7,C - Weak,2/4,1
MSME111874,89.5,92.4,79.1,89.9,87.1,A - Strong,4/4,0
MSME111875,,59.8,,,59.8,B - Moderate,1/4,0
MSME111876,51.1,70.4,,53.2,58.3,B - Moderate,3/4,0
MSME111877,72.0,71.8,,,71.9,B - Moderate,2/4,0
MSME111878,,49.9,49.5,,49.7,C - Weak,2/4,0
MSME111879,68.2,49.0,47.3,59.4,56.2,B - Moderate,4/4,0
MSME111880,82.0,84.7,,,83.1,A - Strong,2/4,0
MSME111881,65.8,,67.9,,66.8,B - Moderate,2/4,0
MSME111882,37.6,,,,37.6,C - Weak,1/4,0
MSME111883,,46.8,,49.3,47.5,C - Weak,2/4,0
MSME111884,,37.7,,,37.7,C - Weak,1/4,0
MSME111885,,59.7,,,59.7,B - Moderate,1/4,0
MSME111886,74.2,78.2,,,75.9,A - Strong,2/4,0
MSME111887,,54.9,36.2,,44.7,C - Weak,2/4,0
MSME111888,,25.3,,62.9,36.0,C - Weak,2/4,0
MSME111889,66.2,63.8,,,65.2,B - Moderate,2/4,0
MSME111890,86.2,92.9,91.7,,89.9,A - Strong,3/4,0
MSME111891,,26.1,35.9,,31.4,D - High Risk,2/4,0
MSME111892,,56.6,58.0,,57.4,B - Moderate,2/4,0
MSME111893,90.4,93.5,,84.0,90.6,A - Strong,3/4,0
MSME111894,39.5,31.7,69.8,,47.4,C - Weak,3/4,0
MSME111895,56.0,60.2,,,57.8,B - Moderate,2/4,1
MSME111896,,34.9,,,34.9,D - High Risk,1/4,0
MSME111897,91.1,91.6,,88.5,90.9,A - Strong,3/4,0
MSME111898,,59.5,,,59.5,B - Moderate,1/4,1
MSME111899,90.3,91.6,,,90.8,A - Strong,2/4,0
MSME111900,88.8,93.8,,,90.9,A - Strong,2/4,0
MSME111901,42.5,51.4,,,46.2,C - Weak,2/4,1
MSME111902,74.2,78.8,82.8,,78.3,A - Strong,3/4,0
MSME111903,,,40.2,,40.2,C - Weak,1/4,0
MSME111904,45.4,,72.7,64.1,58.8,B - Moderate,3/4,0
MSME111905,88.3,86.5,83.9,80.7,85.8,A - Strong,4/4,0
MSME111906,,,66.2,,66.2,B - Moderate,1/4,1
MSME111907,80.8,82.3,69.9,60.8,75.9,A - Strong,4/4,0
MSME111908,,79.3,,,79.3,A - Strong,1/4,0
MSME111909,,20.7,,,20.7,D - High Risk,1/4,1
MSME111910,55.8,,,47.4,53.9,C - Weak,2/4,0
MSME111911,39.4,,,,39.4,C - Weak,1/4,0
MSME111912,,68.3,68.4,90.7,71.8,B - Moderate,3/4,0
MSME111913,,67.2,,,67.2,B - Moderate,1/4,1
MSME111914,,27.1,,48.0,33.1,D - High Risk,2/4,0
MSME111915,,59.7,63.3,,61.7,B - Moderate,2/4,0
MSME111916,68.6,,,,68.6,B - Moderate,1/4,0
MSME111917,42.8,56.2,,37.1,46.8,C - Weak,3/4,0
MSME111918,57.2,,68.9,,62.6,B - Moderate,2/4,1
MSME111919,,43.8,53.0,,48.8,C - Weak,2/4,0
MSME111920,42.7,,31.3,,37.4,C - Weak,2/4,1
MSME111921,,,,,,Unscoreable,0/4,0
MSME111922,,,,,,Unscoreable,0/4,0
MSME111923,81.6,90.0,80.7,,83.6,A - Strong,3/4,0
MSME111924,34.3,45.3,57.7,,45.2,C - Weak,3/4,0
MSME111925,,41.8,55.7,83.1,54.6,C - Weak,3/4,0
MSME111926,62.7,73.4,,,67.2,B - Moderate,2/4,0
MSME111927,83.6,84.9,,,84.1,A - Strong,2/4,0
MSME111928,58.4,68.7,,,62.7,B - Moderate,2/4,0
MSME111929,,,45.2,,45.2,C - Weak,1/4,0
MSME111930,71.4,,,84.4,74.3,B - Moderate,2/4,0
MSME111931,,26.9,22.0,,24.2,D - High Risk,2/4,1
MSME111932,80.2,87.1,75.7,88.8,81.4,A - Strong,4/4,0
MSME111933,75.2,82.9,77.3,,78.0,A - Strong,3/4,0
MSME111934,70.3,69.4,64.3,,68.1,B - Moderate,3/4,0
MSME111935,30.3,,,,30.3,D - High Risk,1/4,0
MSME111936,,,,25.0,25.0,D - High Risk,1/4,0
MSME111937,89.2,92.4,88.6,84.7,89.4,A - Strong,4/4,0
MSME111938,,27.5,,,27.5,D - High Risk,1/4,0
MSME111939,53.0,80.1,,49.4,62.2,B - Moderate,3/4,0
MSME111940,59.4,75.9,,62.7,65.8,B - Moderate,3/4,0
MSME111941,,55.4,,,55.4,B - Moderate,1/4,0
MSME111942,79.0,73.0,74.1,,75.7,A - Strong,3/4,0
MSME111943,64.9,77.1,,,70.0,B - Moderate,2/4,0
MSME111944,,82.3,82.3,,82.3,A - Strong,2/4,0
MSME111945,79.5,92.7,78.4,81.1,82.6,A - Strong,4/4,0
MSME111946,,33.8,29.2,,31.3,D - High Risk,2/4,0
MSME111947,,36.1,,,36.1,C - Weak,1/4,0
MSME111948,80.4,91.2,82.7,,84.2,A - Strong,3/4,0
MSME111949,78.2,79.4,,,78.7,A - Strong,2/4,0
MSME111950,21.3,25.7,18.4,,21.6,D - High Risk,3/4,1
MSME111951,18.5,26.2,,,21.7,D - High Risk,2/4,1
MSME111952,53.6,70.7,,,60.7,B - Moderate,2/4,0
MSME111953,,47.3,54.2,,51.1,C - Weak,2/4,0
MSME111954,77.1,,,75.5,76.7,A - Strong,2/4,0
MSME111955,24.2,,18.1,,21.4,D - High Risk,2/4,0
MSME111956,67.6,76.4,70.4,75.1,71.4,B - Moderate,4/4,0
MSME111957,,48.6,,,48.6,C - Weak,1/4,1
MSME111958,35.4,61.2,,35.8,44.7,C - Weak,3/4,0
MSME111959,35.4,37.4,,,36.2,C - Weak,2/4,0
MSME111960,,24.5,,,24.5,D - High Risk,1/4,0
MSME111961,90.8,93.2,92.4,,92.0,A - Strong,3/4,0
MSME111962,,37.1,30.8,28.3,32.8,D - High Risk,3/4,0
MSME111963,70.6,82.5,,,75.6,A - Strong,2/4,0
MSME111964,,59.5,74.5,,67.7,B - Moderate,2/4,0
MSME111965,,,,,,Unscoreable,0/4,0
MSME111966,,30.1,36.3,,33.5,D - High Risk,2/4,0
MSME111967,,40.7,,,40.7,C - Weak,1/4,1
MSME111968,59.7,77.8,,,67.2,B - Moderate,2/4,0
MSME111969,,77.1,88.4,,83.3,A - Strong,2/4,0
MSME111970,,59.8,,,59.8,B - Moderate,1/4,0
MSME111971,,80.7,73.1,,76.6,A - Strong,2/4,0
MSME111972,,,,66.2,66.2,B - Moderate,1/4,0
MSME111973,83.7,89.9,,,86.3,A - Strong,2/4,0
MSME111974,59.7,74.7,71.5,,67.8,B - Moderate,3/4,0
MSME111975,33.2,26.3,19.1,,26.6,D - High Risk,3/4,0
MSME111976,,76.0,,,76.0,A - Strong,1/4,0
MSME111977,,43.2,38.5,51.2,42.3,C - Weak,3/4,0
MSME111978,,24.2,,,24.2,D - High Risk,1/4,1
MSME111979,67.8,,,,67.8,B - Moderate,1/4,0
MSME111980,24.8,31.3,,,27.5,D - High Risk,2/4,1
MSME111981,24.2,24.0,,,24.1,D - High Risk,2/4,1
MSME111982,46.4,68.5,,70.3,57.7,B - Moderate,3/4,0
MSME111983,,24.3,,,24.3,D - High Risk,1/4,0
MSME111984,85.7,89.7,73.2,,82.6,A - Strong,3/4,0
MSME111985,,68.5,,,68.5,B - Moderate,1/4,0
MSME111986,,29.3,,,29.3,D - High Risk,1/4,0
MSME111987,47.8,52.3,,,49.7,C - Weak,2/4,0
MSME111988,30.1,,,28.3,29.7,D - High Risk,2/4,1
MSME111989,37.1,,,21.7,33.7,D - High Risk,2/4,0
MSME111990,70.5,,,,70.5,B - Moderate,1/4,0
MSME111991,67.8,60.0,37.7,38.7,53.9,C - Weak,4/4,0
MSME111992,79.3,,80.7,,79.9,A - Strong,2/4,0
MSME111993,,58.0,,,58.0,B - Moderate,1/4,0
MSME111994,,48.4,41.9,,44.9,C - Weak,2/4,0
MSME111995,36.1,,,,36.1,C - Weak,1/4,1
MSME111996,81.5,82.9,,,82.1,A - Strong,2/4,0
MSME111997,51.8,61.3,61.6,,57.7,B - Moderate,3/4,0
MSME111998,50.6,73.1,,,60.0,B - Moderate,2/4,1
MSME111999,,43.2,36.6,,39.6,C - Weak,2/4,0
